{"type":"FeatureCollection","name":"pict_gum_adm0","properties":{"country_id":"gum","country_iso3":"GUM","country_name":"Guam","admin_level":"adm0","source":"geoBoundaries gbOpen"},"features":[{"type":"Feature","properties":{"shapeName":"Guam","shapeISO":"GUM","shapeID":"54299874B37751202631168","shapeGroup":"GUM","shapeType":"ADM0","country_id":"gum","country_iso3":"GUM","country_name":"Guam","admin_level":"adm0","admin_id":"gum_adm0_54299874b37751202631168","admin_name":"Guam"},"geometry":{"type":"MultiPolygon","coordinates":[[[[144.70880689195155,13.243351874301936],[144.70869883533453,13.244009644560151],[144.70864771295282,13.244510823739176],[144.70831325721667,13.24468004737588],[144.7082081065264,13.243853360522337],[144.70833950925044,13.243740149997109],[144.70856572195146,13.243316257507445],[144.70880689195155,13.243351874301936]]],[[[144.71746318758665,13.247192873632628],[144.71784091421887,13.247888453837618],[144.7178032358613,13.248143429731897],[144.71749154504687,13.248360683405451],[144.71717943753333,13.247956353834923],[144.71692231234965,13.247328103407767],[144.7168343669399,13.247020667308789],[144.7173226613487,13.24697408475248],[144.71746318758665,13.247192873632628]]],[[[144.74642807414705,13.270959100854782],[144.74633233208033,13.270762506676533],[144.7465029703003,13.27056876359643],[144.7466387264319,13.270848127344948],[144.74642807414705,13.270959100854782]]],[[[144.74642807414705,13.270959100854782],[144.74642807414705,13.271048932375834],[144.7463130213738,13.271004016615336],[144.74642807414705,13.270959100854782]]],[[[144.63299920964062,13.341691883415649],[144.63284108335483,13.341539634778314],[144.63306069466728,13.341476844826047],[144.63299920964062,13.341691883415649]]],[[[144.700613998446,13.351448143654977],[144.70048118113868,13.351496919363626],[144.69998517779914,13.351448143654977],[144.69980551475714,13.351448143654977],[144.699508550961,13.351412965491136],[144.69962585171515,13.351358312134096],[144.69962585171515,13.351268480613044],[144.69971568323626,13.351268480613044],[144.69980551475714,13.351268480613044],[144.69980551475714,13.351178649092162],[144.69989534627803,13.351178649092162],[144.6999320377173,13.351125509010103],[144.70008711552123,13.351018439311588],[144.70041134020153,13.351154612142125],[144.700613998446,13.351448143654977]]],[[[144.700613998446,13.351448143654977],[144.7007038299671,13.351448143654977],[144.7007038299671,13.35153797517603],[144.700613998446,13.35153797517603],[144.700613998446,13.351448143654977]]],[[[144.63791159680022,13.358455002291578],[144.63768847096117,13.358404318540352],[144.63754429312462,13.35842225852673],[144.63696320095607,13.35769661020288],[144.63643453061218,13.357273244069802],[144.63634451267342,13.357042020015683],[144.63674378702763,13.356927866434887],[144.63697333332004,13.356967803739508],[144.63776854295418,13.357557717863472],[144.63823074159154,13.358134889772145],[144.63831087115466,13.358385523224626],[144.63791159680022,13.358455002291578]]],[[[144.65099751741297,13.377457044625316],[144.6508948120878,13.377535976179047],[144.65054114981967,13.377278039529074],[144.6508473358217,13.377229790177012],[144.65099751741297,13.377457044625316]]],[[[144.64750874657682,13.380658213684228],[144.64766829292864,13.38077256464885],[144.64764834072514,13.380873537383707],[144.6477736738999,13.380963368904816],[144.64774053810913,13.38113105733487],[144.64725951948333,13.381219880005688],[144.64712673781446,13.380634549570175],[144.64743373802435,13.380553556453265],[144.64750874657682,13.380658213684228]]],[[[144.64738629465603,13.413299667976617],[144.64800865646896,13.413538918968413],[144.64810494682365,13.413749615116444],[144.64711619697596,13.41463306075309],[144.6465251999831,13.414731928061883],[144.64640320314118,13.413865150383117],[144.646690366288,13.413454043971797],[144.64734390650335,13.41325223009079],[144.64738629465603,13.413299667976617]]],[[[144.6300064229539,13.445950903728544],[144.62997567221612,13.446060429757665],[144.6298968969246,13.445981651724708],[144.6300064229539,13.445950903728544]]],[[[144.62092319183023,13.44772536137765],[144.62109226194616,13.447914586564082],[144.62096841051982,13.448259744883615],[144.62059468913208,13.44823748438705],[144.61975817421444,13.447653162801828],[144.61905412981218,13.447803591122636],[144.61867306273473,13.44778087006415],[144.61846559874505,13.447500914164266],[144.61886149427403,13.446934137797996],[144.61931647195695,13.446849218938326],[144.61935886148012,13.446896656823924],[144.62014027481507,13.447333401186597],[144.6203520606855,13.447430601699466],[144.62052667125272,13.44752547747089],[144.62071138676959,13.4476102647414],[144.62092319183023,13.44772536137765]]],[[[144.62497585777896,13.455293381910735],[144.62486633312028,13.455262633914401],[144.62494510567035,13.455183855881444],[144.62497585777896,13.455293381910735]]],[[[144.62497585777896,13.455293381910735],[144.62506568929984,13.455293381910735],[144.62506568929984,13.455383213431617],[144.62497585777896,13.455383213431617],[144.62497585777896,13.455293381910735]]],[[[144.68192904208183,13.458796811228922],[144.68215695995855,13.458838393397912],[144.6832554441852,13.458937348432698],[144.68340792310357,13.45931242135066],[144.68327651489642,13.459425631875888],[144.68327651489642,13.459784957959755],[144.6822883681656,13.459784957959755],[144.6821985366447,13.459784957959755],[144.6821985366447,13.459695126438703],[144.6821087051236,13.459695126438703],[144.68192904208183,13.459695126438703],[144.68192904208183,13.459605294917822],[144.6818392105606,13.459605294917822],[144.6818392105606,13.45951546339677],[144.6818392105606,13.459425631875888],[144.68165954751862,13.459425631875888],[144.68165954751862,13.45933580035478],[144.68156971599774,13.45933580035478],[144.68147988447686,13.45933580035478],[144.68147988447686,13.459245968833898],[144.6812288398081,13.459120081887875],[144.68130022143475,13.458976474270912],[144.68137360431297,13.458870194107192],[144.68165954751862,13.458796811228922],[144.68192904208183,13.458796811228922]]],[[[144.62506568929984,13.455383213431617],[144.62529279433954,13.4554256070669],[144.62558698516887,13.455631105443786],[144.62591656251175,13.456149303485233],[144.62631164246204,13.45665912368463],[144.62664026715447,13.45695274292359],[144.6267250462006,13.457047618695015],[144.62681993019623,13.457132405965524],[144.62690470924258,13.457227281736948],[144.62727419373414,13.45755741696297],[144.6277182467768,13.45776122661249],[144.62789285460258,13.457856102383914],[144.6282823310487,13.457946723439818],[144.62878611733765,13.458220494649765],[144.6291555511125,13.4583900472594],[144.62996846771068,13.458831792009335],[144.63088268601655,13.459044505857321],[144.63164006925535,13.459512721956457],[144.63202023576957,13.459938193515768],[144.63260071385548,13.460390947890573],[144.63300333002553,13.460841574907477],[144.63400645324555,13.461623982014771],[144.63498584655713,13.462493961695941],[144.63503698812883,13.46265956663126],[144.63462940446846,13.46243832142045],[144.63448750751024,13.462273615677532],[144.6338209207796,13.46180950077354],[144.6331849257832,13.4613114139392],[144.63272549051806,13.461023650417019],[144.6324729298326,13.46091096624832],[144.63248063876335,13.460815037763837],[144.63190349152762,13.460400619692393],[144.6303931031308,13.459199474003697],[144.6295988392934,13.458845060580984],[144.62933936743696,13.458700290593356],[144.62905985016755,13.458575566018169],[144.62871388860606,13.458382546678251],[144.6281615349577,13.458216239934245],[144.62790206310115,13.458071469946447],[144.627246464064,13.457778947283657],[144.62639892855555,13.457249937000938],[144.6257925109603,13.456546066680005],[144.62565293463138,13.456233279289336],[144.6255296972878,13.456012384982898],[144.62532850297237,13.455839060151277],[144.62506568929984,13.455383213431617]]],[[[144.63503698812883,13.46265956663126],[144.6351268196497,13.46265956663126],[144.6351268196497,13.462749398152141],[144.63503698812883,13.462749398152141],[144.63503698812883,13.46265956663126]]],[[[144.68794775398737,13.463827376404026],[144.68786693632285,13.463181251784988],[144.68754847963305,13.463058830019804],[144.68717590690892,13.46295230860926],[144.6867914966448,13.462671519311698],[144.68638066986045,13.462430009372895],[144.68619107183815,13.46235013476354],[144.6858416807346,13.462070683288971],[144.6856520827123,13.461990808679616],[144.6853974906196,13.461841147962218],[144.6849650722503,13.461658940863401],[144.68433904238964,13.461115675090412],[144.6840922030907,13.461522088155732],[144.68386538727304,13.461136224928168],[144.6839452838136,13.460992705037256],[144.68429110556178,13.460782666834916],[144.68443704888625,13.46014016091732],[144.68388512564434,13.45967615567082],[144.6838543831309,13.459923345874245],[144.68419985397463,13.460355287233028],[144.68377555575182,13.460912830427901],[144.6837256725014,13.460952767732579],[144.6837812195679,13.461085014820355],[144.68369995778983,13.461447477112188],[144.6836358409803,13.461491756858436],[144.68357175706808,13.461694162890467],[144.68251465762705,13.461615012021468],[144.68275080530805,13.461396223141321],[144.6833663464173,13.461312093816503],[144.68350931802024,13.461095739335292],[144.6835460094593,13.460952767732579],[144.68349286937746,13.460736413251425],[144.6834561779384,13.46032394708567],[144.6834561779384,13.460234115564731],[144.6835460094593,13.460234115564731],[144.68360566320382,13.460114106267156],[144.6836358409803,13.459964621001745],[144.68352946212474,13.459910801042554],[144.6836632444191,13.459636876311833],[144.6837256725014,13.459605294917822],[144.6837256725014,13.45951546339677],[144.6837256725014,13.45933580035478],[144.68381550402228,13.45933580035478],[144.68386620422223,13.45902717995375],[144.68390533554316,13.458437485145055],[144.68381550402228,13.458437485145055],[144.68381550402228,13.458257822103064],[144.68372188383069,13.457893013138175],[144.68344002537106,13.457829828418483],[144.68327651489642,13.45789849601914],[144.68309685185432,13.45789849601914],[144.68309685185432,13.457808664498089],[144.68295794854942,13.457767893795733],[144.68266319435384,13.457599086857897],[144.68170446327917,13.457696813727296],[144.68089492687716,13.457614285403793],[144.67964249432043,13.457767893795733],[144.67869510732635,13.457808664498089],[144.67824594972137,13.457808664498089],[144.67824594972137,13.457718832977207],[144.67780624460318,13.457789715661647],[144.6769483601572,13.457668938760833],[144.67540857529423,13.457589064151648],[144.67492218344512,13.45789849601914],[144.67492218344512,13.457988327540079],[144.674832351924,13.457988327540079],[144.67474252040313,13.457988327540079],[144.67474252040313,13.458078159061131],[144.67465268888202,13.458078159061131],[144.67414387753274,13.458047981284551],[144.67402386823517,13.457988327540079],[144.6732561442832,13.457947556837496],[144.6724562961317,13.457589480850515],[144.6716695685143,13.457924923505118],[144.67061504054425,13.457817437107565],[144.67025094435394,13.45789849601914],[144.6700345898729,13.45795163610103],[144.66980178674896,13.457988327540079],[144.66975353191413,13.458029909709069],[144.66945518094872,13.45805388086444],[144.6685657260747,13.45829729884565],[144.66845431393438,13.458167990582183],[144.6679487155534,13.458104761999266],[144.66741263783717,13.457898693402967],[144.66719667264067,13.457629001456155],[144.66710684111945,13.457629001456155],[144.66710684111945,13.457539169935274],[144.6668295279685,13.457388456504532],[144.66671082359665,13.4572165352904],[144.66654449492103,13.457101701832471],[144.66677662365043,13.456156606682555],[144.66694362672024,13.455758988158323],[144.66701700959857,13.455473044952669],[144.66701700959857,13.455203550389683],[144.66710684111945,13.455203550389683],[144.6672321413971,13.455095603430209],[144.6670452245038,13.454586594697105],[144.66683066292478,13.454401755815638],[144.66641603102107,13.453920490460064],[144.6659324135095,13.453246973367868],[144.6661811169879,13.45289620057821],[144.66655252185853,13.452926049381972],[144.66748186469147,13.452781871545199],[144.66755599872442,13.452867930844093],[144.66764583024542,13.452867930844093],[144.66764583024542,13.452957762365145],[144.66773566176653,13.452957762365145],[144.66773566176653,13.453137425407078],[144.66786462460857,13.453480653752592],[144.66776226470472,13.454484898221835],[144.66780804676034,13.454934055826811],[144.66776422209307,13.45536400141691],[144.6675856830418,13.456002581591747],[144.66741709541918,13.45614263630199],[144.66722990986466,13.456642368000473],[144.66728650416155,13.457000180809416],[144.66737633568243,13.45717984385135],[144.66746616720354,13.45717984385135],[144.66764583024542,13.45717984385135],[144.66764583024542,13.457269675372231],[144.6681848193715,13.457269675372231],[144.6681848193715,13.45717984385135],[144.66827465089239,13.45717984385135],[144.66836448241327,13.45717984385135],[144.66845501574312,13.45700088261816],[144.66863397697625,13.456910349288307],[144.66863397697625,13.456820517767426],[144.66872380849736,13.456820517767426],[144.66877694857908,13.456604163286272],[144.66881364001824,13.45637136016245],[144.66868830684348,13.456281528641568],[144.66881364001824,13.456191697120516],[144.66881364001824,13.456012034078526],[144.66881364001824,13.455922202557474],[144.66890347153912,13.455922202557474],[144.66894653408588,13.455779165160095],[144.6695639942035,13.455062486829377],[144.67020268951887,13.454706143432645],[144.67038903070988,13.454622979094779],[144.67056201560285,13.454526480390655],[144.67070010195891,13.454484898221835],[144.67073088833513,13.454424038243644],[144.67126926886124,13.454155749914491],[144.67150858564776,13.454125572137912],[144.6717872640362,13.454016024177179],[144.67218232205505,13.453957642461035],[144.67249941350735,13.454004488195608],[144.67285605846234,13.453945909095978],[144.67303572150445,13.453945909095978],[144.67303572150445,13.45403574061686],[144.67344786966305,13.45435942797485],[144.67442914634432,13.454670088007845],[144.67488240514388,13.454884008089664],[144.67549198087886,13.455920886666092],[144.676201871403,13.45682361011211],[144.67660095385645,13.456963489370196],[144.67703322418822,13.456946360850225],[144.67737468156326,13.456959892600366],[144.6780581062211,13.456857998741327],[144.67843921030806,13.456873087629674],[144.67874173374582,13.456777312665736],[144.6791450544663,13.456635963995552],[144.68064369579054,13.45669535456176],[144.68141850910774,13.456571923946512],[144.68205077848665,13.456163646701611],[144.68216857270033,13.455033317902917],[144.68190828937736,13.454211214737768],[144.68164115793616,13.453706372994247],[144.68143678354977,13.452335784353636],[144.6820566342036,13.45116437781104],[144.68215191022534,13.450665347921245],[144.68224701079475,13.450577227059],[144.68215006249432,13.450487395538119],[144.68224516306407,13.450399274676045],[144.68239750491023,13.449442972517545],[144.68268097533667,13.448907273120142],[144.6824980006346,13.4483852151306],[144.6822992078212,13.447550654860095],[144.6818434104474,13.446888278982044],[144.68188820010175,13.445758344950548],[144.6817301505763,13.44493049572634],[144.68147972547308,13.444139513393395],[144.68098752177013,13.443838152326634],[144.6805668038686,13.443639606242698],[144.6803802872256,13.443244378254576],[144.67874366920262,13.443743517801863],[144.67820410437423,13.443243588719554],[144.67819569363496,13.443031379296542],[144.6782090499329,13.44269440143529],[144.67810949178113,13.442314437787559],[144.67800931954685,13.44168561714065],[144.67783999721803,13.44195169038602],[144.6777354112645,13.442499474052795],[144.6775739239729,13.442673763871483],[144.6765881951925,13.443396780412513],[144.67640269288245,13.443568657763592],[144.6761234716887,13.444001059684467],[144.67559763051122,13.444111068207292],[144.674990511107,13.444226976309778],[144.67440140296662,13.444413503918781],[144.67409104449223,13.444701048125523],[144.6739772418158,13.444916130578349],[144.6739340367144,13.445322083081635],[144.67414246843236,13.44574683090076],[144.67383482946684,13.445915440454655],[144.67342112965287,13.445982704437824],[144.67313536189943,13.445766591203494],[144.67322929461523,13.445538700740883],[144.67261837009164,13.445469945414288],[144.67258656389947,13.445411914602687],[144.67172738001068,13.4454510404409],[144.67141875412665,13.445501746123568],[144.67117943734024,13.445471568347045],[144.67105942804278,13.445411914602687],[144.67094917279042,13.445539885043331],[144.66992597400179,13.44563315981344],[144.6699564588198,13.445253788316904],[144.67050575027883,13.445008681608329],[144.67079400726038,13.444674094283016],[144.6707175759003,13.443722946032722],[144.66993987310514,13.44305291605275],[144.66885521670417,13.442855049846116],[144.66881364001824,13.442806800494054],[144.66821328648905,13.44274556768005],[144.66757170717835,13.44256996196998],[144.6673710227709,13.442337049188495],[144.66746616720354,13.441369496158416],[144.66742459051738,13.439344953344687],[144.66717142945674,13.438891190119818],[144.66728650416155,13.437506740756135],[144.66728650416155,13.437416909235253],[144.66737633568243,13.437416909235253],[144.66744625886292,13.437278674841366],[144.66776478134705,13.43720706841657],[144.6678254932874,13.437327077714201],[144.6679153248083,13.437327077714201],[144.66827465089239,13.437327077714201],[144.66905888379893,13.437407061981048],[144.66946805475345,13.437697194107727],[144.66993319495612,13.43782448467124],[144.67034077587482,13.43795589836111],[144.67052043891692,13.43795589836111],[144.6715513356703,13.438007985729826],[144.6724069008577,13.438135561403044],[144.6724967323786,13.438135561403044],[144.6724967323786,13.438225392923982],[144.67267639542058,13.438225392923982],[144.67294588998357,13.438225392923982],[144.67294588998357,13.438135561403044],[144.67330521606732,13.438135561403044],[144.67330521606732,13.438045729881992],[144.67339504758854,13.438045729881992],[144.67369406746514,13.437788100273337],[144.67372389433717,13.437416909235253],[144.67367125319754,13.436761770759858],[144.67397561340033,13.436650007715173],[144.6751374303841,13.436552894928411],[144.6754893874762,13.43624966968207],[144.6755992589268,13.435848191209573],[144.67568241229878,13.435392366421524],[144.67579461945684,13.434877918670622],[144.67601062303368,13.432993715676787],[144.67621149934178,13.43282065402343],[144.67627795185854,13.431993616265686],[144.67613824805267,13.431529611019187],[144.67588549272523,13.430929432942207],[144.6758417886815,13.430385487292085],[144.67640341662263,13.429729647007946],[144.6764493193018,13.428882914741791],[144.6764794970785,13.428733429476551],[144.6765391508227,13.42861342017892],[144.67667137049614,13.428116824688345],[144.67682903621994,13.427677404679855],[144.6768562367921,13.427221031603665],[144.6768455287256,13.427041368561675],[144.67687584905707,13.426532688801501],[144.67669957991848,13.426335392814508],[144.67649170745415,13.427308340999446],[144.6763832505867,13.428004337903303],[144.67584230955515,13.4283821961248],[144.67560936387656,13.428396078779315],[144.67484672803778,13.427714666338488],[144.67454112322116,13.426724984401062],[144.6743408061667,13.426410025789664],[144.67388659334551,13.425876080914179],[144.6737372506351,13.42555068289738],[144.67362215399885,13.425421879058831],[144.67291323394466,13.425025664152088],[144.67285605846234,13.42484049629769],[144.67225100062137,13.424735203052478],[144.6719181897497,13.424319600678814],[144.67173813194017,13.423892286871535],[144.67146370826754,13.423425452458446],[144.67124902606508,13.422674604813778],[144.67082988175025,13.422015781842447],[144.67044508220158,13.421312284357498],[144.670481110212,13.421022656655964],[144.67042878159646,13.420601988100316],[144.67052043891692,13.420528583290434],[144.6705824557829,13.420188600810377],[144.67122198997913,13.419953758054817],[144.67186791173162,13.419899762643695],[144.6722138705518,13.419836665649939],[144.67298424273565,13.419172951948838],[144.67302658702476,13.418645959366472],[144.67276409958356,13.418341286639588],[144.6723170693365,13.418282795265895],[144.67217735456484,13.418322732570573],[144.67095354264654,13.418475639153598],[144.67028814570097,13.41873140458273],[144.66985166999973,13.418412564091454],[144.66912308285157,13.418332689482327],[144.66890347153912,13.418282795265895],[144.66853077270878,13.418152171110876],[144.66738208174172,13.41835218660674],[144.6671534675388,13.4185989162483],[144.66693082967618,13.41880520415981],[144.66538157587797,13.421270943435331],[144.66518326555797,13.421454685740798],[144.66472801647228,13.422192177087538],[144.66330857536275,13.424428008200323],[144.6631076277771,13.424614206836395],[144.66168830729066,13.426873153775034],[144.66248222844774,13.427758310070715],[144.6625254335495,13.427894768011129],[144.66261526507037,13.427894768011129],[144.66261526507037,13.42798459953201],[144.66261526507037,13.428074431053062],[144.66270509659148,13.428074431053062],[144.66270509659148,13.428164262573944],[144.6628458585933,13.428209945937738],[144.66362829311493,13.429024307275029],[144.66382709141112,13.429494453348013],[144.6623559851147,13.430292738878336],[144.6614914718657,13.430633730208399],[144.66086436736055,13.43090506701941],[144.66077290742385,13.430903180908388],[144.66024741715103,13.431116333387024],[144.6604152919988,13.431442213897299],[144.66054886046084,13.431717542245508],[144.66298724016076,13.435314750759176],[144.66306442267535,13.435710110336402],[144.66306442267535,13.435799941857454],[144.66297459115447,13.435799941857454],[144.6629051504675,13.435874881873985],[144.66042031431766,13.436333777075276],[144.6603262719443,13.436929283737754],[144.66122458715404,13.437100788252906],[144.66189826873256,13.437241742155493],[144.66264452720588,13.438450651603773],[144.6641034669898,13.438558291521872],[144.66467257358045,13.43902144143891],[144.66455667096068,13.441945571490749],[144.6643162137351,13.442221184948835],[144.66418902734642,13.44195169038602],[144.6641122670136,13.441865280182583],[144.66400936430443,13.44240426930861],[144.66384686267986,13.442490679511877],[144.66373815908264,13.442034328367072],[144.6636157921463,13.442548030446176],[144.66327190037225,13.442770109055004],[144.66301803201998,13.442760042485588],[144.66284155453184,13.442853426913416],[144.66248877500755,13.443019931041249],[144.66207627594451,13.443076295057097],[144.6609084661717,13.443076295057097],[144.66086265121885,13.44312031162508],[144.6601319421958,13.443135225061269],[144.65928673965345,13.442255529714998],[144.65891158449233,13.44204413175828],[144.65852883005812,13.442208596254318],[144.65934271438482,13.443216832260816],[144.6593348574164,13.443601796295866],[144.65884413957406,13.443433822756106],[144.6583399338448,13.443270213589358],[144.65767453141632,13.443345789619912],[144.65740503685367,13.443345789619912],[144.65740503685367,13.44325595809903],[144.65731520533245,13.44325595809903],[144.65731520533245,13.443166126577978],[144.65717793044303,13.443123732942695],[144.6570002631696,13.442924901749052],[144.65655416501227,13.44231020500348],[144.65612413169595,13.44175529359137],[144.6569578092226,13.440816755967205],[144.65686604772748,13.440561012469573],[144.65645602144377,13.440252392068317],[144.65641689012284,13.440201686385649],[144.65619268415617,13.440146616329741],[144.65604902719338,13.440178811806447],[144.65559158495512,13.440037024505784],[144.6555185749129,13.439752528780673],[144.65540352213952,13.439707613020119],[144.6555185749129,13.439662697259791],[144.6555185749129,13.439393202696749],[144.6555185749129,13.439213539654816],[144.65560840643377,13.439213539654816],[144.6556388473888,13.438972117442063],[144.65590807877334,13.438435233742439],[144.65596773251764,13.438405055965916],[144.65596773251764,13.438135561403044],[144.65605756403875,13.438135561403044],[144.65605756403875,13.438045729881992],[144.65605756403875,13.43795589836111],[144.65614739555963,13.43795589836111],[144.6561775733362,13.4378064130957],[144.65632705860162,13.437506740756135],[144.65632705860162,13.437416909235253],[144.65641689012284,13.437416909235253],[144.65641689012284,13.43714741467221],[144.65641689012284,13.43705758315133],[144.65636863528766,13.43701600098234],[144.6562854819157,13.436919502278215],[144.65614243903542,13.436796247115126],[144.6557347100786,13.436614325126186],[144.65519369776973,13.436657793406198],[144.65521569508803,13.436931564616202],[144.6549583725207,13.437153248457605],[144.654578683017,13.438004147713173],[144.654392341826,13.438266975092972],[144.65401494416676,13.43894707164219],[144.65408477413803,13.4398161740624],[144.654578683017,13.440512763117454],[144.6546618363892,13.440699093342687],[144.65591696652325,13.442458527898054],[144.65596773251764,13.44262713745212],[144.65614739555963,13.44262713745212],[144.65614739555963,13.442716968973173],[144.65620704930416,13.442747146749753],[144.65632705860162,13.442986463536045],[144.65641689012284,13.442986463536045],[144.65641689012284,13.443076295057097],[144.65647401077615,13.443308856934038],[144.65587790099676,13.443345789619912],[144.65569823795488,13.443345789619912],[144.65569823795488,13.44325595809903],[144.65560840643377,13.44325595809903],[144.65560840643377,13.443166126577978],[144.6555185749129,13.443166126577978],[144.6555185749129,13.443076295057097],[144.65542874339178,13.443076295057097],[144.65542874339178,13.442986463536045],[144.65530908499875,13.442925932530727],[144.6551592488288,13.44262713745212],[144.65483661418398,13.442141288408095],[144.65479992274493,13.441998316805211],[144.65475247937638,13.441955923170099],[144.65441838002744,13.441382062921548],[144.65430837698773,13.441142395230656],[144.65421349025053,13.440967776439265],[144.6538636714821,13.440010421567592],[144.6537481910441,13.439636445225972],[144.65354228145122,13.439572865738683],[144.65354228145122,13.439752528780673],[144.65354228145122,13.439842360301725],[144.65345244993034,13.439842360301725],[144.65336261840923,13.440201686385649],[144.65336261840923,13.4402915179067],[144.6534017497304,13.440881212715226],[144.65345244993034,13.441189833116482],[144.65354228145122,13.441189833116482],[144.65354228145122,13.441279664637364],[144.65354228145122,13.441369496158416],[144.65354228145122,13.441459327679297],[144.65363211297245,13.441459327679297],[144.65363211297245,13.441549159200406],[144.65363211297245,13.441638990721287],[144.65372194449333,13.441638990721287],[144.65372194449333,13.44172882224234],[144.65372194449333,13.441818653763221],[144.6538117760141,13.441818653763221],[144.6539016075351,13.441818653763221],[144.6539016075351,13.442177979847315],[144.6539914390562,13.442177979847315],[144.6539914390562,13.442267811368197],[144.65408127057708,13.442267811368197],[144.65408127057708,13.442357642889078],[144.65408127057708,13.442447474410187],[144.6541711020983,13.442447474410187],[144.6541711020983,13.44253730593124],[144.65426093361907,13.44253730593124],[144.65426093361907,13.44262713745212],[144.6544039052219,13.442843491933104],[144.65447728810022,13.443117877225916],[144.6541711020983,13.443166126577978],[144.65387783924643,13.443098182717677],[144.6535231845769,13.44315057712771],[144.65318295536747,13.442896632015163],[144.6531289160929,13.442974905622975],[144.6527337977625,13.443076295057097],[144.65228464015752,13.443076295057097],[144.65228464015752,13.442986463536045],[144.65187543082288,13.442946526231538],[144.65147615646868,13.442896632015163],[144.65075750430083,13.442896632015163],[144.65048800973784,13.442896632015163],[144.65041725041817,13.442988305783956],[144.64985918909088,13.442896632015163],[144.64936784345878,13.442971374647868],[144.649018545564,13.442580445238264],[144.64722877971133,13.44245107117996],[144.64617609673087,13.442513817269344],[144.64536846288843,13.44246567757483],[144.64462763794995,13.442731487641765],[144.64450185243743,13.442457431321884],[144.64419475079433,13.442183024097687],[144.6439909658177,13.441954958182919],[144.64370320229557,13.441866091649047],[144.64306100890212,13.441635679061164],[144.6406969770677,13.441464788628707],[144.6401082061244,13.44162247628401],[144.6393065129837,13.441955923170099],[144.6386321844252,13.44211282129038],[144.63823021797623,13.442257042990036],[144.63670532735932,13.442584349049412],[144.63565049783085,13.442694269846186],[144.63454544237163,13.443033901421813],[144.63402722514002,13.443130641372818],[144.63372901124683,13.443112854906985],[144.6331979695567,13.443303395984685],[144.63265392521464,13.443388183255195],[144.63221086457338,13.443506854729833],[144.631940328263,13.443932216631595],[144.63148611544193,13.444017003902161],[144.63099456968473,13.444244104829863],[144.63099456968473,13.444513599392735],[144.6310345179552,13.44456349360911],[144.63108127048076,13.444939356061923],[144.6312742541818,13.445267649039806],[144.63052331881102,13.445723780869173],[144.63031586578722,13.445811177991061],[144.63014613772555,13.445910966423867],[144.6300064229539,13.445950903728544],[144.63005411031054,13.44563741452896],[144.6300064229539,13.444962756997711],[144.62991153895814,13.44504754426822],[144.62970602139103,13.445277540157065],[144.62909191405527,13.445392176231223],[144.6285056899103,13.446313914308348],[144.62816234916568,13.446532286489685],[144.6276284152559,13.446986488345033],[144.62741066949388,13.447086430298384],[144.6259172766571,13.447261378062763],[144.62511313129778,13.447615308991942],[144.62429959513418,13.44778992778339],[144.62394532152496,13.447884803554757],[144.62275408477285,13.447996610462496],[144.62174616266122,13.44768680575902],[144.6208196901165,13.446630583578724],[144.62028162759736,13.44638363462218],[144.6195385245219,13.446267836177185],[144.61906754505105,13.44614170798451],[144.61882492482914,13.445950772139383],[144.6191842509129,13.445369520967404],[144.619448693001,13.444915319111885],[144.61987189601837,13.444399511606605],[144.61999273460162,13.444291542715519],[144.62007751364797,13.444106835423213],[144.6202622291646,13.443842385110713],[144.6203722733261,13.443602629693771],[144.62057773332288,13.44271955689294],[144.62089104981158,13.442315249254023],[144.62105255903475,13.441963357956581],[144.6211131023765,13.441638990721287],[144.6211131023765,13.441549159200406],[144.62120293389773,13.441549159200406],[144.62120293389773,13.441369496158416],[144.62120293389773,13.441279664637364],[144.62129276541862,13.441279664637364],[144.62129276541862,13.441189833116482],[144.62129276541862,13.44110000159543],[144.6213825969395,13.44110000159543],[144.6214724284606,13.44092033855344],[144.6214724284606,13.440740675511506],[144.6215622599815,13.440740675511506],[144.6216918698035,13.440600796253477],[144.62187838233444,13.440427975846944],[144.62291063335942,13.439271767850244],[144.62451286823625,13.43780454891612],[144.62527076549486,13.437564596115578],[144.62560505537397,13.437387696445569],[144.62681569192944,13.436831293690034],[144.62744793663546,13.436744883486597],[144.6281237962885,13.436387246130096],[144.62829962405522,13.436380293836919],[144.62858683106504,13.436391676297774],[144.63004962531397,13.435753315438149],[144.63144484853876,13.435210005802105],[144.63220387115882,13.434808373809005],[144.63247850318112,13.434678758504049],[144.6326547394226,13.434585505665325],[144.6333476083429,13.434366146565537],[144.6341818752793,13.433687190455544],[144.63468308461415,13.433293059043422],[144.63496976526721,13.432983649107541],[144.63535311185262,13.432702465042325],[144.63562126585134,13.432413056656003],[144.63606833721974,13.432070223077801],[144.63652092162545,13.431804149832601],[144.63687682090858,13.431531233951944],[144.63759773476488,13.431432717547636],[144.63777856291927,13.431265160706687],[144.63788987088458,13.431145019819951],[144.63878185884982,13.430724066154596],[144.63898957505216,13.430499882119534],[144.63904922879647,13.430379872821959],[144.63907940657305,13.430230387556549],[144.63907940657305,13.43014055603561],[144.63888331133717,13.429316106197462],[144.63919611517622,13.42817316677258],[144.63932548101013,13.427324197491032],[144.63965996964373,13.426858371928176],[144.64008004604796,13.426321970722086],[144.64012306199027,13.425786644160496],[144.64001743428935,13.425695628337394],[144.64013338351378,13.425379880190974],[144.64046845333246,13.423531820348217],[144.64038530544315,13.422905785004843],[144.64021137201178,13.422432151819521],[144.64015738482476,13.42178622458431],[144.64006755330388,13.42178622458431],[144.64006755330388,13.4216963930632],[144.64001516985945,13.421377508708929],[144.64006755330388,13.421337066979333],[144.64015792488863,13.420984912503627],[144.6405534023479,13.420655106250535],[144.64078620547173,13.420528583290434],[144.64078620547173,13.420438751769552],[144.6408760369926,13.420438751769552],[144.64101836435702,13.420311592795144],[144.64123031060183,13.420074381435086],[144.64137263796613,13.419947200529293],[144.6418822224017,13.419245040867338],[144.6424930043704,13.418911615912862],[144.6424930043704,13.418821784391753],[144.6425828358913,13.418821784391753],[144.6425828358913,13.418731952870871],[144.6427624989334,13.418731952870871],[144.64286685460593,13.41860163575717],[144.6435298253765,13.418356529048538],[144.64390069292472,13.417893401062997],[144.6443796499875,13.417833835044746],[144.6449536308594,13.41829288376681],[144.64540756131214,13.418422521003208],[144.64581677064666,13.418552289828938],[144.646007701009,13.418630760820577],[144.64666275998263,13.418499961213342],[144.6467150858566,13.418462458307886],[144.6467150858566,13.418372626786777],[144.6468049173775,13.418372626786777],[144.6468947488985,13.418372626786777],[144.6468947488985,13.418282795265895],[144.64707441194048,13.418282795265895],[144.6471642434616,13.418282795265895],[144.6471642434616,13.418192963745014],[144.64725407498247,13.418192963745014],[144.64725407498247,13.418103132223962],[144.64734390650335,13.418103132223962],[144.64749339176876,13.418072954447382],[144.64761340106634,13.41801330070291],[144.64761340106634,13.417923469181972],[144.64770323258745,13.417923469181972],[144.64770323258745,13.41783363766092],[144.64809925011036,13.41724150845323],[144.6481523901922,13.41720481701418],[144.6481523901922,13.417114985493129],[144.6482422217133,13.417114985493129],[144.6482422217133,13.417025153972247],[144.6482422217133,13.416935322451138],[144.64833205323418,13.416935322451138],[144.64842522657113,13.416189562920067],[144.64833205323418,13.415947175720305],[144.6483018754576,13.415887521975947],[144.6480625586713,13.415767512678372],[144.6477246788761,13.415583880030624],[144.64785464508543,13.415164593161023],[144.6483539765336,13.414819851540358],[144.6485117162763,13.414779365947538],[144.64857832779649,13.414671265467291],[144.64905463662762,13.414819610293534],[144.64914053692303,13.414959028989642],[144.64923036844414,13.414959028989642],[144.64923036844414,13.415048860510524],[144.64941003148624,13.415048860510524],[144.64941003148624,13.415138692031633],[144.64949986300712,13.415138692031633],[144.6499490206121,13.415318355073566],[144.65115148219206,13.415258810986757],[144.6512066619058,13.415318355073566],[144.65149386617395,13.415207951783316],[144.65219480863664,13.415408186594448],[144.65261378846492,13.41543836437097],[144.6527337977625,13.4154980181155],[144.6527337977625,13.415408186594448],[144.65291346080426,13.415408186594448],[144.65309312384625,13.415408186594448],[144.65309312384625,13.415318355073566],[144.65345244993034,13.415318355073566],[144.65345244993034,13.415228523552514],[144.65354228145122,13.415228523552514],[144.65363211297245,13.415228523552514],[144.65363211297245,13.415138692031633],[144.65372194449333,13.415138692031633],[144.65372194449333,13.415048860510524],[144.6538117760141,13.415048860510524],[144.65425340014065,13.414757017725037],[144.65471009122405,13.41486919746859],[144.65479992274493,13.41486919746859],[144.65479992274493,13.414779365947538],[144.65488975426592,13.414779365947538],[144.6550694173079,13.414779365947538],[144.6550694173079,13.414689534426657],[144.6551592488288,13.414689534426657],[144.6552490803499,13.414689534426657],[144.65529228545142,13.414642908007295],[144.65585985135272,13.414534544348783],[144.65633819981576,13.414308803175459],[144.65682284262596,13.413927677157119],[144.6572685789131,13.41356492975558],[144.65779716701388,13.41314926158725],[144.65899914610077,13.412035556883325],[144.6595816254379,13.411189087795606],[144.6599635245426,13.410510658042142],[144.6606210535541,13.409752529131538],[144.6609337532185,13.409089955869888],[144.6611073576771,13.408929088143623],[144.66139055395956,13.408393915102806],[144.66149453131322,13.407997086113426],[144.6613938765853,13.407612933544613],[144.66152311905444,13.406372683949144],[144.66140425019603,13.404761440699247],[144.6612845753541,13.404419988807035],[144.6614940817169,13.404225872891004],[144.66207414858684,13.40359981561619],[144.66286576145103,13.403491627409892],[144.66297459115447,13.402921605177994],[144.66297459115447,13.402831773656885],[144.66297459115447,13.402741942136004],[144.66297459115447,13.402652110614952],[144.66302241832454,13.402260786437978],[144.66337165590767,13.401393701717836],[144.6636034118012,13.401214806279313],[144.66365068520065,13.401079927408546],[144.66342431897885,13.400528832081704],[144.66320983416017,13.398959412247223],[144.66283288609702,13.397936416325479],[144.66245060867345,13.396954739394118],[144.66172982366504,13.395355075988618],[144.66140767699653,13.394337562947499],[144.66105874097195,13.393342003361795],[144.6610289689288,13.39259098026497],[144.66106275444076,13.391738677391857],[144.66093243732712,13.391191595533655],[144.66044820025013,13.390165529198441],[144.66023301910548,13.389852829533709],[144.65977249548848,13.389069479371017],[144.65915846217138,13.388322272359403],[144.6587058832489,13.387966367593094],[144.65861947304563,13.387873114754598],[144.65817274983988,13.387731678358307],[144.65776436293743,13.387290920526993],[144.65767453141632,13.387290920526993],[144.65767453141632,13.387201089005941],[144.65758469989532,13.387201089005941],[144.65758469989532,13.38711125748506],[144.65749486837456,13.38711125748506],[144.65749486837456,13.387021425964008],[144.65740503685367,13.387021425964008],[144.65740503685367,13.386931594443126],[144.65731520533245,13.386931594443126],[144.65722537381157,13.386931594443126],[144.65722537381157,13.386841762922018],[144.65704641257832,13.386751229592392],[144.6569558792487,13.386572268359203],[144.65643471496844,13.38619511194645],[144.6561869709941,13.386078194993672],[144.6561941535681,13.385896930950423],[144.656097199785,13.385807099429542],[144.65611438313363,13.385373710590045],[144.65591425249727,13.384802723371308],[144.6557413114674,13.384642491659179],[144.65574499596335,13.384549458135893],[144.65565147994653,13.384462828617188],[144.65565516444224,13.384369795093903],[144.65542189527366,13.38415365992796],[144.65506809593364,13.38377183210065],[144.65423090936326,13.38199790080813],[144.65349565503186,13.380690014393679],[144.6534092448286,13.380506930033903],[144.65298238061746,13.379809770759266],[144.6522854187266,13.37833296774943],[144.65188935185768,13.377686119390205],[144.6517922774508,13.377227684750778],[144.652250772402,13.376177033177385],[144.65241767678015,13.375476364859026],[144.65251092961887,13.375389954655759],[144.6526329456508,13.373862906525119],[144.65259579913254,13.372925640929168],[144.65217636422517,13.371324924810551],[144.65205835069605,13.370988210127564],[144.65201514559453,13.370761920666268],[144.65192531407342,13.370761920666268],[144.65192531407342,13.370672089145216],[144.65192531407342,13.370582257624335],[144.65183548255254,13.370582257624335],[144.65183548255254,13.370492426103283],[144.65183548255254,13.370402594582174],[144.65174565103166,13.370402594582174],[144.65174565103166,13.370312763061293],[144.65143702514752,13.36990273129453],[144.65084252185238,13.369685828525576],[144.65072277025013,13.368875458725654],[144.65083179185422,13.368137704200649],[144.65057784125872,13.367797480473769],[144.65045250808396,13.367707648952887],[144.65057784125872,13.367617817431778],[144.65078332318706,13.367297902296002],[144.65081286494933,13.367097974526189],[144.65069228543211,13.366664958522676],[144.65043731227934,13.366321050299916],[144.65026921263325,13.36603997589242],[144.65003885213287,13.365731355491164],[144.649663156908,13.365696901067508],[144.649589694528,13.36555169244923],[144.64949986300712,13.36555169244923],[144.64949986300712,13.365282197886188],[144.64941003148624,13.365282197886188],[144.64941003148624,13.365102534844425],[144.64932019996502,13.365102534844425],[144.64932019996502,13.365012703323373],[144.6493666015864,13.364633024785519],[144.64949986300712,13.364294051155525],[144.64955056046563,13.363985430754326],[144.649589694528,13.363665230508616],[144.64947831254347,13.363211752393454],[144.649589694528,13.362946578340825],[144.64952473883773,13.362336224036824],[144.6492997488192,13.361859498506647],[144.6485252096461,13.360983312204098],[144.6478891022507,13.359944415927544],[144.64774643494752,13.359399943920891],[144.64763000597134,13.35879011597342],[144.6471642434616,13.35791601316572],[144.64707441194048,13.35791601316572],[144.64707441194048,13.357826181644839],[144.64692492667507,13.357526509305274],[144.6468947488985,13.357377024039863],[144.64679335124026,13.357298750431823],[144.6467150858566,13.356838034914006],[144.6466252543355,13.356838034914006],[144.6466252543355,13.356748203392897],[144.6466252543355,13.356658371872015],[144.64657455687723,13.356619246033802],[144.64645808677926,13.356200989945762],[144.64596888221206,13.355541158124367],[144.64581677064666,13.354951572973391],[144.64577438249444,13.354814303566684],[144.64462685663943,13.352709315924017],[144.64455912935296,13.352346458864929],[144.64446929783207,13.352346458864929],[144.64446929783207,13.351987132780835],[144.64440186662102,13.351935089275173],[144.64425050072737,13.351217774930376],[144.64405927428982,13.350780197169854],[144.64384053749689,13.35018067703868],[144.6437115116015,13.349421144510643],[144.64358698441026,13.348883734454432],[144.64343045364274,13.348624240666368],[144.64339131958013,13.348483703462648],[144.6430851335781,13.348340731859707],[144.64258862307213,13.348213309707262],[144.64235677945248,13.34787751614806],[144.64231334132842,13.347495556731815],[144.64223426996114,13.347424915294027],[144.64187384455965,13.346487342656701],[144.64140492116906,13.346068362828476],[144.64111097569878,13.345739368041848],[144.6405641542774,13.34448367865366],[144.63958138076987,13.343079030356591],[144.63874253014512,13.342590659187522],[144.63858786081573,13.342417553671112],[144.63846469886164,13.342307501285234],[144.6371761039636,13.342007697356507],[144.63706072495904,13.341878564545198],[144.636247186054,13.341434451190764],[144.63590138623726,13.34119291932035],[144.63608652667733,13.340676914431413],[144.63679123039617,13.340266641417998],[144.63772688128358,13.33958533863489],[144.63800142832133,13.339500551364381],[144.63810150734673,13.339388547072815],[144.63889683760408,13.338956364467379],[144.64006755330388,13.338871730717415],[144.6403117827516,13.338836179717589],[144.6408417881771,13.338657810635596],[144.64108994885044,13.338456830152495],[144.64129094578186,13.33838831607261],[144.6414492749342,13.338277167110562],[144.64213367828643,13.338242910070676],[144.64217036972548,13.338189769988674],[144.64261858427506,13.338074739147089],[144.64267266741228,13.338153078549624],[144.64395757781426,13.338259885069874],[144.64476219058918,13.337755920587256],[144.64487754217953,13.337119709017088],[144.64482862391594,13.336895437255919],[144.64482862391594,13.336715774213985],[144.64563710760467,13.336715774213985],[144.64585834459126,13.336577693340814],[144.6460513584483,13.336491568247311],[144.6469967743467,13.335677031457976],[144.64711598588497,13.335409883568047],[144.64721250103776,13.335236887709357],[144.6474227941942,13.334464327856267],[144.6480209847267,13.333979246415481],[144.64828045658328,13.33356498186481],[144.6488875129346,13.332831109219512],[144.64925689188055,13.332169062314222],[144.6493617739095,13.331367465123776],[144.64963795210429,13.33074531166011],[144.6497210999936,13.329840329267086],[144.65017694123048,13.329577501887343],[144.65060372045684,13.329243265466573],[144.65102648895584,13.329115996834673],[144.65212600944665,13.32869874959664],[144.65242272651335,13.328319860593638],[144.65259571140632,13.328043698847523],[144.65277537444842,13.327888906153305],[144.65266219133753,13.327121390550758],[144.65251255803446,13.326786057553704],[144.65234835123374,13.326491736505943],[144.6519069080423,13.325328466558574],[144.6515307385481,13.324797921069433],[144.65139300857936,13.324042840640686],[144.6508529831891,13.322826342885321],[144.65062609609367,13.321997331290333],[144.65093543475234,13.321501196361623],[144.6515938355417,13.320660495264633],[144.65165581951055,13.32018677435309],[144.65165581951055,13.320096942832151],[144.6516893144303,13.319631906803977],[144.65183548255254,13.319557953706294],[144.65183548255254,13.319468122185242],[144.65192531407342,13.319468122185242],[144.6519979128998,13.319324624225942],[144.65228464015752,13.319288459143309],[144.65228464015752,13.319198627622427],[144.6523744716784,13.319198627622427],[144.65254878891142,13.319003524787718],[144.6530507356939,13.318886739424102],[144.6534248216932,13.31878655622387],[144.6541711020983,13.318839301538333],[144.65421998746433,13.318782564686671],[144.65504230446174,13.318199515129777],[144.6555185749129,13.317940986328551],[144.65606252604596,13.317718008527322],[144.6567142541693,13.317202201021985],[144.65762476330622,13.316640578563579],[144.6578049307733,13.315006723912745],[144.65733028325496,13.314631080775143],[144.65614056937295,13.313926201604147],[144.6552290239714,13.313833299669795],[144.6547508509609,13.313939338586863],[144.6542727108473,13.314119001628796],[144.6537570458969,13.314018950017896],[144.65340337814598,13.313228976535015],[144.65336261840923,13.312910421153617],[144.6534017497304,13.312410557865974],[144.65350315013006,13.312152643147442],[144.65363811124405,13.311358173702331],[144.65372194449333,13.311293453775875],[144.6537574461472,13.311049597164128],[144.65406027662618,13.310146588608234],[144.65467584514977,13.30982189240018],[144.6547443372981,13.309710743438131],[144.65479992274493,13.309676486398075],[144.65484350068243,13.308936122021862],[144.65513945562884,13.308530980985097],[144.65504811083258,13.30779664777765],[144.65562434516858,13.30744664259123],[144.65582801774622,13.30711130959429],[144.65742932601586,13.307028079462043],[144.65792988562953,13.3068171639988],[144.65822365290614,13.30631741036865],[144.65843313185462,13.305583822833228],[144.65832540969313,13.305099837968783],[144.6579539609595,13.304635986243056],[144.65775442795712,13.30447619316152],[144.6576345831461,13.304326532443952],[144.6574785348722,13.304201588553497],[144.657201912564,13.303560771363095],[144.65716928393977,13.303298448408441],[144.65720764765751,13.302990025391011],[144.65691593097824,13.30249375887314],[144.65700197382841,13.302145727523964],[144.6572653220818,13.301990912898361],[144.6577778782388,13.301880027114578],[144.65790407770908,13.301551712205082],[144.65798397424965,13.301002766167471],[144.6581504728946,13.300569618574855],[144.65817357227195,13.300383902432486],[144.6582135205424,13.300334008216055],[144.65826177537735,13.30002293148425],[144.65835210584032,13.29933257098196],[144.65868605715139,13.298944953232308],[144.6589804275452,13.299028117570174],[144.65931724092002,13.299266907999879],[144.65983762663097,13.29930875334719],[144.66077037981586,13.299207780612107],[144.66207333712043,13.299088078355794],[144.6629142849473,13.298712829985845],[144.66302284598942,13.298316132585569],[144.66310599936128,13.297950139318402],[144.66339111465197,13.297864299334776],[144.6631958308825,13.297777143459712],[144.663041043671,13.297597480417608],[144.66257368838444,13.297231487150611],[144.6621270967678,13.29695177249755],[144.66184016664351,13.296704560362684],[144.6611779607349,13.295932263687916],[144.66108812921368,13.295932263687916],[144.6609184559809,13.295856249026883],[144.66077371889025,13.295901340239595],[144.66049805060334,13.295815456392688],[144.66045930856694,13.295752600645983],[144.66027964552495,13.295752600645983],[144.66027964552495,13.295662769124874],[144.66018981400384,13.295662769124874],[144.66005030758186,13.29559219348181],[144.66001015096197,13.295393274562059],[144.65992031944108,13.295393274562059],[144.65992031944108,13.295303443041007],[144.65983048791998,13.295123779999017],[144.65954376066225,13.295087636847995],[144.6594711618361,13.294944116957083],[144.65929149879412,13.294944116957083],[144.65929149879412,13.294854285436202],[144.65911310229762,13.294803272711988],[144.6585387321412,13.294383722664179],[144.65844306683493,13.293726434899497],[144.65823477767162,13.293243897515595],[144.65771447968677,13.292927864259298],[144.65759893345432,13.292783598696587],[144.65781424618797,13.292029549049516],[144.6578541944583,13.291800013722593],[144.6578541944583,13.291710182201712],[144.65794402597953,13.291710182201712],[144.65794402597953,13.291530519159778],[144.6578817185208,13.291480603011905],[144.65776436293743,13.290542372428945],[144.65776436293743,13.290452540908007],[144.65776436293743,13.290362709386955],[144.65776436293743,13.290272877866073],[144.6578541944583,13.290272877866073],[144.65808374075107,13.289963424066968],[144.65816363729164,13.289684016455226],[144.65848807032137,13.28913208773048],[144.6586127948966,13.288695869724393],[144.65866267814715,13.28865591048833],[144.65866267814715,13.288566078967222],[144.65875250966826,13.288566078967222],[144.6588128652213,13.288446771478561],[144.65911113394327,13.288295882595662],[144.659201667273,13.288116921362416],[144.659201667273,13.28766776375744],[144.659201667273,13.287577932236559],[144.65929149879412,13.287577932236559],[144.65946919896464,13.286987711071276],[144.6598336460595,13.286405867748101],[144.66047172729213,13.285878063699442],[144.6611779607349,13.285691470295774],[144.66129797003236,13.285631816551415],[144.66162711833954,13.285601638774892],[144.6616662496608,13.285550933092225],[144.66230663918645,13.285382849894745],[144.66261526507037,13.285152481170087],[144.66261526507037,13.285062649649035],[144.66270509659148,13.285062649649035],[144.66270509659148,13.284972818127983],[144.66270509659148,13.284882986607101],[144.66279492811236,13.284882986607101],[144.66279492811236,13.284703323565111],[144.66279492811236,13.284613492044059],[144.66288475963336,13.284613492044059],[144.66288475963336,13.284433829002126],[144.66279492811236,13.284433829002126],[144.66279492811236,13.284343997481187],[144.66279492811236,13.284074502918202],[144.6626886479488,13.284001120039932],[144.66261526507037,13.283715176834278],[144.66256456487076,13.283676050996064],[144.66248630222822,13.283394976588568],[144.66238490182866,13.283137061870207],[144.66221823321462,13.282155933226989],[144.6623457705075,13.281379557288687],[144.66229751567255,13.281337975119868],[144.66221436230057,13.280710119459968],[144.6626561454308,13.27971495464169],[144.66275335142643,13.279631176221187],[144.6628365047984,13.27944484599601],[144.66326381860586,13.278760231553008],[144.66387290636408,13.278235454054368],[144.66387290636408,13.278145622533316],[144.6638136912502,13.276835915802337],[144.6639540091387,13.275894921847396],[144.66382627994506,13.275407471802282],[144.6637225548037,13.274971999468164],[144.66338054365758,13.274505735274715],[144.66296950852382,13.273969728835993],[144.66258491732458,13.273033428227222],[144.66256856737368,13.272620983992908],[144.6625946713698,13.271962424200069],[144.6625254335495,13.27149808998064],[144.66243560202838,13.27149808998064],[144.66243560202838,13.271408258459758],[144.66247915803467,13.271025246330169],[144.66270509659148,13.2708692693339],[144.66270509659148,13.27068960629174],[144.66279492811236,13.27068960629174],[144.66283813321422,13.270642979872434],[144.66294266982163,13.270546130263881],[144.66386451207347,13.269530042771862],[144.66413955531198,13.268823759983547],[144.66450515381166,13.268132829261504],[144.66471165007283,13.267695295364206],[144.6656194835639,13.266956466194415],[144.6661687476086,13.266697235584672],[144.66652122557434,13.266510729907282],[144.66701127998795,13.266319881788263],[144.66732994502706,13.266151272234197],[144.66749777601206,13.266157939417496],[144.66818779109303,13.265769488269939],[144.66924397489288,13.265042721438533],[144.66984841316844,13.264807352326216],[144.67030184742055,13.264317972307083],[144.67105902779247,13.263829030918203],[144.67126516766632,13.263392242692476],[144.67152280275786,13.263114150972342],[144.67177808021063,13.262964095487348],[144.67212472987387,13.262807592134322],[144.6734270401987,13.262618016043689],[144.67352482737977,13.261836244950814],[144.67362459388096,13.261576663436472],[144.67375112780667,13.261134129151742],[144.67400666843764,13.261102328442462],[144.67429336279815,13.261167465067786],[144.6744399805168,13.260794497576057],[144.67438319431903,13.260448812899824],[144.67418863977252,13.260151596891035],[144.67408728323585,13.25963866241517],[144.6742558598927,13.258794342616739],[144.67429336279815,13.258742014001143],[144.67429336279815,13.258652182480262],[144.67444980583946,13.257745752606695],[144.67487474007635,13.257077586806304],[144.67496962681378,13.256992843398848],[144.67511974809327,13.256824804064365],[144.6759527183283,13.256179271596352],[144.6761798247387,13.256047068371629],[144.67673020180837,13.255408246949912],[144.67766235735917,13.254609983351259],[144.67838403607755,13.254478350346119],[144.6787366840124,13.254381851641995],[144.6795035910152,13.254340269473005],[144.6800032185389,13.254281273674337],[144.68112055839276,13.254430100994057],[144.68171024771846,13.254390975155843],[144.68265412018593,13.254209513728767],[144.68346338244385,13.253891375046464],[144.68394654487622,13.254032263154556],[144.68399516706427,13.254430100994057],[144.6841609913149,13.255088441471798],[144.6843013530663,13.25529174669623],[144.68440763322997,13.255365085711446],[144.68459704483428,13.25569695352766],[144.68471381923223,13.255777573808814],[144.68476207406707,13.255735991639824],[144.6848606507831,13.255621596812318],[144.68640104972872,13.255961667018425],[144.686718327599,13.255688312507345],[144.68682819904961,13.255286834035019],[144.6869243578152,13.25475968793188],[144.687584858548,13.253828124532106],[144.68772651425957,13.253310540573295],[144.687828243632,13.252423147262334],[144.68839884156648,13.251685590121099],[144.68934271951662,13.251016327744537],[144.69015537019516,13.250868070644458],[144.6910779252214,13.250615594943838],[144.69158926966168,13.250698759281647],[144.69203174911763,13.250795257985772],[144.69306815068342,13.250836840154761],[144.69306815068342,13.25074700863371],[144.69315798220464,13.25074700863371],[144.6939273345721,13.250618051274614],[144.6941852602563,13.250516639909051],[144.69441562349812,13.250477514070838],[144.69472750621355,13.250340222732575],[144.6959196928749,13.24984285963859],[144.69625969728656,13.249626658678153],[144.69661397363723,13.249352076001742],[144.69679868092953,13.24926733259423],[144.69715545199097,13.249018102759237],[144.6979431665269,13.248656583522802],[144.6987965988735,13.247995216494814],[144.6990430543708,13.248009910615792],[144.69935635715217,13.247962231483314],[144.69935635715217,13.247872399962262],[144.69944618867328,13.247872399962262],[144.69991377972372,13.24781393052018],[144.70023926546662,13.24762259990763],[144.70065394671633,13.247463201593575],[144.70115298757207,13.247333410836404],[144.70124281909295,13.247333410836404],[144.70134528317146,13.247226779768312],[144.70287532495502,13.247031194440126],[144.7045665853692,13.24697408475248],[144.705312279106,13.246700247747867],[144.7062733842679,13.246524927147675],[144.7062733842679,13.246435095626623],[144.70708186795673,13.246435095626623],[144.70708186795673,13.246524927147675],[144.70731060278285,13.246565675918589],[144.70771381384566,13.246884779587958],[144.70862151574772,13.24679227242126],[144.70942015218236,13.247138658906238],[144.70954807876,13.247292662065433],[144.70982588537038,13.247374159607489],[144.71024505161665,13.247531671810407],[144.71120560849067,13.247709317152214],[144.7121608798675,13.247806693117298],[144.7126023504734,13.247553822649252],[144.71274125377863,13.247513073878338],[144.7128310852995,13.247513073878338],[144.71339425393035,13.247570534470356],[144.71390870168125,13.247857530389297],[144.71399889507234,13.247962231483314],[144.71432804337985,13.247992409259837],[144.7144480526773,13.248052063004195],[144.71468085580125,13.248088732511803],[144.71506864900266,13.248208961124647],[144.71516670484527,13.248591052130053],[144.71548933948998,13.248807384679822],[144.71592204845217,13.24918320326941],[144.71611816013706,13.249256542284627],[144.7163824240314,13.249428660882359],[144.71642434613898,13.249489367340004],[144.71669004654814,13.249672802603982],[144.71698357806122,13.250097967121974],[144.71730241855232,13.25031807189373],[144.71756644120012,13.250700469940455],[144.71786165047456,13.25074700863371],[144.71826923687638,13.25087842232358],[144.71904597468483,13.2511110719268],[144.71911929176827,13.251196166238685],[144.71958203595239,13.251009792150455],[144.72014657530315,13.250516639909051],[144.72055659610407,13.250297851028904],[144.72055659610407,13.2501181879868],[144.72073625914607,13.2501181879868],[144.72077783034922,13.2499801071138],[144.72094992701557,13.24983185001372],[144.72124553105743,13.249319134853238],[144.721221877909,13.24902476994248],[144.72091091083485,13.248177993813272],[144.72152643001255,13.247392055730643],[144.72217673258683,13.247101857809525],[144.72268540138134,13.2471427381696],[144.72302539482723,13.246599932958475],[144.72381666226988,13.246299646536443],[144.72431857615493,13.246213850415643],[144.7245091830273,13.246435095626623],[144.7246586682927,13.246465273403146],[144.72495834063227,13.246614758668557],[144.72504817215315,13.246614758668557],[144.72504817215315,13.246884253231599],[144.72495834063227,13.246884253231599],[144.7246888460694,13.247243579315523],[144.7246888460694,13.247423242357456],[144.72459901454818,13.247423242357456],[144.72459901454818,13.247513073878338],[144.7245091830273,13.247513073878338],[144.7245091830273,13.247692736920271],[144.7245091830273,13.24778256844138],[144.7245091830273,13.247872399962262],[144.72459901454818,13.247872399962262],[144.72459901454818,13.248052063004195],[144.72459901454818,13.248141894525247],[144.7246888460694,13.248141894525247],[144.7246888460694,13.248321557567238],[144.72486850911116,13.248321557567238],[144.7250114807141,13.24828488805963],[144.7253640299574,13.248136806411708],[144.72586728166527,13.24824962216951],[144.72630581344697,13.248141894525247],[144.72630581344697,13.248052063004195],[144.72639564496785,13.248052063004195],[144.72639564496785,13.247962231483314],[144.72648547648896,13.247962231483314],[144.7264463396848,13.247642031237604],[144.72630492522023,13.247157037523095],[144.72660721837678,13.246749286634781],[144.72681597358496,13.246588177661863],[144.72710458147083,13.24648580130929],[144.7272041286568,13.246614758668557],[144.72738379169868,13.246614758668557],[144.72738379169868,13.246704590189438],[144.72738379169868,13.246884253231599],[144.72750913035657,13.24697408475248],[144.72738379169868,13.247063916273532],[144.72738379169868,13.247423242357456],[144.72738379169868,13.247513073878338],[144.7272939601777,13.247513073878338],[144.7272637824011,13.247662559143748],[144.7272041286568,13.24778256844138],[144.7272041286568,13.247872399962262],[144.72711429713593,13.247872399962262],[144.72707109203418,13.247919026381624],[144.72691790034128,13.248060967202832],[144.72671176595043,13.248584034042608],[144.7269812605133,13.24935290939959],[144.72702446561482,13.249489367340004],[144.7272041286568,13.249489367340004],[144.7272041286568,13.249669030381995],[144.7272939601777,13.249669030381995],[144.727695679897,13.249896153241139],[144.72788038718932,13.249980896648651],[144.7280098380079,13.250125776293999],[144.7297331513439,13.250916714763946],[144.73057533281883,13.251148706421475],[144.73077526058864,13.251257355189637],[144.73088722101716,13.252094481448466],[144.73105396639164,13.252197208705354],[144.73128332626618,13.252569474388167],[144.731695704706,13.2527541816807],[144.73208927686414,13.252577896093328],[144.73232452535274,13.252543639053442],[144.73263169827362,13.252417401203047],[144.73318121453065,13.252526006108383],[144.73326034346803,13.253584114399644],[144.733365000699,13.253928614773656],[144.73340250360468,13.254250437952066],[144.73349233512556,13.254250437952066],[144.73349233512556,13.254430100994057],[144.73349233512556,13.254519932514938],[144.73353977301133,13.25456230421878],[144.73371439180278,13.254836886895191],[144.73435743504274,13.255757484533149],[144.73470329517124,13.256066499701774],[144.7347923700545,13.256543685793872],[144.73496964256037,13.257037715296121],[144.73501947098225,13.257304709665505],[144.73514064265055,13.257409103718203],[144.73533053674828,13.25771228510149],[144.73589661130586,13.25837334508816],[144.73600761771308,13.258742014001143],[144.73609744923397,13.258742014001143],[144.73609744923397,13.258831845522195],[144.73618728075508,13.258831845522195],[144.73618728075508,13.258921677043077],[144.73649998041958,13.259147966504372],[144.73678393882233,13.25928196811401],[144.73763373053612,13.259059319285768],[144.73775762171329,13.259341007775902],[144.73733726019896,13.259951888436433],[144.73720635093423,13.260365385383693],[144.73722360007753,13.260800375224278],[144.73747118504832,13.261745272990538],[144.7380305375941,13.262558142984062],[144.73825340573762,13.262964095487348],[144.73872900179424,13.263134766604594],[144.73946386135833,13.26309094742038],[144.73957101878295,13.263210868991735],[144.74112801440924,13.263323421571272],[144.7414074439522,13.263243546962087],[144.74166319841572,13.262924136251229],[144.74187462926966,13.263041864670242],[144.742056342909,13.26347308228884],[144.74243553895337,13.2639922014543],[144.74264085091227,13.264479432184373],[144.7431043078708,13.264850557427962],[144.74328397091256,13.264850557427962],[144.74328397091256,13.264940388949015],[144.74341808218003,13.26504390574081],[144.7435027707587,13.265379852820388],[144.74327240203388,13.2655576297513],[144.74300734860458,13.265901033548971],[144.74288550802464,13.26633856744644],[144.7427561778295,13.266667540301626],[144.74225430780757,13.26677614520679],[144.7415726431543,13.266364973000975],[144.74094835136714,13.266467524805705],[144.74094835136714,13.266557356326643],[144.74049919376216,13.266557356326643],[144.74049919376216,13.266467524805705],[144.7402296991993,13.266467524805705],[144.74018730556406,13.266514984622972],[144.73943472532892,13.266615606453456],[144.73815798167823,13.267008049138212],[144.73833112009186,13.268146207491043],[144.73870101717011,13.268124144378078],[144.7392793295179,13.267916628301066],[144.7406344345029,13.268333151798686],[144.74135259321156,13.268290341464592],[144.74187981607497,13.268321747406446],[144.74293694841344,13.268728489444698],[144.74332636454778,13.269030267210496],[144.7436907348822,13.269294673659942],[144.74445747191578,13.269923757485003],[144.74495449507117,13.270480072514601],[144.74537258667272,13.270671929483854],[144.7457094219792,13.271048932375834],[144.7458890850213,13.271048932375834],[144.7458890850213,13.271138763896715],[144.74633824262594,13.271138763896715],[144.74642807414705,13.271138763896715],[144.74642807414705,13.271048932375834],[144.74660773718892,13.271048932375834],[144.74660773718892,13.270959100854782],[144.74687723175202,13.270959100854782],[144.74687723175202,13.271048932375834],[144.7470761506719,13.271089110927164],[144.74714672631478,13.271228595417824],[144.74772842708308,13.27130136421323],[144.7479951582742,13.27145813074452],[144.74836773099832,13.271564674086505],[144.74871381044204,13.271817456828444],[144.74912301977668,13.271857416064563],[144.74971514898425,13.271894085572171],[144.7499794128787,13.27206620416996],[144.7500213349863,13.272126910627549],[144.75032552521964,13.272361709520055],[144.75068485130373,13.272827228041592],[144.75073998715413,13.27302522583733],[144.75082981867513,13.27302522583733],[144.75082981867513,13.273115057358439],[144.75091965019624,13.273115057358439],[144.75091965019624,13.27320488887932],[144.75099725489258,13.273677293899311],[144.75060744399082,13.27466886194793],[144.75038066107015,13.27473202473601],[144.75029588476548,13.274826900507435],[144.7497976773078,13.27498077207747],[144.74929990848068,13.27495107679448],[144.74875376967827,13.275562308359383],[144.7481812582182,13.2764625096803],[144.7477022737412,13.27676713854413],[144.74755349028453,13.277564261703617],[144.74742984035402,13.278143034613606],[144.7472741265359,13.278282124336783],[144.7478229848474,13.278367657279091],[144.74852584631822,13.278980687228966],[144.74949028507206,13.279086309446939],[144.75060271774737,13.278098162716105],[144.75123658264488,13.277743924745778],[144.7514586393221,13.277606633407459],[144.75150021052514,13.277468552534344],[144.7516783931893,13.276983339504568],[144.75255498522483,13.276228149418273],[144.75334300680208,13.27610805239459],[144.7536561670289,13.275671922114782],[144.7541451851779,13.275293603331363],[144.75460229296016,13.275330316702025],[144.75509823050504,13.275681966752586],[144.75541122624531,13.276438823634692],[144.7555010577662,13.276438823634692],[144.7555010577662,13.276528655155744],[144.75559159109594,13.276707616388933],[144.75577055232918,13.276798149718559],[144.7558603838503,13.276798149718559],[144.7558603838503,13.276887981239668],[144.75595021537117,13.276887981239668],[144.75595021537117,13.27697781276055],[144.75626797025188,13.277019394929539],[144.75681590743943,13.277169362688426],[144.75727838844523,13.277339200407823],[144.75782824464102,13.27810496148851],[144.75869342131853,13.278726193828163],[144.7591991622544,13.279122277145802],[144.7594053843717,13.279451513179254],[144.75959173652825,13.279714340559053],[144.7597231392524,13.279942252953049],[144.75981297077328,13.279942252953049],[144.75981297077328,13.28003208447393],[144.75976607021005,13.280415798412264],[144.75945364468953,13.281199894246754],[144.7592914830035,13.281507330345732],[144.75896066790017,13.281620058377428],[144.75882482404256,13.281559220330621],[144.75873499252157,13.281559220330621],[144.75873499252157,13.28164905185173],[144.7586451610007,13.28164905185173],[144.7586451610007,13.281738883372611],[144.75855532947958,13.281738883372611],[144.75850308859026,13.282138168692768],[144.75814349932807,13.28299196290942],[144.7581607813686,13.283206979567638],[144.75892842856047,13.283381379043988],[144.75998989237507,13.283090874081324],[144.76028967437196,13.28241906764788],[144.7612766477664,13.282326121850701],[144.76192945053435,13.28308385599371],[144.76228668215776,13.283307601398292],[144.7630307639273,13.283971775661257],[144.76325848990336,13.284482078354188],[144.7635897107399,13.285582207444918],[144.76374338492633,13.285857623519234],[144.76370981872924,13.286275375182356],[144.76373198053375,13.286551273750149],[144.76353763433679,13.28708052527952],[144.7634544919306,13.287626181588621],[144.762914800996,13.28793734604659],[144.76282567128362,13.288555113205405],[144.76323672286628,13.288909263449852],[144.76349606313363,13.289913551781979],[144.7635903906172,13.29029757276163],[144.76349606313363,13.290362709386955],[144.76363448394534,13.290878582686958],[144.76389587481037,13.29137256832621],[144.7647104993257,13.291483892740416],[144.76506640409207,13.291756808621074],[144.7655295759405,13.292055910740999],[144.7663240453859,13.292744955351907],[144.76693836929553,13.29303489009476],[144.76769009420127,13.293495145050713],[144.76911688237124,13.295035045054306],[144.76937831709915,13.295439900981421],[144.76968619182855,13.295841379453748],[144.76983089602174,13.295975468789436],[144.76995978758634,13.29611455851267],[144.770186800788,13.29669754227507],[144.77042150098862,13.297268946193071],[144.7701862086368,13.297940270132756],[144.7701939066019,13.29813453956939],[144.77074370796868,13.299330772596875],[144.77097725676458,13.30006843939583],[144.77152035805102,13.300735793729757],[144.77173537470935,13.30163845138128],[144.7722563470884,13.30262300134217],[144.7724906305899,13.303224648831304],[144.77242785160354,13.304808543471268],[144.77253290360193,13.306221328363563],[144.77251320909363,13.30671807737474],[144.77234275729165,13.307204408912241],[144.7721612191043,13.308225781901456],[144.77187990345033,13.308757423966938],[144.7717139366447,13.308911207811093],[144.7716275264413,13.309123855864584],[144.7718071894834,13.309809523020874],[144.77189359968668,13.310172270422413],[144.7720413523616,13.310593838170576],[144.7719762376678,13.312236684746154],[144.77198691831984,13.312506179309196],[144.7719821591794,13.312626385990427],[144.7717139366447,13.313133289297127],[144.77161260203968,13.31482287194973],[144.77164183676064,13.315560451022577],[144.7716043228893,13.316507059447474],[144.7718071894834,13.31708587622029],[144.77192733037032,13.317465335443103],[144.77234617860927,13.318074022951123],[144.77247509210554,13.318347158147049],[144.77256904675278,13.318839301538333],[144.772658878274,13.318839301538333],[144.772658878274,13.319018964580437],[144.772658878274,13.319108796101318],[144.77274870979488,13.319108796101318],[144.77274870979488,13.319198627622427],[144.77274870979488,13.319288459143309],[144.7728083635394,13.319408468440884],[144.77283854131576,13.319647785227176],[144.77292837283687,13.319647785227176],[144.77292837283687,13.320725763479118],[144.77292837283687,13.320905426521051],[144.77283854131576,13.320905426521051],[144.77292784648046,13.321085089563041],[144.77283854131576,13.321264752604975],[144.77283854131576,13.32171391020978],[144.77283854131576,13.321893573251714],[144.77274870979488,13.321893573251714],[144.77269641407656,13.322039308226579],[144.77271847718953,13.322409380757222],[144.7725421806365,13.324736710186698],[144.77273284233752,13.325448585513698],[144.7726663130603,13.326564812342895],[144.77276217575036,13.32817322642643],[144.77234194582536,13.328852994002716],[144.7719876639918,13.329486858899998],[144.77179790148318,13.329656411509632],[144.7712063973239,13.330586461634198],[144.77090968573987,13.331993368878045],[144.77113174241708,13.333032681853638],[144.7712215739382,13.333032681853638],[144.7712215739382,13.333212344895571],[144.7712215739382,13.333302176416453],[144.7712215739382,13.333661502500377],[144.77116738114307,13.334192815593099],[144.77078393038323,13.334733625035483],[144.7702749984104,13.334960725963242],[144.77005376416537,13.335098806836186],[144.76996393264437,13.335098806836186],[144.76996393264437,13.335008975315304],[144.76967857062414,13.334827426162178],[144.76932104292507,13.334676778526102],[144.76885525025966,13.334095110655085],[144.7682267914828,13.333980891279793],[144.76780777875706,13.334286967624337],[144.7678710841003,13.334795866699608],[144.76856993210208,13.335287110898491],[144.76865640810001,13.335698853324061],[144.76829063414812,13.335653367343923],[144.76723548661255,13.335801887622324],[144.76681492771445,13.33574958093817],[144.766311884356,13.336151914740185],[144.76560755347293,13.336306553913687],[144.76498325071998,13.336037059350645],[144.76362584292497,13.335957184741517],[144.76349606313363,13.335907290525086],[144.7634544919306,13.335955539877148],[144.76292827791724,13.336333398098475],[144.76279202832643,13.33678593315824],[144.76219523866985,13.337507392561008],[144.76201718759478,13.338291159422738],[144.76196892727694,13.338332741591557],[144.76196892727694,13.338512404633548],[144.76196892727694,13.3386022361546],[144.76187909575617,13.3386022361546],[144.76175829692352,13.338993428742413],[144.7610893525541,13.33918361891574],[144.7607029410384,13.338973624576454],[144.76032865765546,13.338554732474336],[144.75996508782168,13.337762587770499],[144.75986040865905,13.336758167849041],[144.75976553288763,13.336224222973726],[144.75967072291087,13.33551541805997],[144.7591367122409,13.335415739284826],[144.75862033451574,13.335135147370863],[144.75824344128148,13.335236076242893],[144.75763548847942,13.335349549946386],[144.75717197669223,13.335868340139086],[144.75680613694567,13.336485975708797],[144.75696458123855,13.33666833632816],[144.7572502503001,13.336219178723184],[144.75734512607153,13.336134391452674],[144.75759946595167,13.33584974220696],[144.75802861104125,13.335466291446949],[144.75900904884156,13.335524738957588],[144.75954714974068,13.335900601410401],[144.75949053351223,13.336850521495421],[144.75951852910225,13.33732027280098],[144.75984176686393,13.338527164548964],[144.75946893096148,13.338698296228245],[144.75893109324068,13.338281487620748],[144.75873499252157,13.338293177122864],[144.75856234756736,13.338282891238237],[144.7581912223236,13.337867530111396],[144.7579739467186,13.33811068491434],[144.75783811382666,13.338232053966408],[144.75788890723538,13.339084334908023],[144.75855532947958,13.339141225280457],[144.7586451610007,13.339141225280457],[144.7586451610007,13.339231056801339],[144.75877499562102,13.339347052630103],[144.75894245376992,13.339711927389658],[144.75944165911187,13.339983198406003],[144.75972420293147,13.34000004181604],[144.76129266874432,13.339902271083531],[144.7613401066303,13.339859877448248],[144.76139007760685,13.339477939963444],[144.76246068686658,13.339002683845422],[144.76255283216346,13.339010096700292],[144.7627028986143,13.338998034362305],[144.76304690552865,13.339051393759405],[144.76399348105645,13.339092975928395],[144.76448611790704,13.339200418462895],[144.76512727503587,13.339148901313763],[144.7658904701284,13.339357777145267],[144.76717915549398,13.339231056801339],[144.76729916479155,13.33917140305698],[144.76753848157784,13.339141225280457],[144.76768796684325,13.339111047503934],[144.7679279854383,13.338991740015047],[144.7680774707037,13.338961562238524],[144.7681884990426,13.338832692605308],[144.76879612287155,13.338781899196533],[144.7689250911966,13.338731193513695],[144.76932034111633,13.338621141127987],[144.769972102137,13.338227996634487],[144.77041309024935,13.338153078549624],[144.7704530385198,13.338103184333193],[144.7708660529737,13.338023309724065],[144.77136109132607,13.338641493581918],[144.77140123698018,13.338781899196533],[144.77149106850106,13.338781899196533],[144.77149106850106,13.338871730717415],[144.77181690514828,13.339090234487912],[144.77179406346636,13.339192172209948],[144.771903534667,13.339267748240559],[144.77203493739103,13.33945807000299],[144.77197372650846,13.339731161335862],[144.77211780565312,13.33983062079568],[144.77203005762692,13.340039540490238],[144.77220972066903,13.340039540490238],[144.77220972066903,13.34012937201129],[144.7722995521899,13.34012937201129],[144.7722995521899,13.340219203532172],[144.77252747554974,13.340620111785086],[144.77262159468376,13.34093272372354],[144.77261035477784,13.341072602981626],[144.77262455543928,13.341249349130862],[144.77252078643505,13.341338763952933],[144.77236256145738,13.341522418532122],[144.77186425530817,13.34161330276629],[144.77148524568167,13.341824766517675],[144.77140123698018,13.342285328514777],[144.77140123698018,13.34246499155671],[144.77150751714385,13.34253837443498],[144.77158090002206,13.342824317640634],[144.77167073154317,13.342824317640634],[144.77167073154317,13.342914149161686],[144.77179074084063,13.342973802906045],[144.77211988914792,13.343003980682738],[144.77220972066903,13.343003980682738],[144.77220972066903,13.34309381220362],[144.7722922380268,13.343164892271886],[144.77225099579653,13.343678067994404],[144.7715133180318,13.344504513601123],[144.77133565075872,13.344902680413497],[144.77136841645483,13.345310497096364],[144.77197260800085,13.34639338800946],[144.77203005762692,13.346956567605957],[144.7719868525254,13.348979487486758],[144.77180996382117,13.349995333732124],[144.77176056306405,13.351178649092162],[144.7718779625103,13.351600238771766],[144.77208075234398,13.351936427098167],[144.77215902595196,13.352127669984611],[144.77229431055594,13.352351941745724],[144.77206919443108,13.352924573829],[144.77195179498483,13.35348091079004],[144.77175343531894,13.353809752056065],[144.77167073154317,13.353873594721449],[144.77154166452635,13.354906657212837],[144.7717206147936,13.356338983092769],[144.77176056306405,13.356927866434887],[144.7716275264413,13.358052471106134],[144.77153427360292,13.358498207393268],[144.7714427752859,13.359357945053034],[144.77146297421928,13.359867677526324],[144.7716275264413,13.360654163896925],[144.7717441911817,13.36150778266142],[144.77171223695154,13.362313919677206],[144.77120655084445,13.363269585821456],[144.77068258481233,13.363755062029497],[144.77043061353686,13.364823390411004],[144.77020917094205,13.365028581746571],[144.77014359568625,13.365372029407297],[144.77008394194195,13.365492038704872],[144.77005376416537,13.365641523970112],[144.7700138158949,13.365781249707595],[144.7696944380815,13.36618051309614],[144.76963408252823,13.366299820585027],[144.7695147750394,13.36636017613813],[144.76944158954507,13.366717484521871],[144.76978362262253,13.367381417538184],[144.77000859619238,13.36830427412292],[144.77054917535372,13.369353631736374],[144.77152944866748,13.37054692593972],[144.77225093000186,13.371240093676988],[144.77244391644456,13.37163790958499],[144.77241809207555,13.372903709405534],[144.77252503018497,13.373950040468571],[144.7726180856398,13.376705780281611],[144.7731477538681,13.377487156607401],[144.7732418839679,13.378353583381625],[144.77365622527884,13.37889963445815],[144.77390921637016,13.37942112222828],[144.77420278078046,13.380461926547468],[144.7744114921254,13.38086706758429],[144.7745135614366,13.381077456690946],[144.7744924852425,13.3821102340724],[144.7747708182095,13.382753529524905],[144.77485885134547,13.383923137682586],[144.77496544951623,13.384966091291062],[144.77550143402357,13.385672461805655],[144.77548400942794,13.38652640954308],[144.77568709533728,13.386920650612751],[144.7762594752079,13.387470583568984],[144.7760266611183,13.3876942631789],[144.77584527645172,13.387970929350104],[144.77586304098588,13.388841501182526],[144.77566174249569,13.389232255139916],[144.77469844418124,13.389212582563061],[144.77458783254178,13.389779205408786],[144.77430548610573,13.390327274185495],[144.7740063510886,13.390614686803247],[144.77395584278952,13.391018906716283],[144.77398422218118,13.391247038425547],[144.7738070045042,13.391708060984683],[144.773324609675,13.392094362842727],[144.77283854131576,13.392141822659994],[144.77277382138948,13.39221426248281],[144.77225211430414,13.392453710858263],[144.77204029964855,13.392568807494456],[144.77164350355633,13.393012898917505],[144.7711961004734,13.393412666731024],[144.77050385385996,13.393730366783075],[144.770370696614,13.393925250302516],[144.77057401280422,13.394070678235835],[144.77100127178278,13.393838489194707],[144.77156681998383,13.393716396402453],[144.7719322868944,13.394219988049088],[144.77226221377077,13.394514769658883],[144.7727998321766,13.395116482942512],[144.77322948169115,13.395313669271843],[144.7737157255026,13.395139204000941],[144.774495643382,13.395185698831199],[144.77490587253226,13.395408610837876],[144.77579859520347,13.395507982571644],[144.77657202135185,13.395087686851866],[144.77723523062775,13.395829959270827],[144.7773778403605,13.39595738142333],[144.77737222589042,13.39605177470122],[144.77751483562315,13.396179196853893],[144.77782941043301,13.396531263603492],[144.778450489252,13.397668983325673],[144.77939329255764,13.398695005797777],[144.78007352069596,13.398956495354753],[144.78073620361556,13.399366176216972],[144.78105560336041,13.399914771350154],[144.78194522272122,13.401344092611339],[144.78204375009125,13.402652505382378],[144.78185397661684,13.403361047117869],[144.78145225689764,13.403719978434367],[144.78128270428817,13.403909751908827],[144.7813770317714,13.403974888534151],[144.78128270428817,13.404358909513633],[144.78137253580928,13.404358909513633],[144.78137253580928,13.4047182355975],[144.78137253580928,13.40489789863949],[144.7818496122436,13.405339928499302],[144.7821237562896,13.405920806835297],[144.7829672207589,13.406861208639214],[144.78312253980948,13.407190313083333],[144.7832725185342,13.407329271217407],[144.78349449845098,13.408305377541694],[144.7834492866151,13.409446211540342],[144.78378981738308,13.410167780600887],[144.78418263290382,13.41059173888516],[144.78464967566617,13.4107835739228],[144.78492259154677,13.410869984126066],[144.78536832783402,13.411053068485614],[144.7860904013196,13.411319141730871],[144.78640882511183,13.411487641627389],[144.78689888500867,13.411678467814738],[144.78712175315195,13.411814925755152],[144.78721158467306,13.411814925755152],[144.78721158467306,13.411904757276261],[144.78730141619394,13.412084420318195],[144.78739124771505,13.412084420318195],[144.78739124771505,13.412174251839076],[144.78748107923593,13.412174251839076],[144.78748107923593,13.412353914881066],[144.787609630862,13.412453133094232],[144.78775057379892,13.412803072486042],[144.7879302368409,13.41316239856991],[144.78824799172162,13.413383643780719],[144.78878030269857,13.413870106907552],[144.78860063965658,13.414192127469562],[144.78845343526984,13.414521977585707],[144.78824799172162,13.415276772904576],[144.78812539450428,13.415496504840348],[144.78721064161743,13.415635901604844],[144.78628674328525,13.415975182276156],[144.78554748645104,13.416436599602719],[144.78539490884089,13.416613696656384],[144.78517379521907,13.417348117589825],[144.78442680752266,13.417743806140038],[144.78420776642986,13.418250051501047],[144.78415731295968,13.420259088727562],[144.78427236573282,13.420304004488116],[144.78415731295968,13.4203489202485],[144.78415731295968,13.420618414811486],[144.78406748143857,13.420618414811486],[144.78392450983586,13.421194095376393],[144.78388781839658,13.421516730021267],[144.78388781839658,13.421606561542148],[144.7837979868757,13.421606561542148],[144.78391260101841,13.421739598164947],[144.784355880975,13.421873051486386],[144.78467687075556,13.42271892842325],[144.78510388848747,13.423444774130871],[144.7851454596905,13.423582855003815],[144.7852862271751,13.42362853836778],[144.78550298738935,13.423854147951772],[144.78573206215435,13.424074230791916],[144.7860592804875,13.424414805422998],[144.786410294524,13.424652740523413],[144.78698610667823,13.424886311250589],[144.78798745618622,13.425049328266141],[144.78909267339043,13.4254976305416],[144.78999636182346,13.425516074952952],[144.79034853823077,13.425508881413123],[144.79112015502824,13.425603165033522],[144.7922399347642,13.426408512514456],[144.7935896226627,13.42645746367532],[144.79381917992112,13.42649740097994],[144.79425838061434,13.426776852454566],[144.7947326498139,13.426976692498442],[144.7955282377667,13.427612969863276],[144.79646344179935,13.42817097362024],[144.79727126754256,13.428481480132461],[144.79808119871177,13.428523588657868],[144.79808119871177,13.428433757136986],[144.79826086175376,13.428433757136986],[144.79826086175376,13.428343925615934],[144.79835069327476,13.428343925615934],[144.79835069327476,13.428254094094996],[144.79835069327476,13.428164262573944],[144.79844052479586,13.428164262573944],[144.79844052479586,13.428074431053062],[144.79844052479586,13.42798459953201],[144.79853035631675,13.42798459953201],[144.798838976718,13.427754230807352],[144.79897951392172,13.427715104968968],[144.79902442968228,13.427600052195828],[144.7990693454426,13.427715104968968],[144.79918935474018,13.42765545122461],[144.79951850304758,13.427625273448086],[144.79961033033715,13.427506316863571],[144.79996766065256,13.427445610406153],[144.79996766065256,13.427355778885044],[144.80014732369455,13.427355778885044],[144.80014732369455,13.427265947364162],[144.80041681825753,13.427265947364162],[144.80041681825753,13.42717611584311],[144.8005066497784,13.42717611584311],[144.8008843983422,13.42704057902688],[144.80213388110928,13.426950265012294],[144.8028897072096,13.42677439612396],[144.80344398260752,13.426625941640225],[144.80412339927955,13.426585456047576],[144.80544135226341,13.426697964764003],[144.80717383297633,13.427330996263436],[144.80837236881382,13.428364036823211],[144.80878428669143,13.428953753563349],[144.809253906408,13.43002067832714],[144.80935253247003,13.431176140652099],[144.80953723976234,13.431620254006532],[144.80971185855378,13.432254118903813],[144.80998119959622,13.43274977133899],[144.81017307849686,13.433371201062357],[144.81078477062385,13.43405581550553],[144.81097454409814,13.434225368115165],[144.81127849308484,13.434644172491232],[144.81187386815816,13.435176143529475],[144.81231971410284,13.435941926541773],[144.81301748746034,13.43693785896346],[144.81368032390014,13.43753009782887],[144.81421165892448,13.438262215952307],[144.8150284107977,13.438576209576638],[144.8155236684653,13.439018721929983],[144.81582040198077,13.439350809061466],[144.81596271563797,13.439477989967315],[144.8161525110437,13.439690396774097],[144.81687366340532,13.440213748723636],[144.81709495247912,13.440530549583116],[144.81725965822204,13.441063968102071],[144.8180250903298,13.441920635348367],[144.81905433673614,13.442225417732914],[144.81968820163343,13.44231020500348],[144.8201548386627,13.44243517082532],[144.8210222304241,13.442074419192522],[144.8214465396128,13.44230498530078],[144.82175432661597,13.442400036524532],[144.82208147915458,13.442517414039173],[144.82389865941195,13.442324394699313],[144.8249408234857,13.442447474410187],[144.82540498225262,13.442491776088048],[144.82601235386937,13.442730544586368],[144.8261086332585,13.443076295057097],[144.8261984647794,13.443076295057097],[144.8261984647794,13.443166126577978],[144.8263280800844,13.443306005836007],[144.82657950307168,13.443538962480602],[144.82722981661175,13.444313693554534],[144.8270433109344,13.44484584004499],[144.82687049052788,13.44500596209923],[144.82677434272807,13.445209662091258],[144.82678601029863,13.445503522577042],[144.82720253379648,13.445724614267249],[144.8280628636071,13.445371231626211],[144.82844940671214,13.445575765016088],[144.8292916649474,13.446484804740862],[144.82940272618316,13.447181920152445],[144.8299487772597,13.447534535190243],[144.83077138484975,13.447501923014556],[144.83124514962435,13.447667966580298],[144.83136206657707,13.447794160567469],[144.83178659508098,13.448105544340592],[144.83249827302427,13.44887363016295],[144.832709539392,13.44932129642416],[144.8329824552725,13.449767032711293],[144.83354885880283,13.450815688516002],[144.8336976861225,13.451313950802387],[144.8333539533519,13.451963540602264],[144.83329515493688,13.452149278676245],[144.83316619757773,13.452477330407476],[144.83326717031287,13.453046650830629],[144.8336108372888,13.452995857421683],[144.8340529329431,13.453098299568865],[144.83410363862572,13.453137425407078],[144.83458556192704,13.453032307614023],[144.8349537044835,13.453545000843064],[144.83536796903434,13.453804472699687],[144.83580879266026,13.454418401842076],[144.83651801427288,13.454827293169444],[144.83685707562893,13.4553686508998],[144.8370264966493,13.455514627121488],[144.83706807881845,13.45556287647355],[144.8374146626869,13.455651808802088],[144.83778673098607,13.45637136016245],[144.83778673098607,13.456461191683331],[144.83787656250718,13.456461191683331],[144.83787656250718,13.45655102320444],[144.83787656250718,13.456640854725492],[144.83796639402806,13.456640854725492],[144.83796639402806,13.456910349288307],[144.83805622554928,13.456910349288307],[144.83805622554928,13.457000180809416],[144.8381827485092,13.457232983933181],[144.83853185450312,13.45765159092565],[144.83859521467502,13.45789849601914],[144.83929542243163,13.458654212462022],[144.83962827716618,13.458667415239177],[144.83996527695922,13.458654037009808],[144.8402848850535,13.458804882029654],[144.84065022037498,13.45933580035478],[144.84034863999295,13.459774057992433],[144.84069432466924,13.460363577348971],[144.84110624254686,13.460471502377004],[144.8426842595386,13.460370573504974],[144.84309468607262,13.460226724641132],[144.84358257474832,13.46045698370824],[144.8436689849516,13.460550236546965],[144.84385549062904,13.46072305695344],[144.84418207294823,13.4614150623201],[144.8451062892873,13.462167203924707],[144.84555886820988,13.462343445648855],[144.84589678912687,13.462522253361499],[144.84632072547936,13.462539052908653],[144.84682594005892,13.462519029427483],[144.84723952473246,13.462965423660364],[144.8476215718748,13.463065519134489],[144.849624643727,13.463185660021225],[144.85033068526855,13.463460593602008],[144.85117162761253,13.463917207924908],[144.85131459921547,13.463953899364128],[144.85161398644516,13.464079632789208],[144.8517106167384,13.464456197050765],[144.85305475596147,13.465688858339206],[144.85354360962424,13.466216465004209],[144.85405650023722,13.466691721122231],[144.85439613181256,13.467058262677597],[144.85482892850098,13.467728468109499],[144.8554403355181,13.468451989075675],[144.85572724371093,13.468896277882493],[144.85674627002686,13.470102160780186],[144.8570991921058,13.470583316478269],[144.85741662897954,13.470877440142146],[144.857770362525,13.471259224106404],[144.85884132268927,13.471676252029226],[144.85945902405365,13.472149929077545],[144.85952595906383,13.472361370897318],[144.8596694570232,13.472433964240565],[144.85970562210582,13.472720696981241],[144.85975632778855,13.472759822819455],[144.859883618352,13.473070877619875],[144.8602953169144,13.473388643466365],[144.8603344427528,13.473439349149032],[144.86045375024162,13.473499704702306],[144.86051410579466,13.473619012191023],[144.86051410579466,13.473708843712075],[144.86065361221677,13.473779419355196],[144.86069376883665,13.473978338274947],[144.86104399333817,13.474757433722118],[144.8613399811818,13.475187576695987],[144.8624135073344,13.476069750304418],[144.86319284402805,13.476619200767175],[144.86346937861015,13.477047413766968],[144.86361158260968,13.477348730970675],[144.8639693954185,13.477868727397038],[144.8640175351129,13.478020756719161],[144.8641561423426,13.478062492408753],[144.86414844437786,13.478158420893294],[144.86449314213553,13.478455373723932],[144.86491585032286,13.479188566491985],[144.86491585032286,13.479278398013037],[144.86508753029023,13.479330090614155],[144.86552563440705,13.479838594922342],[144.86604043306238,13.480068305701252],[144.86666423139036,13.480584288658804],[144.8671946452904,13.480994649398326],[144.86763233270858,13.481502649281367],[144.86797012203613,13.48179368060039],[144.86805995355712,13.48179368060039],[144.86805995355712,13.481883512121442],[144.86815320639585,13.481969922324708],[144.86849522850764,13.482339051799784],[144.86931114698302,13.482914271802827],[144.86964744496697,13.483549836393081],[144.86999475257596,13.48439537339118],[144.87055275633293,13.485828324319414],[144.87129415149082,13.486264191421128],[144.8717883345139,13.48679753317964],[144.8722354086242,13.487140366757671],[144.8727629494946,13.487345788374284],[144.87348791794113,13.48772941458651],[144.87403717102018,13.487988634230646],[144.87430153360663,13.488128513488505],[144.87460285081033,13.488270717488035],[144.87493377557132,13.488484418254814],[144.87541304515798,13.488874459437625],[144.8760583802424,13.489291191284849],[144.87670226784587,13.48973426289183],[144.8778239775561,13.490045142240035],[144.87852789173996,13.490212819704311],[144.87943070291203,13.490557320078324],[144.87976855803424,13.490543919917343],[144.88041619592866,13.490809938333712],[144.8815611749851,13.490942580188914],[144.8832672501436,13.490874954335709],[144.88400333787285,13.491003122159952],[144.884049964292,13.4910463272617],[144.8841397958131,13.4910463272617],[144.8841397958131,13.49113615878258],[144.88422962733398,13.49113615878258],[144.88422962733398,13.491225990303633],[144.88442854625373,13.491266146923351],[144.88449912189685,13.491405653345623],[144.88464860716226,13.491435831122146],[144.88488862575764,13.491555138611034],[144.88527742780934,13.49161549416408],[144.8853076055857,13.491675147908438],[144.8853974371068,13.491675147908438],[144.8853974371068,13.49176497942949],[144.88548726862768,13.49176497942949],[144.88548726862768,13.4918548109506],[144.88574693786813,13.491932985866526],[144.88664691987367,13.49243511906701],[144.88714127834885,13.493224423638367],[144.88746777294182,13.493790706545497],[144.8882720457782,13.494729419621876],[144.8883618772993,13.494729419621876],[144.8883618772993,13.494819251142928],[144.88862757770858,13.495002708338518],[144.88881103490428,13.495268408747904],[144.8889899961373,13.49535894207753],[144.88908052946715,13.49553790331072],[144.88930763039468,13.495580296946002],[144.8897573582193,13.495700744874114],[144.89102655742602,13.496828134848727],[144.89149435682612,13.497427907192503],[144.8916382056898,13.497741297699974],[144.8917330814612,13.497915916491593],[144.89190770025277,13.498483603016211],[144.8913850281806,13.49944544288445],[144.89128392385624,13.499987085724513],[144.89123648597058,13.500029479359966],[144.89123648597058,13.5002091424019],[144.89123648597058,13.500298973922838],[144.8911466544497,13.500298973922838],[144.8912335471465,13.50068149259306],[144.8911466544497,13.501376952174724],[144.89121951097127,13.501562273549666],[144.8911466544497,13.502005772821462],[144.89118334588875,13.503136891155236],[144.89123648597058,13.50335324563622],[144.89123648597058,13.503712571720143],[144.89123648597058,13.503802403241195],[144.89110426081447,13.504421256010573],[144.89128574417293,13.505134480126287],[144.89146358689834,13.50546176425405],[144.89186596456318,13.506338465947351],[144.8928958469835,13.50681428131935],[144.8932602173179,13.50689906858986],[144.89374235993455,13.50702820140134],[144.8946256739821,13.507216922162513],[144.89545817268936,13.506993944361284],[144.8959029659211,13.507112780322302],[144.89629275489165,13.50761576885202],[144.89656095549435,13.508484312018481],[144.89688148471316,13.508925958076532],[144.8974240486774,13.509349137791617],[144.89769599957083,13.509653525408794],[144.89792641215854,13.50977872151168],[144.89877073195714,13.510087243220994],[144.89918405345225,13.510407542158589],[144.89957564080783,13.510691741808216],[144.90004427360566,13.511216245162757],[144.9008060650807,13.51174997072286],[144.90118530498808,13.512174400534832],[144.90230982193293,13.512690515081488],[144.90283030085277,13.513273060213464],[144.90385529254343,13.513371982350975],[144.9051179780878,13.513456769621484],[144.90542153230706,13.513565681568139],[144.9059415506647,13.513534692325152],[144.90632818149572,13.513773702070125],[144.9064180130166,13.513773702070125],[144.9064180130166,13.513863533591177],[144.90645819156794,13.513913701951537],[144.90690710792637,13.514272742925698],[144.90722649670545,13.514492354238143],[144.90731632822656,13.514492354238143],[144.90731632822656,13.514582185759025],[144.90740615974744,13.514582185759025],[144.90740615974744,13.514672017280077],[144.90758582278931,13.514761848800958],[144.90767565431042,13.514761848800958],[144.90767565431042,13.514851680322067],[144.90780706800035,13.514899940639907],[144.9083560798324,13.515024665214924],[144.90888504625207,13.515169435202779],[144.90944673450497,13.51529703280761],[144.91052451537303,13.515692831015315],[144.91149505109024,13.51580964927615],[144.9121595104633,13.515438929765764],[144.91266463731654,13.515522072171962],[144.91292746469628,13.515618592807755],[144.91335868231488,13.515716560924034],[144.9136943662162,13.5158398270529],[144.91392227861024,13.515881398255885],[144.9144513327559,13.516319019879461],[144.91450284990503,13.516378816178758],[144.91459268142614,13.516378816178758],[144.91482548454997,13.516415507617808],[144.91515070711455,13.51655210811299],[144.91522150207288,13.516827973783563],[144.915311333594,13.516827973783563],[144.915311333594,13.516917805304615],[144.91545105933142,13.5169577535749],[144.91582828153867,13.517179503210969],[144.91661998761185,13.517317277042594],[144.91765748027092,13.517613911866135],[144.9180561734397,13.517856068784852],[144.91840554261205,13.518135498327979],[144.9188566959857,13.518452606228834],[144.91933835610848,13.51905407826564],[144.91975301542664,13.51921347657975],[144.91998257268494,13.519253424850206],[144.92016223572693,13.519253424850206],[144.92094166014704,13.519330075525318],[144.9213475029926,13.519181039856221],[144.92245274212837,13.519269851561376],[144.92347262377382,13.519699358520995],[144.92403060559934,13.52001067649968],[144.92438431721314,13.520421234622802],[144.92447414873413,13.520421234622802],[144.92447414873413,13.52051106614391],[144.92472421196703,13.520683722064007],[144.924923306339,13.521050055269768],[144.92555212698608,13.521409381353635],[144.92580219021897,13.521582037273788],[144.92612780755098,13.522181173603315],[144.9262707791537,13.522397528084525],[144.926590167933,13.522796802438904],[144.92671993675867,13.523026348731435],[144.92671993675867,13.523116180252316],[144.9272173437156,13.523696740581386],[144.92730050805335,13.523883092738004],[144.92751241043527,13.524262891899355],[144.92774966565833,13.525050902510827],[144.9277979150104,13.525182305234864],[144.92784960761173,13.525465660520979],[144.92818336153903,13.526063864760715],[144.9284724628842,13.526825722030253],[144.92855814934728,13.527339753082117],[144.92842673565735,13.527697587822445],[144.9283693627916,13.527834166386185],[144.92851656717846,13.528056913906369],[144.9285556930165,13.528107608623372],[144.92912755749637,13.528427754040251],[144.9293764364271,13.529035882294465],[144.9295569547986,13.529175213264523],[144.9295303957233,13.529354876306456],[144.9296452511128,13.529443523525117],[144.92968437695106,13.529494218242178],[144.92980741279905,13.529774777258694],[144.92968437695106,13.529853544326045],[144.92972777943658,13.530185313450431],[144.92996056062873,13.530385855303052],[144.93008528520397,13.53053062529068],[144.9301817839081,13.530613767697105],[144.9303445377452,13.530802685842048],[144.93062427432983,13.531249277458699],[144.93096506827635,13.531729906800024],[144.9312530949768,13.532686581794337],[144.93157083889184,13.533356973644459],[144.9317336585234,13.533469383669058],[144.9320677414238,13.53396551859754],[144.93214651945675,13.534796756242315],[144.93196685641476,13.5349208009402],[144.9318567820975,13.535080221185751],[144.9317505019336,13.535153604064021],[144.9317505019336,13.535243435585073],[144.9319723392956,13.535300369820504],[144.9320199964966,13.535602761668997],[144.93206157866564,13.535740853507718],[144.9321623540169,13.536765713609213],[144.93213377724146,13.53712146485475],[144.93219965953858,13.537668886651545],[144.93235166692943,13.538082833195062],[144.93231705898484,13.53851355735452],[144.9324280763576,13.538609211694961],[144.93239675814198,13.538998912939235],[144.93253744886647,13.539382012794704],[144.93287168528707,13.539669962734877],[144.93310260229987,13.540436908117783],[144.9333674693114,13.540902821406917],[144.9333674693114,13.540992652927969],[144.93348677680012,13.541053008481072],[144.9335471323535,13.541172315969732],[144.9335471323535,13.54126214749084],[144.93363696387428,13.54126214749084],[144.93363696387428,13.541351979011893],[144.9339962899585,13.54189096813775],[144.93408612147925,13.54189096813775],[144.93408612147925,13.541980799658631],[144.93429120315704,13.542170814379745],[144.93448865266487,13.54247658368297],[144.9346717370246,13.54274265692817],[144.9348854377912,13.543073581689043],[144.935114051994,13.543557983252299],[144.93530055767133,13.543910466700993],[144.9353869678746,13.544452877144636],[144.93578601194793,13.544973257372646],[144.9362231949409,13.54517958914738],[144.93696145389106,13.546322824647802],[144.93709376677327,13.546878328211108],[144.93754634569586,13.547503727540231],[144.93797319894122,13.548262009971381],[144.93808899738622,13.548988996118226],[144.93844466090582,13.549569852522836],[144.93889039719284,13.550381757529351],[144.93925314459455,13.551007156858645],[144.93934545437764,13.551490703092611],[144.93963302051623,13.552034133351981],[144.93988209683062,13.552264918775677],[144.93987841233456,13.552357930367691],[144.93997537160078,13.552447761888573],[144.93996824385556,13.552627424930506],[144.9400634705314,13.552715666416134],[144.9399683754449,13.552803787278208],[144.93985457276847,13.553044924381027],[144.9396832217741,13.553586117625002],[144.9397955769697,13.553798425739899],[144.93978860274524,13.553974568772503],[144.93993153048496,13.554520071560887],[144.93969874929257,13.55495998502846],[144.93972936569992,13.55573232556634],[144.93951921783992,13.556037722033523],[144.93938618121717,13.556353843015927],[144.93938618121717,13.556443674536808],[144.9392963496963,13.556443674536808],[144.93925746510467,13.556500005655437],[144.93915465012174,13.556476966589855],[144.93899257616192,13.55691009225086],[144.9387573605702,13.557072495183718],[144.9387573605702,13.5571623267046],[144.93866752904933,13.5571623267046],[144.9386267583468,13.557750387614817],[144.9385021214979,13.55819620066245],[144.9388064213889,13.5589098853402],[144.93888796279384,13.559299641413133],[144.93870829975185,13.559448874466057],[144.93853692682592,13.559906344118474],[144.93848786600734,13.559947103855166],[144.93840327612065,13.560807389802903],[144.93864458867563,13.561380405687771],[144.93859960712064,13.561940153000819],[144.93889592393703,13.56241489372809],[144.93888669076546,13.562529847809515],[144.93907510448525,13.563042946771589],[144.93915826882312,13.563319130449315],[144.93934459904835,13.563761598939607],[144.9394444313442,13.564093137782947],[144.93942747827623,13.564303932622806],[144.93943831244894,13.564438679904242],[144.93942728089246,13.564575927379508],[144.93952426209046,13.56474974567044],[144.93956584425905,13.565067500551152],[144.93961409361134,13.565109071754364],[144.9400083785439,13.566148077688467],[144.93992517034303,13.56668446792878],[144.94004294262527,13.566775363128727],[144.94029291813206,13.567193323141112],[144.94041345378616,13.567902972418608],[144.940464159469,13.56812177226459],[144.94133238462837,13.56875008848641],[144.9419014638047,13.56893025595349],[144.941961117549,13.568960433730012],[144.9420811268467,13.569199750516304],[144.94242176727255,13.569412354706913],[144.9429794420564,13.569469245079347],[144.94328806245767,13.569609771317289],[144.9436735528493,13.569717115159904],[144.94396758878725,13.570098065726256],[144.94432112494906,13.570188796439709],[144.94464575536244,13.570658975409913],[144.9446862409551,13.570816717894104],[144.94480596514302,13.570877292762418],[144.94513539856007,13.571535370061895],[144.94549472464394,13.571804864624767],[144.94554461886037,13.571844812895222],[144.94615622326126,13.57192089335092],[144.94670091458318,13.572356519205584],[144.94679230324232,13.572573400043325],[144.94707175471706,13.572922791146937],[144.9472414608473,13.573202220690064],[144.94743108080115,13.573461780272794],[144.94770165000853,13.573940359016717],[144.94796011301514,13.57463952502593],[144.94805990144778,13.574809253087722],[144.94809983875257,13.5749489678592],[144.94836553916184,13.57513242505479],[144.94854899635754,13.575398125464005],[144.94880316078536,13.575625209943041],[144.9494897052026,13.576882873168529],[144.9498884860975,13.577565524740237],[144.95041280303406,13.578707904911141],[144.95038115584532,13.579238702613111],[144.9501736397683,13.579424111714161],[144.95030351825153,13.579663094044804],[144.95029790378157,13.579756982897777],[144.9504126495134,13.579968106710396],[144.9503851912458,13.58042869063911],[144.95039856947517,13.580653269441598],[144.95038773530246,13.580834961149492],[144.95048289618376,13.581010067917362],[144.950605317949,13.581276804591312],[144.95056752993355,13.581910910735303],[144.95059871656053,13.582434048852463],[144.95078019991865,13.582768054992357],[144.9509270095382,13.583710068763196],[144.95103537319676,13.584319830915945],[144.9513558804838,13.585213123806795],[144.95155076400306,13.58605073804199],[144.95177293033794,13.586669919784185],[144.95173523004883,13.587302742934128],[144.95224781362015,13.588432956592442],[144.9524591896453,13.588735578721924],[144.95272363995798,13.58936945458504],[144.95326767333415,13.590532209141656],[144.95337616858183,13.590998533646712],[144.95400073451322,13.591732729781882],[144.9539761712066,13.592144850526154],[144.95409637788782,13.592366035425357],[144.95425610517475,13.592508760298529],[144.9542397003952,13.592784011886465],[144.9543450594349,13.592777733987873],[144.95501076890446,13.59307075010986],[144.9555240762163,13.593952408327539],[144.9555081319985,13.594220099022607],[144.9556032928798,13.594305133022885],[144.95588748156354,13.594696725860842],[144.95605273559443,13.594844379844119],[144.95604712112436,13.594938751190398],[144.95614228200566,13.595023785190676],[144.95651790321176,13.595695843836438],[144.9567100891536,13.596521839847014],[144.95667072206857,13.597182269302323],[144.95670780827516,13.5978044172831],[144.95654766428925,13.598402281584299],[144.956274507162,13.59884415244062],[144.956274507162,13.599023815482383],[144.95618467564088,13.599023815482383],[144.95618467564088,13.599113647003492],[144.95609484412,13.599113647003492],[144.95601479405866,13.59921736117883],[144.95555585499392,13.599562804608468],[144.95546602347304,13.599562804608468],[144.9552703504188,13.599816300124758],[144.9544532695728,13.600150717480801],[144.95411855065834,13.600191625255206],[144.95411855065834,13.600281456776258],[144.95384905609535,13.600281456776258],[144.95375922457458,13.600281456776258],[144.95365011524416,13.600408105842632],[144.9531304039275,13.600461119818249],[144.95308548816695,13.600576172591389],[144.95304057240662,13.600461119818249],[144.9525382747198,13.600497811257242],[144.95210556575762,13.600604091421133],[144.95151343654993,13.600640782860182],[144.95151343654993,13.600730614381234],[144.95061512133998,13.600730614381234],[144.95061512133998,13.600640782860182],[144.9499430955915,13.600324661877835],[144.94889529511624,13.600233355461853],[144.94850579125568,13.599965335793911],[144.94655781139113,13.599871825259811],[144.9461235452909,13.599922130692335],[144.9458999972701,13.599974958249959],[144.94540489312294,13.599889721383192],[144.94450756483172,13.600044207035864],[144.94441674639222,13.599922130692335],[144.94345044345891,13.599975035010289],[144.9420811268467,13.599920759972122],[144.94046350152337,13.599984876781548],[144.94006088261165,13.599843752909521],[144.93934297611577,13.599968757111697],[144.93800140288067,13.600144998835844],[144.93705056167175,13.599922130692335],[144.93701387023248,13.599975270774223],[144.93675613096627,13.600153228640238],[144.9362395997208,13.600228316694427],[144.9361522464618,13.600101793734325],[144.9358230981544,13.600131971510848],[144.93552342581506,13.600281456776258],[144.9354060263688,13.600433551893047],[144.93477891638065,13.600690216514522],[144.93435561604224,13.600730614381234],[144.93412281291842,13.600767305820284],[144.9336901039561,13.600873585984004],[144.9332776377903,13.600910277423225],[144.93321894903318,13.600986324981477],[144.93241178123571,13.601311426922791],[144.93170898555945,13.601398566349133],[144.93126221849047,13.60112907178626],[144.93076231133978,13.600989866922646],[144.9304928606399,13.600640782860182],[144.93035313490282,13.600600834589898],[144.92973705647103,13.600334887450742],[144.92889332882362,13.600212081883967],[144.92847662987378,13.600051910483728],[144.9276387140801,13.599878141538682],[144.92716909436353,13.599832299171283],[144.92716909436353,13.599922130692335],[144.92689959980066,13.599922130692335],[144.92685966249599,13.599972013942931],[144.92673702141576,13.600070212340086],[144.9262707791537,13.600011962213273],[144.9262707791537,13.600101793734325],[144.92582162154895,13.600101793734325],[144.9257767057884,13.600216846507465],[144.92573179002784,13.600101793734325],[144.92546229546485,13.600101793734325],[144.92546229546485,13.600191625255206],[144.9252826324231,13.600191625255206],[144.9252826324231,13.600281456776258],[144.9251029693811,13.600281456776258],[144.92480329704154,13.600430942041669],[144.92429448569226,13.600461119818249],[144.92420465417115,13.600461119818249],[144.92408885572604,13.600590713191593],[144.9233961704823,13.600640782860182],[144.92316336735848,13.600677474299232],[144.92294701287733,13.600730614381234],[144.92288665732417,13.600849921869951],[144.92276734983534,13.600910277423225],[144.922722434075,13.601025330196364],[144.92267751831446,13.600910277423225],[144.92249785527247,13.600910277423225],[144.92249785527247,13.601000108944106],[144.9223181922306,13.601000108944106],[144.9221385291886,13.601000108944106],[144.9221385291886,13.601089940465158],[144.92204869766772,13.601089940465158],[144.92204869766772,13.60117977198604],[144.92186903462562,13.60117977198604],[144.92177920310485,13.60117977198604],[144.92173428734418,13.601294824759236],[144.92168937158362,13.60117977198604],[144.92150970854163,13.60117977198604],[144.92141987702064,13.60117977198604],[144.92141987702064,13.601269603507092],[144.921240213979,13.601269603507092],[144.921240213979,13.601359435027973],[144.92115038245777,13.601359435027973],[144.9207012248528,13.601359435027973],[144.9207012248528,13.601449266549082],[144.9206113933319,13.601449266549082],[144.92043173028992,13.601449266549082],[144.92043173028992,13.601539098069964],[144.92025206724793,13.601539098069964],[144.91989274116406,13.601539098069964],[144.91989274116406,13.601628929591016],[144.91980290964318,13.601628929591016],[144.91971307812196,13.601628929591016],[144.91967314081762,13.601678812841612],[144.9190449781164,13.601858410088937],[144.91863509987024,13.601898424153887],[144.91840473114553,13.60193755547499],[144.91820541745847,13.602057789570722],[144.91755712161864,13.602167918716873],[144.91746729009742,13.602167918716873],[144.917145466919,13.602205421622386],[144.91662130350323,13.60231007885335],[144.9160674886673,13.60238508466432],[144.9150119463643,13.602643745054479],[144.91365686331073,13.603298225584183],[144.9135147031742,13.603335728489697],[144.9134248716532,13.603335728489697],[144.91338818021416,13.603388868571528],[144.913094012687,13.603498942888848],[144.91273837109918,13.603730528813117],[144.91238358484065,13.603821577533722],[144.91209123763008,13.604011943159207],[144.91171807275464,13.604054380657487],[144.91162824123364,13.604054380657487],[144.91162824123364,13.604144212178369],[144.91153840971276,13.604144212178369],[144.91135874667077,13.604144212178369],[144.91135874667077,13.604234043699478],[144.91117908362867,13.604234043699478],[144.9110892521078,13.604234043699478],[144.9110892521078,13.60432387522053],[144.91099942058668,13.60432387522053],[144.91050363656257,13.60436708032205],[144.90969394664,13.604508067122083],[144.90889344602556,13.604857403396977],[144.9079640757783,13.605034834906292],[144.90736295464603,13.605448479891606],[144.90710117997924,13.605572025647291],[144.9058003774469,13.606368501827035],[144.90532384930032,13.607378185314076],[144.9051778511472,13.60844652466119],[144.90502391378266,13.608589161808254],[144.90492723962632,13.60869350651501],[144.90473437380717,13.60970368894425],[144.90476148117034,13.610387502886795],[144.90475132687493,13.61064364115174],[144.9044849246568,13.611553602000583],[144.9043985144533,13.612096012444283],[144.90417608494033,13.6126375291783],[144.90394935684856,13.613353653737988],[144.9036009526634,13.614152016028754],[144.90349677792597,13.614248547630098],[144.9034103677227,13.614521463510755],[144.9032824192135,13.614886541136855],[144.90242737490007,13.615937176261525],[144.90192801603723,13.616995246172678],[144.90169672618845,13.617209561022094],[144.9014807006804,13.617442704084453],[144.9013408214223,13.617572313906521],[144.900957524183,13.618224299725284],[144.90060523811815,13.619061393086668],[144.90042195637477,13.619407774088756],[144.9000331323915,13.619768048711194],[144.8997533519439,13.620069996446261],[144.89949850763878,13.620874976574157],[144.89902910723765,13.621309895137358],[144.89888999558298,13.622038509699848],[144.8978938219144,13.622901306807023],[144.8976213665959,13.623195345486465],[144.89738823449898,13.62341136002891],[144.89718782423563,13.623627662422678],[144.89653654570873,13.624086809836626],[144.89653654570873,13.624176641357508],[144.89644671418762,13.624176641357508],[144.89644671418762,13.62426647287856],[144.89635688266674,13.62426647287856],[144.89635688266674,13.624356304399441],[144.89626705114586,13.624356304399441],[144.89608738810375,13.62444613592055],[144.89608738810375,13.624535967441432],[144.89599755658264,13.624535967441432],[144.89599755658264,13.624625798962484],[144.89590772506176,13.624625798962484],[144.89581789354065,13.624625798962484],[144.89581789354065,13.624715630483536],[144.89605721032717,13.624685452706842],[144.89635688266674,13.624535967441432],[144.89632670489004,13.624685452706842],[144.89565454755245,13.625374628906854],[144.8955483989779,13.625164788088341],[144.89545856745679,13.625164788088341],[144.89545856745679,13.625254619609393],[144.89545856745679,13.625434282651383],[144.8953687359359,13.625434282651383],[144.89523732224586,13.62575203479065],[144.89505649683326,13.626076152554731],[144.89469083253903,13.626591853143964],[144.89430021017074,13.626928403340571],[144.89388984943128,13.627458833689275],[144.89316595562912,13.628304167820886],[144.89280520399632,13.62853012830925],[144.89224755114367,13.6289668534817],[144.89142415401875,13.629334266815079],[144.89081406289313,13.630042413782974],[144.89037975292968,13.630416590249865],[144.8902965885918,13.630513105402713],[144.89001713711718,13.630753866928274],[144.88954909647032,13.631358883647636],[144.8893186838826,13.631557385868348],[144.88886382408157,13.632283618119232],[144.88858978969336,13.632758893427251],[144.88840345946812,13.633021704358441],[144.88832029513048,13.633208051032227],[144.88809238273632,13.633519119539699],[144.88809238273632,13.63360895106075],[144.8880025512152,13.63360895106075],[144.8880025512152,13.633788614102684],[144.88791271969433,13.633788614102684],[144.8878530659498,13.633818791879264],[144.88779271039675,13.634027930889033],[144.88758357138693,13.63426794948424],[144.88746356208935,13.634507266270532],[144.88746356208935,13.634597097791584],[144.88737373056847,13.634597097791584],[144.88737373056847,13.634686929312466],[144.88728389904736,13.634686929312466],[144.8871653372305,13.634781865395667],[144.88697446717993,13.635096138646986],[144.8863356896212,13.635894687355744],[144.88589648892798,13.636533442982795],[144.88552720593236,13.636972665607459],[144.8851666078201,13.637566371143407],[144.88484851300063,13.637821094825199],[144.88476861645984,13.637920864067837],[144.88476861645984,13.63801069558889],[144.88467878493896,13.63801069558889],[144.88467878493896,13.638100527109827],[144.88458895341807,13.638100527109827],[144.88458895341807,13.63819035863088],[144.88449912189685,13.63819035863088],[144.88449912189685,13.638370021672813],[144.88440929037597,13.638370021672813],[144.88427544228693,13.638595499667701],[144.88400325014663,13.638997046676138],[144.8837364531612,13.639403983356544],[144.8834651602133,13.639761511055553],[144.8829942465369,13.640425320707095],[144.88265667652456,13.640749657786387],[144.88248819855949,13.641096935239432],[144.88217260393367,13.641562522297022],[144.8812693979943,13.642681413806258],[144.8809607337298,13.64297798009369],[144.8804971013193,13.643724627851554],[144.8803210569788,13.643893761020706],[144.87983145764417,13.644403342714895],[144.87948243937637,13.644632177603683],[144.87871308152592,13.645535313636515],[144.87780577439128,13.646049718894972],[144.87741940673868,13.646342888537845],[144.87690745918144,13.646678539541881],[144.87629938575594,13.647090719227151],[144.87564981788796,13.647217528667795],[144.8752024586679,13.647578650395303],[144.874751502678,13.647756517793653],[144.87396637606184,13.648447193561765],[144.87363310462797,13.648794070764438],[144.87276823499178,13.649625012333502],[144.87222231550436,13.649758096931464],[144.87124987174457,13.650543090587632],[144.87079891575468,13.650810789507034],[144.87012366607235,13.651377642633804],[144.86981076902384,13.651529441675052],[144.86931316468315,13.651907021640227],[144.868390878318,13.652429908915565],[144.86825323607536,13.652427098939143],[144.86729728482135,13.65278887861217],[144.86702599187345,13.652876914489639],[144.8667582956955,13.652968541654161],[144.8661276766635,13.653146409052624],[144.86550065440167,13.653327867738028],[144.86469486829037,13.653555141376557],[144.86350718855692,13.653844673127821],[144.85985030436757,13.653977306758634],[144.85928473423496,13.653861467192087],[144.85860110671058,13.653509300379937],[144.85788197204909,13.652905599551957],[144.85759548055512,13.652607419926767],[144.85749262170907,13.65250860470536],[144.85714452456523,13.652339721007195],[144.8560206217029,13.651692425793158],[144.8552598610097,13.650900621028086],[144.8550979844333,13.650745092257296],[144.85418008437284,13.650093932982656],[144.85377055703123,13.649783181111502],[144.85324314774982,13.649234246039725],[144.85251010850243,13.648529967244258],[144.8520071967331,13.648006516602834],[144.85165403340727,13.647467840001013],[144.851218341758,13.646363230025997],[144.85086892872278,13.645501822829033],[144.8504071604916,13.644434548531649],[144.85013946431354,13.643803929499825],[144.8498859578316,13.643311832712868],[144.84950353785302,13.64234228117283],[144.84923292478243,13.641816952644604],[144.84890561872305,13.640808330095012],[144.8486884527756,13.640272962412041],[144.84852249693597,13.639761511055553],[144.84843086702995,13.639583646398535],[144.84834283389398,13.63940218497163],[144.8479817094252,13.638775162709635],[144.84754487733665,13.638004680868448],[144.84744451868437,13.637695386073005],[144.84735288877823,13.63751752141593],[144.84726485564227,13.637336059989082],[144.84699356269448,13.63688870076902],[144.8466360349953,13.636258081737196],[144.84595960101058,13.635452292884281],[144.8451340107332,13.634122738124518],[144.8448358078058,13.633836224699053],[144.8436324908962,13.632583794883715],[144.8423241219882,13.630868190478168],[144.8419629975192,13.630420831258277],[144.84178513286236,13.630149538310377],[144.8409683371259,13.62915525623589],[144.84075296956348,13.628711337523612],[144.8406155247045,13.628444537796781],[144.84052749156854,13.628263076369763],[144.84048167661558,13.62821905980178],[144.8403918450947,13.62821905980178],[144.8403918450947,13.62812922828067],[144.8403918450947,13.628039396759789],[144.83967064886997,13.627619514997548],[144.83936130472864,13.627273301223454],[144.83890710287312,13.62691903035551],[144.83836947350164,13.626461678585201],[144.83765450582996,13.625117344719797],[144.83737996701643,13.624673242331028],[144.83702776867767,13.624068296889163],[144.8369358536621,13.622602062132273],[144.8368409778907,13.621978296701684],[144.83675404133066,13.620131064773886],[144.8365714833277,13.619103688030236],[144.83643134089152,13.61761034865151],[144.83628858860368,13.617077418108977],[144.83636859480214,13.61573521982558],[144.83620752969227,13.615133830031994],[144.83625803799134,13.614286423371595],[144.83603249420162,13.613444302208222],[144.83578493116238,13.611593391267604],[144.83558261285646,13.61110696652105],[144.83572692228222,13.61043151397189],[144.83611171086523,13.609935011690311],[144.8362347467131,13.609275810400106],[144.83609366122118,13.608081167408102],[144.83615579322793,13.607038619532887],[144.83632106919026,13.606577997224065],[144.83627876328126,13.605868271186296],[144.8364726598819,13.605327889408557],[144.83684602214123,13.60464081315206],[144.83693080941157,13.604134249783897],[144.83679858425523,13.60351539153163],[144.83657749256508,13.603448823874317],[144.83670875273435,13.603335728489697],[144.83676794591668,13.603064325884247],[144.83673875505872,13.602700942468232],[144.83692999794516,13.602002187675396],[144.83683624068135,13.601526926074257],[144.83661078461807,13.600912991449206],[144.83678553499863,13.599786473252607],[144.8369648909993,13.598222015425506],[144.83717788995727,13.597744642915416],[144.83746898707102,13.597538256311793],[144.83790393304855,13.597265822924669],[144.83792840862907,13.596961309201276],[144.83782783066158,13.59651863784444],[144.83764865011312,13.596197461646113],[144.8375510986957,13.59513580044785],[144.8371163281705,13.594573816119464],[144.83694657817705,13.594427560270958],[144.83692971283529,13.594217829109994],[144.83696206183288,13.593815478859426],[144.8368198359019,13.593031103397948],[144.83694837656196,13.592561395955443],[144.83684016642428,13.59206521168079],[144.83674673813334,13.591452077556312],[144.83645476375852,13.591040302233523],[144.8362988306253,13.59069085630091],[144.8361697636085,13.5905796525102],[144.8360799320874,13.5905796525102],[144.8360799320874,13.590489820989092],[144.8359901005664,13.590489820989092],[144.8359901005664,13.590310157947158],[144.83587504779337,13.590265242186604],[144.8359901005664,13.590220326426277],[144.8359901005664,13.590130494905225],[144.83587504779337,13.59008557914484],[144.8359901005664,13.590040663384286],[144.83559017923244,13.58930414799039],[144.83546481864278,13.588777813353715],[144.8351884595129,13.58819226908588],[144.8349553274163,13.587751670258058],[144.8348133427321,13.587303192530385],[144.834454016648,13.586541812271491],[144.8341924832282,13.586259553561717],[144.83306886547575,13.585236387670534],[144.833025660374,13.585189761251172],[144.83293582885312,13.585189761251172],[144.83293582885312,13.58509992973029],[144.83284599733224,13.58509992973029],[144.83284599733224,13.585010098209239],[144.83275616581102,13.585010098209239],[144.83275616581102,13.584920266688357],[144.8325200729587,13.584791956308948],[144.8325430133326,13.584689667682653],[144.83238039108448,13.584577389247045],[144.83230700820639,13.58429144604139],[144.83230700820639,13.584201614520339],[144.83221717668516,13.584201614520339],[144.83221717668516,13.584111782999457],[144.83216916857987,13.583939395740515],[144.83193237391868,13.583360825697241],[144.83185785060118,13.583303299310558],[144.8317680190803,13.583303299310558],[144.8317680190803,13.583123636268624],[144.83165296630716,13.58307872050807],[144.8317680190803,13.583033804747515],[144.8316781875593,13.582854141705752],[144.83158835603842,13.582854141705752],[144.83158835603842,13.582494815621658],[144.83158835603842,13.582404984100776],[144.83146360953174,13.582305091493367],[144.83140869299643,13.581865994974919],[144.83129625007462,13.581263596331041],[144.8310815843206,13.580462075901153],[144.83109708990787,13.580201841924008],[144.83093229643907,13.580054582708328],[144.83118159206867,13.579662595102775],[144.831800214557,13.578935389640492],[144.83183258548593,13.578392025175617],[144.83158315826745,13.577584259744185],[144.83103105409032,13.576635957109204],[144.830544525169,13.576258915836888],[144.82920446520916,13.576179041227704],[144.8289781976796,13.576381216978689],[144.82880112255725,13.57657939570953],[144.8286501678797,13.576090531080922],[144.8280511741051,13.57590556609324],[144.8279476573133,13.575715063395762],[144.82782863493435,13.575455728610962],[144.82736973973283,13.574942136189577],[144.8270543863539,13.57472186693144],[144.8265403553022,13.574422589359472],[144.82601606029698,13.573835789511861],[144.8254600523087,13.573664098578718],[144.82522933267967,13.573457964187753],[144.82453405951617,13.572660786199435],[144.82404250827574,13.571715033103828],[144.82395267675486,13.571715033103828],[144.82395267675486,13.571625201582776],[144.82365366236104,13.571410886733531],[144.82386284523398,13.571355707019961],[144.82417554489837,13.570923612140405],[144.82380720495826,13.570602753949004],[144.8230220344791,13.570477678469445],[144.8223061237518,13.569814348569992],[144.82215604633518,13.569559076600228],[144.8220662148144,13.569559076600228],[144.8220662148144,13.569469245079347],[144.8220662148144,13.569379413558238],[144.8219763832932,13.569379413558238],[144.8218865517723,13.569379413558238],[144.8218865517723,13.569199750516304],[144.82184334667056,13.568973461055009],[144.82159275708113,13.56836340282672],[144.82148016063843,13.567716795714148],[144.82182876220736,13.566918016724514],[144.8214840205867,13.566098852383561],[144.82101516847342,13.565333113234487],[144.820847129139,13.564627674809458],[144.82038858484202,13.564202817332784],[144.81991600436993,13.563470973353617],[144.81964418506539,13.563177617292922],[144.81948176020092,13.563027112211614],[144.81878907495718,13.562146265460342],[144.81869569052935,13.562059734633749],[144.8186993750254,13.561966723041735],[144.8186024157592,13.561876891520853],[144.81861583785178,13.561538499076107],[144.8183364960346,13.560622550921266],[144.81825008583132,13.560169971998675],[144.81811020657324,13.559770862130847],[144.81790198868748,13.559113201530408],[144.81779750690873,13.558915752022642],[144.8177055699614,13.558720945263644],[144.8174813859265,13.558513220837199],[144.8170084326182,13.55800277558933],[144.8163979247936,13.557582677253322],[144.81564497172303,13.557295363327398],[144.81490076932982,13.557059752968428],[144.81437895258694,13.55613275132572],[144.81377199766916,13.555477689610598],[144.81308751481515,13.555058589159046],[144.8127062791392,13.555043467373423],[144.81218380445057,13.555152785053167],[144.81161049249022,13.55497126879743],[144.8113330587156,13.554568101597738],[144.81146201607487,13.554348194209751],[144.8120431575892,13.554073929540493],[144.81231778412882,13.553405336075457],[144.81222277676807,13.552447597402193],[144.81200850578205,13.5519935929305],[144.81148493451713,13.551004119342622],[144.8113092191494,13.549995028006606],[144.81134555968424,13.549078520597789],[144.81123980587688,13.54867495863067],[144.81114721098425,13.548093685527249],[144.81053354502,13.546793376454048],[144.81043119059905,13.546698544545677],[144.81043487509498,13.546605532953834],[144.81034149066716,13.546519002127013],[144.81001936044743,13.546020158655267],[144.80942052019338,13.545373847618407],[144.8085482815652,13.54456568193666],[144.80863469176848,13.544359624305798],[144.80889521633821,13.54386727256508],[144.80890892354068,13.543521357607744],[144.80846187136194,13.542829067131436],[144.80827536568472,13.542656246724903],[144.80818895548134,13.542473162365184],[144.80804907622326,13.54234354706034],[144.80796266602,13.542250294221674],[144.80781318075458,13.542220116444923],[144.807513508415,13.542070631179683],[144.80742367689413,13.542070631179683],[144.80742367689413,13.541980799658631],[144.80733384537302,13.541980799658631],[144.80733384537302,13.54189096813775],[144.8072872189539,13.54184776303606],[144.8071109772294,13.541574847155402],[144.80667568034744,13.54103997019024],[144.806515010005,13.54019846859245],[144.80602957766007,13.539601975011522],[144.80567367289393,13.53914939608893],[144.80525914516465,13.53876532028039],[144.8047293234157,13.537906997204175],[144.8041429841303,13.53744591981615],[144.80414666862623,13.537352886292695],[144.80367821128038,13.53691882854173],[144.80311176388682,13.536141750794854],[144.80293210084494,13.536141750794854],[144.80293210084494,13.536051919273802],[144.80284226932406,13.536051919273802],[144.80284226932406,13.535962087752864],[144.80275243780295,13.535962087752864],[144.80275243780295,13.535872256231812],[144.80266260628207,13.535872256231812],[144.80266260628207,13.53578242471093],[144.80257277476096,13.53578242471093],[144.80257277476096,13.535692593189879],[144.80244625180092,13.535190295503071],[144.80230328019798,13.53488410950115],[144.8022134486771,13.53488410950115],[144.8022134486771,13.534434951896174],[144.80230328019798,13.534434951896174],[144.80241061307493,13.533872803081238],[144.8027058113836,13.53366967330902],[144.80312358497815,13.533399893636272],[144.8032482218273,13.533044273979726],[144.80342446355144,13.532232368973212],[144.80365226628794,13.53145423851322],[144.80343792950703,13.530016923211576],[144.80369845407677,13.527767922218857],[144.80363154099803,13.526079765115355],[144.8042256221114,13.525644018637138],[144.80427957365964,13.524912810672049],[144.80413193064237,13.524868355473586],[144.8037636126336,13.523645004117043],[144.80360917084386,13.522798425371604],[144.8034980657451,13.522289043802687],[144.80371213934745,13.52130760811815],[144.8045550555288,13.521116113019048],[144.8050398079963,13.52091196343099],[144.8061580525258,13.52081850224289],[144.8065255809994,13.519994841939535],[144.80647002845,13.51930348355296],[144.8062291325939,13.518423305713213],[144.80605775966785,13.5181161327925],[144.80570755709778,13.517269290868796],[144.80558546430575,13.516600050423733],[144.80543551847813,13.516052113236185],[144.8052444071808,13.515531733008231],[144.80481356239807,13.514924065315881],[144.80459731757492,13.514354262399195],[144.8043211558287,13.514181288471946],[144.80387866540696,13.513635610231347],[144.8037338954191,13.51351088565616],[144.80311176388682,13.512516060776477],[144.80302193236594,13.512516060776477],[144.80302193236594,13.512426229255368],[144.80269929772112,13.511940380211342],[144.80266260628207,13.51179740860863],[144.80255766394123,13.511710241767787],[144.80204889645495,13.510537102634714],[144.8018898929082,13.510405020033375],[144.8019439541141,13.51036010427282],[144.8019439541141,13.510270272751939],[144.80176429107212,13.510270272751939],[144.80176429107212,13.510180441230887],[144.8015439450537,13.509990601961931],[144.80113547042538,13.509282126021105],[144.8009558073834,13.509012631458233],[144.80081934944303,13.508969426356543],[144.80053088411205,13.50877092413566],[144.80027825489105,13.508235630471518],[144.80010069727518,13.508071111146762],[144.80001428707192,13.507977858307868],[144.7996515396702,13.507711785062838],[144.79905515574683,13.50720782058005],[144.79893630881998,13.507079543098087],[144.7981009809463,13.506371944418163],[144.7958679132056,13.505570434953881],[144.79531460279463,13.505438637462362],[144.79428665034823,13.505479386233333],[144.79362793703467,13.505248513083586],[144.79306133612056,13.504901589276358],[144.7927345125545,13.504747344870339],[144.79246843930923,13.504564260510733],[144.7913870397399,13.504118524223372],[144.79134383463816,13.504071897804067],[144.79085309486436,13.504023637486341],[144.78999636182346,13.503982066283129],[144.78999636182346,13.504071897804067],[144.78981669878146,13.504071897804067],[144.78981669878146,13.50416172932512],[144.78970710695774,13.504284381371292],[144.78891838357174,13.504341392367053],[144.788204742757,13.504394038989574],[144.787014749248,13.505147046889363],[144.78669867212875,13.505488180774421],[144.7864497274037,13.50627448072703],[144.78623582925297,13.506585338143623],[144.78554799087613,13.506989711577205],[144.78532512273227,13.507126169517448],[144.78477643987299,13.50743810157877],[144.78451663904355,13.507485495601372],[144.78451663904355,13.507575327122424],[144.78433697600178,13.507575327122424],[144.7837979868757,13.507844821685467],[144.78356881341904,13.50814173065288],[144.78299393335476,13.508056778895991],[144.78289967166575,13.507934653206348],[144.78227167345108,13.507882456180084],[144.7813969126977,13.507952735747665],[144.78071848294428,13.50770359363861],[144.7801957560432,13.507332972820109],[144.77943781355077,13.506994766793355],[144.77939624234762,13.506946506475515],[144.7792467570822,13.506916328698935],[144.77912674778452,13.506856674954633],[144.77813446696155,13.506812197824559],[144.77545161656747,13.506604078630687],[144.77465771734182,13.50623970829622],[144.77423345201635,13.505910921859027],[144.77395861712728,13.50573612761525],[144.77396463733066,13.505635056188453],[144.77342496832762,13.505192269691236],[144.77243652552113,13.504585698575056],[144.77147905002607,13.503507797083614],[144.77117918030297,13.503036313187579],[144.77090464148955,13.502682031354198],[144.7705396461066,13.501658794185403],[144.76996955808022,13.50067959551626],[144.76956381392642,13.500098739111706],[144.7695265632334,13.499473723584174],[144.76964700019573,13.499083726264416],[144.77000085436475,13.498097531439214],[144.77003561582956,13.497514196772443],[144.76993134240024,13.495764741060214],[144.77036001596196,13.495284978014013],[144.77099951726098,13.495136183591569],[144.7717536765656,13.494912865851802],[144.77252051229095,13.49511824360519],[144.77351151011987,13.494812233055313],[144.77415165839875,13.494518427398361],[144.77474361215445,13.494141950862911],[144.77486227266309,13.49369887925593],[144.77495971442283,13.493280074879692],[144.77521149928066,13.492578375779601],[144.77538289413792,13.49080255837589],[144.77506915272602,13.489786536678537],[144.77463517173555,13.488800539237161],[144.77452719187863,13.488725993988112],[144.77423277213904,13.488288767132133],[144.77418601413058,13.487992055548261],[144.7740606754727,13.48790222402721],[144.77418601413058,13.487812392506328],[144.77395891320282,13.487320841266069],[144.77374843637017,13.486773364640442],[144.7729812936035,13.485716287130856],[144.77209053380352,13.484713501107933],[144.77155606257145,13.483548981063791],[144.77098860632782,13.483041957133537],[144.77054531540568,13.482469939133125],[144.77004172375882,13.48177604765533],[144.7690049329085,13.480615650737604],[144.76836719709752,13.480210071070303],[144.76815706020318,13.47997487741037],[144.76745370527328,13.47972251136747],[144.7666263495081,13.479467031048102],[144.76599590592843,13.479204795819555],[144.76480704189294,13.47904579227287],[144.76413964369613,13.478768204977655],[144.76318417493553,13.47851230795942],[144.76217156358996,13.478406773467498],[144.760938386911,13.478242813396378],[144.75976553288763,13.478158026125868],[144.7593214195332,13.478063150354444],[144.7587773861568,13.477978363083878],[144.75823673023513,13.477862849748817],[144.75602450840756,13.477730997428466],[144.75503876317862,13.478022906008619],[144.75457470310334,13.477856401880786],[144.75447051740025,13.478966509814768],[144.75433324799337,13.479817387138894],[144.75433324799337,13.479907218659775],[144.75427359424907,13.480027227957407],[144.75420576004626,13.480464191635065],[144.7540637534305,13.480536039306742],[144.75398897790058,13.481133892642106],[144.75352095918527,13.481474291821144],[144.75334510126254,13.481254691474533],[144.75325526974166,13.481254691474533],[144.75325526974166,13.481164859953651],[144.75316543822078,13.481164859953651],[144.75316543822078,13.480985196911718],[144.7531115853642,13.480933460447147],[144.75252403984496,13.480037294526653],[144.75226260511704,13.479374480018123],[144.75192221690372,13.478925892632958],[144.75163650397894,13.478651375750985],[144.751460437707,13.478468115939222],[144.7513155141986,13.478328872695272],[144.75063647036234,13.478108526676863],[144.7505163075441,13.477615615682339],[144.75017323271925,13.477527582546372],[144.75006714993935,13.478045100710517],[144.75060755364836,13.478176843373149],[144.75060275064482,13.478412409869065],[144.74932766282393,13.478194914948688],[144.7491688347294,13.477705447203277],[144.7490665461031,13.477506901119511],[144.7473943990118,13.477628906185657],[144.74611366382362,13.477602763809386],[144.74521534861367,13.47762109856319],[144.74380143424798,13.47759223667805],[144.7429811842967,13.477760254081034],[144.7423434375197,13.477978538536092],[144.74153980069786,13.478239326284097],[144.7409050475735,13.478624246456263],[144.74022921670564,13.478890802194996],[144.73911442639132,13.47916257763643],[144.73557930602135,13.479046187040296],[144.73254911512106,13.478764695933933],[144.73192118270072,13.478603762413002],[144.73154600012538,13.478515729277035],[144.73101715432904,13.47878816266416],[144.73068607604762,13.479808417145591],[144.7299351735743,13.48067905477268],[144.72956933382773,13.480856546593714],[144.72908340802337,13.48084663354507],[144.7288153609411,13.480294134600513],[144.72904657402944,13.479953033612844],[144.7293142702075,13.479427291127251],[144.7287223712807,13.478722192640987],[144.7268430041879,13.478292049667118],[144.72643096568686,13.478151008038424],[144.72630581344697,13.478020756719161],[144.72558865262272,13.477976718219736],[144.72473367410362,13.477742730793523],[144.7238702629137,13.477261004875857],[144.72330895846255,13.477133473065862],[144.7232515417336,13.476942778467446],[144.72311344989464,13.476901196298627],[144.72267098140458,13.47653520303146],[144.72191858758742,13.476101397493153],[144.72099806670997,13.475690663917646],[144.7208047183973,13.475466238635875],[144.72059816730712,13.475374060441766],[144.72013884444118,13.475048377315204],[144.71938983904442,13.47482287738876],[144.71865803892808,13.474414578212418],[144.7176386288105,13.473606598948663],[144.71660244107704,13.473397766980213],[144.7154811151688,13.473487883611028],[144.71516670484527,13.47346261849566],[144.713892647806,13.47356497291679],[144.71327579080514,13.473676823687583],[144.71301074834162,13.473619012191023],[144.71301074834162,13.473708843712075],[144.71292091682074,13.473708843712075],[144.71220630005303,13.473759352011143],[144.7118727873726,13.47373948205069],[144.71097586481437,13.473875918059491],[144.7099388765804,13.474307223404026],[144.70946492538815,13.474564765286573],[144.7089683298974,13.474696990442908],[144.70843236732173,13.47534230359554],[144.70829793804728,13.475643555004751],[144.70824967772955,13.47568513717357],[144.70824967772955,13.475864800215732],[144.7082061217235,13.476247790413652],[144.70791614311736,13.476448003293171],[144.7073401116479,13.47653031230169],[144.70726153099872,13.476224126299599],[144.70721327068088,13.476182544130609],[144.70706152646846,13.47600641206401],[144.7069504652327,13.475277561737585],[144.7068539445968,13.474835071315852],[144.7067708021906,13.474091548800118],[144.7069504652327,13.473936756106127],[144.70712343915977,13.473515254152574],[144.70692662566626,13.472796097559637],[144.70695433614662,13.472451202418199],[144.70693268973264,13.472181707855384],[144.70697143176926,13.471699521375854],[144.70663271035176,13.471103729603442],[144.70637899552025,13.47103861490973],[144.70578753522386,13.470511600395753],[144.7055914235391,13.470438217517483],[144.7050688830559,13.469972611269895],[144.70483607993208,13.469846088309794],[144.7047462484112,13.469846088309794],[144.7047462484112,13.469666425267803],[144.70466628607574,13.46956657104056],[144.70381847916508,13.468888207081761],[144.70357843863837,13.468588447016089],[144.70343791240043,13.468549321177875],[144.70300031270847,13.468178415249326],[144.70247906618522,13.467988247007668],[144.7017818082187,13.467869794848298],[144.70173437033304,13.467912188483353],[144.70101106868208,13.468022197006178],[144.70034555659618,13.467903942230635],[144.6999168611028,13.467929492455653],[144.69912756749738,13.467789218430198],[144.6976788258719,13.466777254064766],[144.69708545753303,13.466504930335134],[144.69697834397152,13.466385052626833],[144.6964292553788,13.4662155000172],[144.69554883629235,13.465899598350234],[144.6943681801298,13.46576127623024],[144.69373651386775,13.465649030692248],[144.6932420841148,13.465265865041943],[144.69246625646485,13.464967618251478],[144.6920002773811,13.464446086618466],[144.69166127085407,13.464143190344885],[144.6905617722947,13.46363854598519],[144.68952440025896,13.463700392881833],[144.68898334408698,13.464144308852667],[144.68876823421965,13.464243044572186],[144.68848674311346,13.464226266956643],[144.6882879557827,13.464238109979362],[144.68763587127205,13.464773129499406],[144.68716171721326,13.465049181587972],[144.6865649111079,13.465717128073152],[144.6865104496518,13.465893501386574],[144.68645870770456,13.466116808160734],[144.6865046323153,13.466427577851277],[144.6868306444146,13.46683094243457],[144.6870885700988,13.467472395639106],[144.6865515328784,13.467886923368212],[144.68575266616267,13.467639426123469],[144.685011583529,13.467513539177617],[144.68476451943218,13.467100436997612],[144.68471381923223,13.467061311159398],[144.68415576064626,13.467152984928418],[144.68408499858515,13.467061311159398],[144.68393551331974,13.467031133382875],[144.68381550402228,13.466971479638346],[144.6837256725014,13.466971479638346],[144.6836358409803,13.466971479638346],[144.6836358409803,13.466881648117464],[144.6835460094593,13.466881648117464],[144.6833663464173,13.466881648117464],[144.6833663464173,13.466791816596356],[144.68318668337554,13.466791816596356],[144.68318668337554,13.466701985075474],[144.68300702033343,13.466701985075474],[144.68300702033343,13.466612153554422],[144.6828664886126,13.466573027716208],[144.68217714792615,13.466302019878185],[144.68162751104546,13.465894532168079],[144.68112055839276,13.465624006823589],[144.68103072687188,13.465624006823589],[144.68103072687188,13.465534175302707],[144.68081437239073,13.465391203699767],[144.6805807632834,13.465303784646437],[144.68049173774602,13.465174849218783],[144.68040190622492,13.465174849218783],[144.68031207470392,13.465174849218783],[144.68031207470392,13.465085017697731],[144.68022224318304,13.465085017697731],[144.68022224318304,13.46499518617685],[144.67993629997738,13.46492180329858],[144.6795035910152,13.464635860092926],[144.67941375949408,13.464635860092926],[144.67941375949408,13.464546028571874],[144.6793239279731,13.464546028571874],[144.6793239279731,13.464456197050765],[144.6789328669745,13.464338468631752],[144.67837868478568,13.463880055923823],[144.67833578124237,13.463737544882974],[144.67824594972137,13.463737544882974],[144.6781561182006,13.463737544882974],[144.6781561182006,13.463647713362093],[144.67793976371922,13.463504741759152],[144.6777967921164,13.463468050320103],[144.67770696059563,13.463468050320103],[144.67770696059563,13.46337821879905],[144.6776171290744,13.46337821879905],[144.67752729755352,13.46337821879905],[144.67752729755352,13.463288387278169],[144.67734763451153,13.463288387278169],[144.67716797146977,13.463288387278169],[144.67716797146977,13.463198555757117],[144.67707813994855,13.463198555757117],[144.67680864538568,13.463198555757117],[144.67680864538568,13.463108724236008],[144.6767188138648,13.463108724236008],[144.67608999321772,13.463108724236008],[144.67608999321772,13.463018892715127],[144.6758654144154,13.463074050497141],[144.6753574200152,13.462949282059071],[144.67506515504783,13.463072032797015],[144.67330521606732,13.463108724236008],[144.67303572150445,13.463108724236008],[144.6724069008577,13.463108724236008],[144.67117943734024,13.463138902012759],[144.67105942804278,13.463198555757117],[144.6707899334798,13.463198555757117],[144.67075080215864,13.463249261439955],[144.670200244154,13.463327513116383],[144.6696881869392,13.463446162659352],[144.66948737642554,13.463416489307974],[144.66924926587296,13.463451689403428],[144.66851976856663,13.463770486031592],[144.66760196171515,13.463926397233422],[144.66719667264067,13.46418670248795],[144.66719667264067,13.464276534009002],[144.66710684111945,13.464276534009002],[144.66710684111945,13.464366365529884],[144.66692717807769,13.464366365529884],[144.6662794414915,13.464667200240115],[144.66557970526287,13.464725691613808],[144.665220379179,13.46481552313486],[144.665040716137,13.46481552313486],[144.66500158481608,13.464866228817527],[144.66457999513614,13.465118375545217],[144.664193101127,13.465405217943385],[144.66390625872884,13.465522617389638],[144.66365411200115,13.465674712506427],[144.6630656179434,13.46583858485127],[144.66244003767906,13.46574614347901],[144.6622746465763,13.465531872492647],[144.66232076857045,13.46521976497911],[144.6622803707039,13.464946388536589],[144.66183944290333,13.464682683895887],[144.66103742901407,13.464596734254542],[144.6608186346508,13.464546028571874],[144.66027964552495,13.464456197050765],[144.66016655014016,13.464587457220091],[144.66009998248285,13.464366365529884],[144.65997345952292,13.464065136052113],[144.66014036390084,13.463767656865002],[144.6604061684851,13.463594573280034],[144.66072880312993,13.463557881840984],[144.6608186346508,13.463557881840984],[144.6608186346508,13.463647713362093],[144.66085532608986,13.464060179527849],[144.6609982976928,13.464276534009002],[144.66138934772562,13.464410382097867],[144.66220532651278,13.464147971417162],[144.66265706107174,13.463481560138632],[144.66274954082405,13.462158475178285],[144.66301321805042,13.46164663727859],[144.66311023762842,13.46126807724852],[144.66321260301515,13.460639256601553],[144.6635637596064,13.460759551008891],[144.664278047401,13.461266278863604],[144.66532487192342,13.462019144208398],[144.6655320919249,13.461803469604547],[144.6660818658777,13.461275270788292],[144.66677825206602,13.460550455862176],[144.6682667281293,13.460449110291336],[144.67172493464602,13.460561991843576],[144.6729582867772,13.460814599133357],[144.67339815089883,13.460823591058045],[144.674832351924,13.460773104690645],[144.675012014966,13.460773104690645],[144.675012014966,13.460862936211527],[144.67519167800788,13.460862936211527],[144.67573066713396,13.460862936211527],[144.67573066713396,13.460773104690645],[144.67600016169683,13.460773104690645],[144.67650001950153,13.460644147331323],[144.6769570340748,13.460464484289389],[144.67739833471137,13.460632567486869],[144.6775811339612,13.460742839187958],[144.67801558647943,13.460913641894365],[144.6781561182006,13.460952767732579],[144.67824594972137,13.460952767732579],[144.67824594972137,13.46104259925363],[144.67833578124237,13.46104259925363],[144.67842561276325,13.46104259925363],[144.67842561276325,13.461132430774512],[144.67866492954977,13.461162608551092],[144.67878493884723,13.461222262295394],[144.67887477036822,13.461222262295394],[144.67887477036822,13.461312093816503],[144.67892791045006,13.461348785255552],[144.67943007106487,13.462097615200094],[144.67969970269974,13.462283791904497],[144.67977308557806,13.462390072068217],[144.67991117193424,13.462431654237207],[144.6799943253061,13.462528152941331],[144.68049173774602,13.462839229673193],[144.68105556432238,13.463213644645464],[144.68135336151659,13.463325078717219],[144.68139005295598,13.46337821879905],[144.6818290178851,13.463436929488012],[144.68318162815922,13.46392225217545],[144.68359345282795,13.464049433081243],[144.68408654475775,13.464226354682694],[144.68447559902188,13.46424953630327],[144.68466957786598,13.463892578823845],[144.68475724913208,13.463051307507044],[144.68515155051318,13.463265578493463],[144.6859731876333,13.463216605400987],[144.68673755606244,13.463510443955386],[144.68754098453496,13.463874814289625],[144.6878579224665,13.463917207924908],[144.6878579224665,13.463827376404026],[144.68794775398737,13.463827376404026]],[[144.858447980812,13.625613945693317],[144.8585161878509,13.625447970663515],[144.85830886915733,13.625488936008423],[144.85796042110917,13.62522283809011],[144.85750946511928,13.625037519456441],[144.85745983408117,13.625344451130275],[144.857780034327,13.62547341671393],[144.85799882320714,13.625613945693317],[144.85802722453025,13.625419007344988],[144.85820133889672,13.625591095787001],[144.858447980812,13.625613945693317]],[[144.8605648114774,13.626342310784764],[144.86068751835228,13.626688258639149],[144.86123637666412,13.626848292967509],[144.8614504064035,13.626683101989613],[144.86073289467492,13.62629346379856],[144.86069376883665,13.626242766340056],[144.8605648114774,13.626342310784764]],[[144.86811960730154,13.623847493050164],[144.8681799628548,13.624236295102037],[144.8682396165991,13.62426647287856],[144.8682396165991,13.624176641357508],[144.86832944812022,13.624176641357508],[144.8684192796411,13.623817315273584],[144.86830422686808,13.623772399513086],[144.8684192796411,13.623727483752702],[144.8684192796411,13.62363765223165],[144.86850911116198,13.62363765223165],[144.86847145473587,13.623490878250948],[144.8682396165991,13.623547820710769],[144.8682396165991,13.623727483752702],[144.86805995355712,13.623727483752702],[144.86811960730154,13.623847493050164]],[[144.86189026504246,13.623507115802681],[144.8617928671456,13.623323241908281],[144.86184657744718,13.623221857957049],[144.86162145035655,13.623159131058003],[144.8615920840466,13.623008831584684],[144.86150225252538,13.623008831584684],[144.86105309492075,13.623008831584684],[144.86105309492075,13.623188494626845],[144.8612327579624,13.623278326147727],[144.86132258948362,13.623278326147727],[144.86132258948362,13.623368157668608],[144.86160853268927,13.623441537805604],[144.86168191556737,13.623547820710769],[144.86189026504246,13.623507115802681]],[[144.85198011130126,13.622559673979936],[144.8520856896564,13.622291122472461],[144.8518511539421,13.622149650437507],[144.8516583100544,13.622070724366665],[144.8516784651248,13.62193438156686],[144.85139041649268,13.621712056228432],[144.85130874349863,13.621606225661026],[144.85066391283954,13.62135273288601],[144.8502672154391,13.621471398877702],[144.85050912014538,13.621797679638348],[144.85045297544457,13.621841021812088],[144.85049490851793,13.621901741976785],[144.85098080142495,13.622218156293059],[144.8512614591334,13.622290179416893],[144.85135129065452,13.622290179416893],[144.85135129065452,13.622380010937945],[144.8514411221754,13.622380010937945],[144.85147713373726,13.622308812987683],[144.85173798728,13.622436204984524],[144.8518004482595,13.622559673979936],[144.85198011130126,13.622559673979936]],[[144.84811735589915,13.619505402266498],[144.84811735589915,13.619415570745446],[144.84811735589915,13.619235907703455],[144.84802752437804,13.619235907703455],[144.84802752437804,13.619146076182574],[144.84764262613749,13.618280724052909],[144.84728275176553,13.617635690527095],[144.8470876269995,13.617121527885956],[144.84694954612633,13.616900288158092],[144.84685971460522,13.616900288158092],[144.84685971460522,13.616810456636983],[144.84676988308433,13.616810456636983],[144.84676988308433,13.616720625116102],[144.84668005156334,13.616720625116102],[144.84668005156334,13.616451130553116],[144.84654745357113,13.616395440931626],[144.84632072547936,13.616451130553116],[144.8468090089226,13.617669640525662],[144.84699297054328,13.6179746093282],[144.8470393776472,13.618247760972622],[144.84712920916832,13.618247760972622],[144.84712920916832,13.61833759249373],[144.84727869443373,13.618637264833296],[144.8473088722102,13.618876581619588],[144.84764238489083,13.618934623397024],[144.84806746168272,13.619465453996042],[144.84811735589915,13.619505402266498]],[[144.84608792235576,13.61506696629931],[144.8464672280578,13.61514104002049],[144.84644540619172,13.615238405019738],[144.8464655393302,13.615328236540847],[144.8464164127173,13.615547370842478],[144.84668005156334,13.615373152301174],[144.84671022934003,13.614954172472949],[144.8473088722102,13.613756184923602],[144.84725663132076,13.613715869300222],[144.84727060170155,13.613621437642166],[144.84725726733518,13.613531299079796],[144.8473088722102,13.613217195797745],[144.84712920916832,13.613217195797745],[144.84655352860318,13.614348314131291],[144.84641055700047,13.614564668612502],[144.84641055700047,13.614744331654435],[144.84632072547936,13.614744331654435],[144.84632072547936,13.614834163175487],[144.84623089395836,13.614834163175487],[144.84623089395836,13.614923994696369],[144.84614106243748,13.614923994696369],[144.84614106243748,13.61501382621725],[144.84605123091637,13.61501382621725],[144.84608792235576,13.61506696629931]],[[144.9136943662162,13.5819558264958],[144.9136943662162,13.581865994974919],[144.9136045346953,13.581865994974919],[144.9136045346953,13.581776163453867],[144.9133196442026,13.581611907307206],[144.91292658743532,13.580930187825288],[144.9129345485784,13.580831276653612],[144.91279605100658,13.580249027597176],[144.91270621948536,13.580249027597176],[144.91270621948536,13.58042869063911],[144.9125265564436,13.58042869063911],[144.91262395434023,13.58120746259624],[144.91287210953055,13.581616019467958],[144.91315537709033,13.581776163453867],[144.91330486235574,13.58180634123039],[144.91354488095078,13.581925648719277],[144.9136943662162,13.5819558264958]],[[144.91405369230006,13.582225321058843],[144.91405369230006,13.582315152579724],[144.91414352382117,13.582315152579724],[144.91414352382117,13.582404984100776],[144.91423335534205,13.582404984100776],[144.91423335534205,13.582494815621658],[144.91432318686316,13.582494815621658],[144.91432318686316,13.582584647142767],[144.914442494352,13.582645002695813],[144.91450284990503,13.5827643101847],[144.91461660871846,13.582666309171145],[144.91464145713462,13.582356844406263],[144.91405369230006,13.582225321058843]],[[144.84987404901403,13.517609415903792],[144.84997594287302,13.518395057910709],[144.85010544852048,13.518261988390861],[144.85014415765966,13.517950856830169],[144.8500936493606,13.517546625951354],[144.84987404901403,13.517609415903792]],[[144.85186115471708,13.517756466770038],[144.85200750377442,13.51750887083341],[144.8518295733229,13.517157122090907],[144.85165096299409,13.51721747764418],[144.8516207852175,13.51727713138854],[144.8516207852175,13.517456794430473],[144.85174009270622,13.517517149983576],[144.85186115471708,13.517756466770038]],[[144.8571903395183,13.485836099044661],[144.85759550248667,13.485935613333368],[144.85763949712327,13.485656436002671],[144.857234334155,13.485556921713965],[144.8571903395183,13.485836099044661]],[[144.85889713841698,13.484758120792947],[144.858717475375,13.484847952313828],[144.8586276438541,13.484847952313828],[144.85858851801572,13.484898647030832],[144.85815686176682,13.485231830738485],[144.85808865472825,13.485476772960737],[144.85808865472825,13.485656436002671],[144.85826831777,13.485656436002671],[144.85835814929112,13.485656436002671],[144.85835814929112,13.485566604481619],[144.858447980812,13.485566604481619],[144.858447980812,13.485476772960737],[144.858537812333,13.485476772960737],[144.8586276438541,13.485476772960737],[144.8586276438541,13.485386941439856],[144.8586276438541,13.485297109918804],[144.858717475375,13.485297109918804],[144.858717475375,13.485207278397695],[144.8588073068961,13.485207278397695],[144.8588073068961,13.485117446876814],[144.85889713841698,13.485117446876814],[144.85889713841698,13.484758120792947]],[[144.74987836338357,13.478058807912817],[144.74980498050513,13.477608290553405],[144.74969870034158,13.477534907675135],[144.74966200890253,13.477481767593304],[144.74928816414968,13.47752429281769],[144.7494480339917,13.478147279679263],[144.74987836338357,13.478058807912817]],[[144.84627752037784,13.468904567998266],[144.84615277387104,13.469260472764574],[144.84638910797037,13.469165311883444],[144.8469013187057,13.467991580599175],[144.8466759065053,13.46778272669917],[144.84676988308433,13.466971479638346],[144.84664987378676,13.466911825893987],[144.84650038852135,13.466881648117464],[144.84600988999443,13.467150923365068],[144.84598767336092,13.467711361521197],[144.84613764111998,13.467873216165913],[144.8464026835835,13.468118805368022],[144.84627752037784,13.468904567998266]],[[144.84564411604242,13.46836636840726],[144.84531303776123,13.468021802238752],[144.8449274377117,13.467735946759205],[144.84467368998276,13.467471847351078],[144.84439024697076,13.467374822290424],[144.84411895402286,13.46728678915423],[144.84407493745505,13.467240974201331],[144.8438512578448,13.46731356754458],[144.8443187063407,13.467748360001565],[144.84465974153363,13.467913811416281],[144.8456536562552,13.468812126626062],[144.84564411604242,13.46836636840726]],[[144.6958557460348,13.457211447176803],[144.6957049503609,13.456867582817267],[144.6957314107441,13.456773452717641],[144.69567326479205,13.456640854725492],[144.69545853872648,13.456692920162595],[144.69554189496534,13.457123260520234],[144.6958557460348,13.457211447176803]],[[144.68601890389448,13.420409495116985],[144.68619601191392,13.420569704897332],[144.68686977573566,13.420618414811486],[144.6868094201826,13.420499107322655],[144.68663045894925,13.420408573992802],[144.68660028117267,13.4203489202485],[144.68601890389448,13.420409495116985]],[[144.67402765690588,13.418548495675338],[144.67429336279815,13.418731952870871],[144.6742141625832,13.418098767850722],[144.67395282654707,13.41794513752734],[144.6737543736723,13.418192963745014],[144.67380751375413,13.418229655184064],[144.67402765690588,13.418548495675338]],[[144.7384012351729,13.416963943089627],[144.738859231182,13.416783907211709],[144.73901697366614,13.41680722042139],[144.73910680518702,13.416793929918072],[144.73925111461278,13.41681526929051],[144.73931965062434,13.416351417564783],[144.73886327754826,13.416255116244429],[144.73872308028308,13.415912545844435],[144.73830410045468,13.41535748091178],[144.73820271102056,13.415279229235352],[144.73816357421651,13.415228523552514],[144.73789105310334,13.415304406624387],[144.73777683372805,13.416077317381848],[144.7382577043162,13.416448486488491],[144.7384012351729,13.416963943089627]],[[144.7387453298137,13.415260324261737],[144.73900385861486,13.415175953690266],[144.7389402571962,13.414990829698922],[144.73864453253077,13.414927228280192],[144.7386127318215,13.41486919746859],[144.73849109959122,13.414935869300564],[144.7387453298137,13.415260324261737]],[[144.74965913587278,13.412352511263578],[144.74944239758997,13.413271683352377],[144.7500577303498,13.41338199891652],[144.75091945281247,13.413274819560286],[144.7510887641754,13.413063377740514],[144.75091965019624,13.412623409444052],[144.7505613877911,13.412443746402118],[144.75047049259126,13.412264083360128],[144.7503307778196,13.412224146055507],[144.75005599775955,13.412062620383551],[144.74965913587278,13.412352511263578]],[[144.73947545216845,13.402072613964833],[144.73930175450096,13.402346209722793],[144.74005968602762,13.403029837247345],[144.74068291413596,13.403308893954488],[144.74113120544587,13.403397475378654],[144.74103818288802,13.403011436698876],[144.7401345273522,13.402301272030797],[144.7399602046363,13.402113121489094],[144.73987037311542,13.402113121489094],[144.7397805415943,13.402113121489094],[144.7397805415943,13.402023289968042],[144.73947545216845,13.402072613964833]],[[144.665697428199,13.399723418806047],[144.66556143082084,13.400160053511001],[144.66566953678375,13.40022665954848],[144.66584919982574,13.399867333464556],[144.66584919982574,13.399777501943504],[144.66584919982574,13.399687670422622],[144.665697428199,13.399723418806047]],[[144.74526845579828,13.363858556889852],[144.74508060133223,13.364204219634473],[144.7451304845829,13.36424415693915],[144.745260461758,13.364406472145959],[144.74566973688718,13.364457375212396],[144.7461049021798,13.364274005742743],[144.74615857958418,13.36384489355055],[144.74587002652697,13.363723699950697],[144.74526845579828,13.363858556889852]],[[144.7007038299671,13.35153797517603],[144.70079366148798,13.35153797517603],[144.70154155934256,13.351475470333526],[144.70183006853654,13.351226898444224],[144.70191321094308,13.35095073669811],[144.70200973157853,13.35068790931814],[144.70205130278168,13.35028033388221],[144.70205130278168,13.35010067084022],[144.70200060806485,13.350061545002006],[144.70192233445675,13.34978047059451],[144.70169197669793,13.349471850193481],[144.70157266920887,13.349411494640208],[144.70151231365583,13.34929218715132],[144.70142248213494,13.34929218715132],[144.70142248213494,13.349202355630439],[144.70136282839042,13.349082346332864],[144.70133265061384,13.348843029546572],[144.7013833453309,13.348534409145316],[144.70142248213494,13.34776505129463],[144.70111524341974,13.347527905729237],[144.70091594069822,13.347040938177429],[144.700944451679,13.346848050426672],[144.70115298757207,13.346687073042915],[144.70115298757207,13.346597241522034],[144.70124281909295,13.346597241522034],[144.70124281909295,13.346507410000982],[144.70124281909295,13.346417578480043],[144.70133265061384,13.346417578480043],[144.70133265061384,13.34623791543811],[144.70142248213494,13.34623791543811],[144.70146161893877,13.345917715192229],[144.70151231365583,13.3456090947912],[144.70151231365583,13.345519263270091],[144.7016021451767,13.345519263270091],[144.70164453881216,13.345381993863441],[144.70200386489591,13.345153467386751],[144.7018620556638,13.344784425637783],[144.70119538120719,13.344578554425084],[144.70075126785275,13.344214184090617],[144.6997686369001,13.343677760953085],[144.69974988544732,13.343363306766662],[144.69980014153384,13.342520302859441],[144.69950454845764,13.342502669914552],[144.69922918721215,13.342748719678582],[144.6990851409647,13.34369565707641],[144.6992293516986,13.344162645010101],[144.6994885823085,13.34463967758154],[144.69935204760782,13.344830569563612],[144.69903261496552,13.34497718179938],[144.6986247982827,13.34534157406523],[144.6985755181489,13.346168326713439],[144.69868009861966,13.346285353323708],[144.6994650497836,13.346377312202492],[144.69908907767308,13.347355326569357],[144.69886913738787,13.34736844162046],[144.69852913297643,13.34718366853349],[144.69861037830583,13.347780600745068],[144.69906692683423,13.347944429226857],[144.69978140104683,13.34775307668275],[144.70002636520053,13.347971953289004],[144.70003628921518,13.348138523211503],[144.69991006233045,13.34854728294971],[144.6994547967962,13.34913476267451],[144.69910317964286,13.350049438801022],[144.6987962370032,13.350067729691773],[144.69826921152355,13.349878614163003],[144.6980512779727,13.350143064475503],[144.69794953763437,13.350364726385294],[144.6974394103937,13.350734930505098],[144.69725289375071,13.351141321638806],[144.6968885124504,13.351811856043696],[144.69700511139604,13.352365254180654],[144.69756996875412,13.352997452282125],[144.6979173202261,13.353186216906522],[144.69943744896102,13.353296093840015],[144.6997741088153,13.35451824992856],[144.70020723447635,13.35531528536194],[144.69986638570117,13.356065475060916],[144.69948883452093,13.356087998735745],[144.69907984450174,13.35563024397345],[144.6988757278109,13.355618071977972],[144.69851355062895,13.355941693541297],[144.69848205696098,13.356470045878098],[144.69859026709855,13.35670580975767],[144.69879531587935,13.357083163554023],[144.69876498458223,13.357592106492518],[144.69928709740043,13.357956805799859],[144.69962585171515,13.357976982801631],[144.70065639208133,13.357915574535241],[144.70057160481076,13.358322777135413],[144.70042708703545,13.358451909946893],[144.700340084681,13.359911540573535],[144.70091465770406,13.361163413876739],[144.70125707458328,13.361546645321312],[144.702469405349,13.361650140181666],[144.70278578950968,13.362339469902281],[144.70317671891917,13.362899140455],[144.70329127823322,13.363148721194534],[144.70371570804502,13.363527961101909],[144.70387010597187,13.363700759577],[144.70455328390017,13.36374148641653],[144.705234729238,13.363582921500324],[144.70595645181925,13.363078803496933],[144.7060937212259,13.363036409861706],[144.70621844580114,13.362352650747994],[144.70646226951544,13.361234800986267],[144.70653727532658,13.360301329543915],[144.70645304730988,13.36007196966932],[144.70645304730988,13.359982138148268],[144.70636321578877,13.359982138148268],[144.70636321578877,13.359892306627387],[144.70631252107194,13.359853180789173],[144.70618355274678,13.359532980543463],[144.70613285802995,13.359493854705079],[144.7060085501538,13.359332811526826],[144.7060937212259,13.358814328375502],[144.70605702978673,13.358671356772732],[144.70546490057916,13.358275339249644],[144.7053225759562,13.358148180275407],[144.70511062971127,13.357910968915348],[144.70488619346372,13.357710427062727],[144.70435706255785,13.357587325420411],[144.70404472476332,13.357605945283922],[144.70380553956613,13.357873619530437],[144.70366321494328,13.35800080043623],[144.7034018350439,13.358293323099076],[144.70308692029573,13.358497395926861],[144.7026377297933,13.35829126153584],[144.70326655044028,13.357154967362646],[144.70337545142092,13.356571523038326],[144.70332509664263,13.355726654951695],[144.70277153401935,13.355232055229635],[144.70299734098694,13.354908784570682],[144.70299011454995,13.354787634833883],[144.7024535159602,13.354819632926933],[144.7020956044596,13.354625122243476],[144.70153936619022,13.35416874916723],[144.70109915664693,13.353966715971012],[144.70093093089463,13.35369353691209],[144.7011389294654,13.35291696359019],[144.70101571816508,13.352573559792518],[144.70093093089463,13.35229902097916],[144.70083605512343,13.35203457066666],[144.70075126785275,13.351760031853246],[144.7007038299671,13.35162780669691],[144.7007038299671,13.35153797517603]],[[144.73857359501767,13.363074482986804],[144.73867358083396,13.363434861783787],[144.7391484531505,13.363215612341719],[144.73897205790547,13.362766915298835],[144.73857359501767,13.363074482986804]],[[144.75082981867513,13.362766915298835],[144.75091965019624,13.362766915298835],[144.75091965019624,13.362856746819716],[144.75100948171712,13.362856746819716],[144.75100948171712,13.362946578340825],[144.75118019669742,13.363159752750846],[144.75127897628,13.363036409861706],[144.7511891447591,13.363036409861706],[144.7511891447591,13.362856746819716],[144.751099313238,13.362856746819716],[144.751099313238,13.36249742073585],[144.75100948171712,13.36249742073585],[144.75100948171712,13.36240758921474],[144.75086569864789,13.362371709242154],[144.75046279462651,13.362198779177959],[144.75054266923564,13.362515777421265],[144.75065015563325,13.362587252256901],[144.75073998715413,13.362587252256901],[144.75073998715413,13.362677083777783],[144.75082981867513,13.362677083777783],[144.75082981867513,13.362766915298835]],[[144.74706806890515,13.361977731350805],[144.74687723175202,13.36168893704695],[144.74657104574976,13.361767517696308],[144.7466569844255,13.362263740351068],[144.7469873499325,13.36233780310647],[144.74706806890515,13.361977731350805]],[[144.72985586918458,13.356847202290908],[144.7299666014476,13.35724056609962],[144.73023623856557,13.356941266595868],[144.7301685688493,13.356748203392897],[144.72985586918458,13.356847202290908]],[[144.74633824262594,13.301142491904955],[144.74630486284696,13.300959626860447],[144.74606874806307,13.300757834911053],[144.74586135260938,13.300935085485435],[144.7457094219792,13.30096282886285],[144.74574900837933,13.301105010930883],[144.74593905599784,13.301076916649151],[144.74633824262594,13.301142491904955]],[[144.73501566586287,13.27081939704891],[144.73542208989397,13.270680219599797],[144.7355584601081,13.270509943249806],[144.7355584601081,13.270420111728924],[144.73564829162922,13.270420111728924],[144.73586464611014,13.270097455152609],[144.73591778619198,13.270060785645],[144.73587864938804,13.269830416920172],[144.73569963332613,13.269216465846398],[144.73596848090904,13.26885385003402],[144.73604675451713,13.268572775626524],[144.736406080601,13.268295429577961],[144.73610039902394,13.267819647103408],[144.73578303891077,13.267866536701035],[144.73546581038647,13.267819690966462],[144.73481312824185,13.268057823450476],[144.73460465814344,13.268629183505425],[144.73408067017965,13.268835164375844],[144.73329290081506,13.269001405325184],[144.73317214584563,13.269201596273433],[144.73309387223765,13.269392839159877],[144.73281281976176,13.269471090836305],[144.7327736829577,13.269970954123949],[144.7330004110495,13.27002911652471],[144.73304317752059,13.270509943249806],[144.73329602605713,13.270607143762845],[144.73451115309228,13.270436077878003],[144.73464240229555,13.270599950223072],[144.73501566586287,13.27081939704891]]],[[[144.6565209661684,13.464425953479747],[144.65575789169918,13.464427071987359],[144.65599559103566,13.464306821443074],[144.6565965531646,13.464276534009002],[144.6565209661684,13.464425953479747]]],[[[144.65857284662616,13.464456197050765],[144.6582135205424,13.464456197050765],[144.6582135205424,13.464366365529884],[144.6582135205424,13.464276534009002],[144.6582135205424,13.464096870966898],[144.6582135205424,13.46400703944596],[144.65830335206329,13.46400703944596],[144.65839318358417,13.46400703944596],[144.65850627896896,13.463875779276691],[144.65857284662616,13.464096870966898],[144.65866267814715,13.464096870966898],[144.65866267814715,13.464366365529884],[144.65857284662616,13.464366365529884],[144.65857284662616,13.464456197050765]]],[[[144.64849119111148,13.464390139301486],[144.64773754445616,13.464584342943795],[144.64696085873527,13.464450626443863],[144.64685642904385,13.464327546732989],[144.6471642434616,13.464276534009002],[144.6471642434616,13.46418670248795],[144.64743373802435,13.46418670248795],[144.64743373802435,13.464096870966898],[144.64770323258745,13.464096870966898],[144.647856665527,13.463874638837467],[144.64827653084058,13.463700853443925],[144.64833205323418,13.463917207924908],[144.64842188475518,13.463917207924908],[144.64842188475518,13.46400703944596],[144.64842188475518,13.464096870966898],[144.64849119111148,13.464390139301486]]],[[[144.6351268196497,13.462749398152141],[144.63535392606036,13.462791791787367],[144.63594606349238,13.463277618899951],[144.63695984269168,13.463556894922363],[144.63761332807837,13.46401335572466],[144.6386099486017,13.464396477511968],[144.63840948350935,13.4645884222071],[144.63724038800092,13.464229096123233],[144.63687600670085,13.464144308852667],[144.63628977433154,13.46390047417242],[144.63540353516703,13.463127519551904],[144.63526409453948,13.462971454829528],[144.6351692078024,13.462886667558791],[144.6351268196497,13.462749398152141]]],[[[144.6524242507544,13.463867182119543],[144.65268138142085,13.464188281557597],[144.65277374603284,13.464472426378336],[144.65236307276905,13.46464546610008],[144.65192531407342,13.464546028571874],[144.65156598798956,13.464546028571874],[144.65097711561305,13.464506091267197],[144.65089721907248,13.464442051217986],[144.6513140057482,13.463786934674431],[144.65164895494377,13.463645805319459],[144.6524242507544,13.463867182119543]]],[[[144.74768571544087,13.481524186037575],[144.74732638935677,13.481524186037575],[144.74732638935677,13.481434354516466],[144.74714672631478,13.481434354516466],[144.74714672631478,13.481344522995585],[144.74696870813716,13.480870758221158],[144.7470252805025,13.480315671356891],[144.74808995728517,13.480424188535949],[144.7484800203996,13.480384426683486],[144.74879691995113,13.480898194557199],[144.7485840306506,13.481075028432599],[144.7485438740307,13.481273947352292],[144.7484043676087,13.481344522995585],[144.7484043676087,13.481434354516466],[144.7483145360876,13.481434354516466],[144.74804504152462,13.481434354516466],[144.74768571544087,13.481434354516466],[144.74768571544087,13.481524186037575]]],[[[144.77087288464315,13.492858945761952],[144.77041855119865,13.492971926006305],[144.77028412192442,13.492569570272906],[144.77059275329123,13.492483631597338],[144.77087288464315,13.492858945761952]]],[[[144.89635688266674,13.624535967441432],[144.8965602756174,13.624241369508354],[144.89666306866866,13.624457392275133],[144.89635688266674,13.624535967441432]]]]}}]}