{"type":"FeatureCollection","name":"pict_wlf_adm0","properties":{"country_id":"wlf","country_iso3":"WLF","country_name":"Wallis and Futuna","admin_level":"adm0","source":"geoBoundaries gbOpen"},"features":[{"type":"Feature","properties":{"shapeName":"Wallis and Futuna","shapeISO":"WLF","shapeID":"48161578B5331342262671","shapeGroup":"WLF","shapeType":"ADM0","country_id":"wlf","country_iso3":"WLF","country_name":"Wallis and Futuna","admin_level":"adm0","admin_id":"wlf_adm0_48161578b5331342262671","admin_name":"Wallis and Futuna"},"geometry":{"type":"MultiPolygon","coordinates":[[[[-178.00092008049728,-14.335505287538922],[-178.00099885841055,-14.335583978217983],[-178.00088933177722,-14.335614770105508],[-178.00092008049728,-14.335505287538922]]],[[[-178.00385377243362,-14.334087634037019],[-178.00434694625454,-14.333862177597382],[-178.0049595599357,-14.333620492891384],[-178.00524526195923,-14.333323188714132],[-178.00533689118456,-14.333235111810893],[-178.00551295775676,-14.333051851561663],[-178.00569621800602,-14.332875785888746],[-178.00610276193288,-14.332452682745043],[-178.00664699296433,-14.332336797005553],[-178.00732007166394,-14.332609800601745],[-178.00759189085306,-14.332604273368474],[-178.00794020727471,-14.332424873908735],[-178.00834611628022,-14.332325918806077],[-178.01081510063636,-14.332606378681362],[-178.01090607335658,-14.332604448736276],[-178.01210987257252,-14.332699105079598],[-178.01311328305155,-14.332678577154581],[-178.01375524071176,-14.332898330993146],[-178.0151531019341,-14.33286982068563],[-178.0156657181983,-14.33269436835036],[-178.01647600016724,-14.33260629144712],[-178.0168335274453,-14.332514705389315],[-178.01748683544906,-14.332423470067056],[-178.01786748969286,-14.332431277981073],[-178.0182717313553,-14.33242303119789],[-178.0186759730177,-14.332431277981073],[-178.01931788661116,-14.33241811910085],[-178.0201362948541,-14.332585763522104],[-178.02064193687585,-14.332412680001141],[-178.02140997858763,-14.332428383063359],[-178.0217743928739,-14.332334954294652],[-178.0219459304603,-14.332338463449275],[-178.02387539982982,-14.332009402411927],[-178.0242895439273,-14.331796052645643],[-178.02474049997406,-14.331618144261881],[-178.02498160461732,-14.331493924504969],[-178.02600791183565,-14.330871595447718],[-178.0276121701655,-14.329438853120507],[-178.02840696850677,-14.328099977531906],[-178.02905061509378,-14.32667565645636],[-178.02959461499947,-14.325485739175463],[-178.02957950459043,-14.324745155564415],[-178.02959152313025,-14.324156162576799],[-178.03022788790668,-14.32373893740197],[-178.0316591832247,-14.32350593654968],[-178.0330490161991,-14.323534272388713],[-178.03322059785228,-14.32353076323409],[-178.03462016868582,-14.323351889877756],[-178.03561649610438,-14.323263286871168],[-178.0360565739517,-14.32303660195754],[-178.03643073688897,-14.322855009051352],[-178.03777484293462,-14.322724824091324],[-178.03848309951542,-14.323089676347422],[-178.03904032485107,-14.323078360178158],[-178.0394701720108,-14.322856938996495],[-178.0397567949401,-14.322717805782077],[-178.04055825006316,-14.322734210315502],[-178.04173789169033,-14.322287772462687],[-178.04288466849263,-14.3224553296497],[-178.0441441087636,-14.322543406552938],[-178.04454565245987,-14.322680785190016],[-178.0454746944016,-14.3229822999931],[-178.04596426014245,-14.323279165301187],[-178.0464366542282,-14.323770869629868],[-178.04700507612333,-14.323909389506696],[-178.0480508806436,-14.32388807197691],[-178.0484324450013,-14.323895879890927],[-178.04955735658672,-14.324221430874275],[-178.05042115181467,-14.324595144150521],[-178.05125930916975,-14.324731645948646],[-178.0521871109464,-14.325049214549551],[-178.05308465863007,-14.32530230445775],[-178.05369117490778,-14.325670139765066],[-178.05558134300455,-14.325779008094685],[-178.0574638245958,-14.32646818375963],[-178.0583728970915,-14.327157974560805],[-178.05868370009267,-14.327481508364883],[-178.05923580378928,-14.327843465703324],[-178.0595815769282,-14.328077870397351],[-178.06025098189727,-14.328585803891713],[-178.06117276361212,-14.329190149206],[-178.0619665421222,-14.329661326508983],[-178.0628440987761,-14.330256196566154],[-178.0641175972493,-14.330978182197327],[-178.06462569531956,-14.331077400801348],[-178.06527747807314,-14.331472606975183],[-178.06618037762232,-14.332157747382098],[-178.0665561737284,-14.332380835007484],[-178.0666010894687,-14.332265738872707],[-178.06664600520895,-14.332380835007484],[-178.06682683099342,-14.332590763752705],[-178.0671379406634,-14.33272954623152],[-178.06815778895077,-14.333920515719171],[-178.06857403836116,-14.334585040966829],[-178.0686222986801,-14.334626622920268],[-178.06871213016066,-14.334626622920268],[-178.06871213016066,-14.334716454400791],[-178.06877455839913,-14.334913663135012],[-178.06938415575416,-14.33557160894253],[-178.06962282593264,-14.33579267848927],[-178.0700993865774,-14.336693274874676],[-178.0701991861435,-14.338035571484397],[-178.07010622951884,-14.338715711660711],[-178.06975717835107,-14.340250480275415],[-178.0699934356485,-14.340751044724868],[-178.070914713743,-14.341766474643066],[-178.0712103505772,-14.342169575965102],[-178.07204544753935,-14.34285585671239],[-178.07235069093161,-14.34359898450549],[-178.07262151187325,-14.344371588477998],[-178.07271773663422,-14.344775567538363],[-178.0731105632019,-14.34589635573218],[-178.0729771424811,-14.346733877266558],[-178.0725302774503,-14.347147944022367],[-178.07240992747614,-14.347653158866137],[-178.0719779866947,-14.34795046214407],[-178.07154011308572,-14.348054680978692],[-178.07118420818463,-14.348148021613838],[-178.07077825511234,-14.348191182776816],[-178.07077825511234,-14.348281014257338],[-178.07068842363182,-14.348281014257338],[-178.07059859215127,-14.348281014257338],[-178.07059859215127,-14.348370845737918],[-178.07050876067075,-14.348370845737918],[-178.0703723029394,-14.348414006900839],[-178.06997319280856,-14.348553930619346],[-178.0689940604275,-14.348740874491739],[-178.068659517123,-14.348956943807877],[-178.06803668354607,-14.349941142969328],[-178.0678271603951,-14.350385124773652],[-178.0665183419479,-14.350498729832452],[-178.06565869169523,-14.35004386982871],[-178.0642980498151,-14.349913421367262],[-178.06345527534066,-14.349585326201804],[-178.06225908618785,-14.349046336419235],[-178.0594598015286,-14.349190382630013],[-178.05869420507346,-14.349312322605556],[-178.05824846869186,-14.349405663240702],[-178.05761622730702,-14.349491985566658],[-178.0575197390447,-14.34959620350196],[-178.0554860400487,-14.35008062781867],[-178.0545908503874,-14.350429162775583],[-178.05406698270505,-14.35067637561417],[-178.05348397650428,-14.35101912073577],[-178.05300610015138,-14.351348006405317],[-178.05249583021836,-14.351647941998863],[-178.05205009383673,-14.351920945595111],[-178.05115095615167,-14.352414492634693],[-178.0503432948072,-14.352909091881031],[-178.04989071638343,-14.353175078067352],[-178.04962464296287,-14.353358250183078],[-178.0493890979285,-14.353469398294067],[-178.04837111393573,-14.354412541605484],[-178.04824468904113,-14.355138650628191],[-178.04836358031494,-14.355514206615283],[-178.04847456474934,-14.355830809344354],[-178.0483582293488,-14.357528661018819],[-178.0481308096891,-14.3581775704385],[-178.04809408587334,-14.35910395848083],[-178.0480508806436,-14.359150627899112],[-178.04799052534244,-14.359269935559041],[-178.0478712176825,-14.359330291759534],[-178.0477614725139,-14.359757956264616],[-178.04747469580053,-14.36026036342497],[-178.04710860337931,-14.360373793116025],[-178.04688307049727,-14.360318438045454],[-178.0465738583968,-14.360204920220838],[-178.04598008461318,-14.360536174704635],[-178.04576017699054,-14.360553806812675],[-178.0445490195216,-14.36045651905306],[-178.04382792152134,-14.36060310944589],[-178.043607565137,-14.360726013494684],[-178.04266918103784,-14.360848830309237],[-178.04230166319118,-14.361486248191738],[-178.0422231047125,-14.361888647143303],[-178.04198815233133,-14.361530286193727],[-178.0418965222067,-14.361442209290487],[-178.04166565994223,-14.361201927526906],[-178.04158301134686,-14.360947258409226],[-178.04091911112806,-14.36064881479092],[-178.0396533441265,-14.359732778844602],[-178.0392252956109,-14.35959732925329],[-178.03880508738484,-14.359143785856986],[-178.03857194443967,-14.358927803775089],[-178.03796103047713,-14.358268455025154],[-178.03767705065533,-14.35766665389292],[-178.03740413429333,-14.357310837125397],[-178.0372710984824,-14.35708450294743],[-178.03718126610252,-14.35708450294743],[-178.03718126610252,-14.35699467146685],[-178.03709143462197,-14.35699467146685],[-178.03709143462197,-14.356904839986328],[-178.0362014871089,-14.356199083520835],[-178.0356973361631,-14.35587353253743],[-178.03509811158855,-14.35538586256746],[-178.03468078748833,-14.35518883010036],[-178.0343498630557,-14.35497521683277],[-178.03365213303948,-14.354470265490306],[-178.03318205290938,-14.354166733507896],[-178.03174817024183,-14.353175078067352],[-178.0313387961485,-14.35291075922413],[-178.03067019157606,-14.352366593843158],[-178.03030744463283,-14.352100608556214],[-178.02995153973174,-14.351827604959965],[-178.02949896040866,-14.351561619672964],[-178.0291430564069,-14.351288616076715],[-178.02869793426223,-14.350962187355037],[-178.02826116771868,-14.35049074655069],[-178.02797182523952,-14.3503039780461],[-178.02756937053,-14.349995357699527],[-178.02685056490162,-14.34953111147155],[-178.02640156038368,-14.349186874374709],[-178.0257502713579,-14.348766227279498],[-178.02527687902472,-14.34832768457494],[-178.0251484045752,-14.348188989330367],[-178.02456164820148,-14.347785186537067],[-178.02437856421935,-14.347698864211168],[-178.02355676823024,-14.347104081388181],[-178.02258193370923,-14.346531054064826],[-178.02207311168473,-14.34618085176487],[-178.021802245777,-14.346053034719716],[-178.02056803868402,-14.345159895512722],[-178.01926158905107,-14.344551251439043],[-178.018809009728,-14.344375097632621],[-178.0181043171605,-14.344085601369386],[-178.01665647431682,-14.343563105153123],[-178.01638355885413,-14.343476782827224],[-178.01510351421578,-14.342880420794756],[-178.0141411919624,-14.342485126487361],[-178.01368861353865,-14.342308972680883],[-178.01324287715704,-14.342125800565213],[-178.01289311282687,-14.342015090424013],[-178.0117646705031,-14.341575669981125],[-178.01142503883446,-14.34139600702008],[-178.01067101125813,-14.34115721723174],[-178.01018518399903,-14.340871668092973],[-178.00947587431213,-14.34043733601419],[-178.0088753897874,-14.340322678748578],[-178.00798260131597,-14.339975019731355],[-178.00661262627165,-14.339357691803968],[-178.0056504029437,-14.339208031125679],[-178.00547073998263,-14.339208031125679],[-178.00547073998263,-14.339118198745837],[-178.0053809085021,-14.339118198745837],[-178.00529107702155,-14.339118198745837],[-178.00529107702155,-14.339028367265314],[-178.0050757532434,-14.338973100328246],[-178.0044825927974,-14.338579209862587],[-178.00439276131686,-14.338579209862587],[-178.00439276131686,-14.338489378382064],[-178.00362237237456,-14.338007586380968],[-178.00309353773656,-14.337632645530107],[-178.00290720810113,-14.337549480723908],[-178.0026859622873,-14.337411400615622],[-178.00259613080675,-14.337411400615622],[-178.00259613080675,-14.337321569135042],[-178.00233043060487,-14.33713813351801],[-178.00214697340408,-14.336872410833053],[-178.00187747896246,-14.33669274787195],[-178.00178764748193,-14.33669274787195],[-178.00178764748193,-14.336602916391428],[-178.00169781600138,-14.336602916391428],[-178.00160798452083,-14.336602916391428],[-178.00160798452083,-14.336513084910905],[-178.00142821184247,-14.33642211309001],[-178.00115882621884,-14.335884264547133],[-178.00110976550326,-14.335843472198462],[-178.00099745456885,-14.335337028880758],[-178.00103276465035,-14.334990511103172],[-178.00147323730005,-14.335035426843433],[-178.00218857784057,-14.334962525999742],[-178.0025470700912,-14.334757247648838],[-178.0030045174445,-14.334585830571598],[-178.00358482567913,-14.334338443264471],[-178.00374854455967,-14.333960957332295],[-178.00385377243362,-14.334087634037019]]],[[[-178.17643816159185,-14.240865323575804],[-178.17682265414214,-14.241068848248688],[-178.1770955723028,-14.241155170574643],[-178.17784250422815,-14.241481161326476],[-178.17848720571993,-14.242005850989187],[-178.17884214924575,-14.243495966465616],[-178.1792960523709,-14.244353752423706],[-178.179445223818,-14.244492008799114],[-178.17998987123553,-14.245335407403104],[-178.18015262784147,-14.245849482367646],[-178.18014533344035,-14.246033531322382],[-178.17983372194868,-14.246322237980849],[-178.17969400597357,-14.246811310893236],[-178.17961411200164,-14.24736030113695],[-178.1795143430125,-14.24761979421811],[-178.17947439602654,-14.247759542568815],[-178.1797015009235,-14.248251071529694],[-178.17993646139854,-14.249012007697957],[-178.1802354374155,-14.249423969140821],[-178.18054221325252,-14.249819789551623],[-178.18106258886735,-14.251067167215922],[-178.18129320291897,-14.251273235171595],[-178.1815031244696,-14.2518582810348],[-178.18163334989916,-14.254043186643685],[-178.18092629840993,-14.254853776180767],[-178.18068459481816,-14.255527425050559],[-178.18054322409048,-14.255985267206256],[-178.17948768620772,-14.256724798610549],[-178.1792896806742,-14.25727659563836],[-178.17916251204028,-14.257688469846983],[-178.17888796430807,-14.258402033327116],[-178.1786235222577,-14.259395267977197],[-178.17839436151056,-14.260033914333633],[-178.17808705957012,-14.261149526929103],[-178.1775404921,-14.262085125827866],[-178.17731283052268,-14.262911593794968],[-178.17700655560802,-14.263437686400039],[-178.1766520077839,-14.263945270058116],[-178.17655234491477,-14.264600408182218],[-178.17640903524875,-14.266279310241941],[-178.1762879028644,-14.266671621498062],[-178.17598871550678,-14.267099900240169],[-178.17583369307044,-14.267385185877572],[-178.17568434715488,-14.267710561493175],[-178.17556925102008,-14.267839431644404],[-178.1754401182668,-14.267954791280545],[-178.1749197840208,-14.268912321046741],[-178.17452952681617,-14.270329097709634],[-178.1741584962176,-14.271137493800268],[-178.17361657644383,-14.271913255292475],[-178.17305396956502,-14.272959827833745],[-178.17251011984612,-14.273890777237511],[-178.17233026263148,-14.27439204405755],[-178.17221628974994,-14.274881906574706],[-178.17175702666543,-14.275292289707352],[-178.1715344111841,-14.275701970469527],[-178.17136766878286,-14.276640200784584],[-178.17156922214187,-14.277583607597364],[-178.1716590536224,-14.277583607597364],[-178.1716590536224,-14.277673439077887],[-178.1716188970944,-14.277872401490072],[-178.17147939066132,-14.277942933519512],[-178.17141903446085,-14.278062241179441],[-178.17129972770024,-14.278122596480614],[-178.17097179351344,-14.278646935407721],[-178.17080231177724,-14.278792998797826],[-178.17059443708357,-14.279034246433298],[-178.17040141199553,-14.279200574247056],[-178.170359838136,-14.279338655254662],[-178.17020667909495,-14.279613150826208],[-178.16988627942823,-14.280677355475518],[-178.16957785873117,-14.2812301174759],[-178.16932343422909,-14.282075183422933],[-178.16932343422909,-14.282254846384035],[-178.16944995714977,-14.282769974454709],[-178.16937657426945,-14.283655481115488],[-178.16932343422909,-14.283781982452467],[-178.16927599049453,-14.2840938484523],[-178.1691906906978,-14.284822062787896],[-178.16891662590155,-14.286098915732339],[-178.16856527516728,-14.286745545370593],[-178.16855183389998,-14.28697100091091],[-178.1685670180534,-14.287225758162151],[-178.1684627092866,-14.287615173601353],[-178.16851495000492,-14.288453221239138],[-178.16865792152583,-14.288489891095537],[-178.16888091292375,-14.288635077646688],[-178.1690281481305,-14.289028616477424],[-178.16877664282777,-14.289414874396869],[-178.168592121729,-14.289373467811231],[-178.16851495000492,-14.289261705463275],[-178.16842511852437,-14.289261705463275],[-178.1681677658297,-14.289560412582944],[-178.1670302079777,-14.289963689272781],[-178.16635306704038,-14.290487502096482],[-178.1660479252715,-14.29101675312063],[-178.1657958830735,-14.291129217839114],[-178.16523556766728,-14.291480210643158],[-178.16433110329774,-14.292129646166188],[-178.16359785096003,-14.292703901963478],[-178.1628472165258,-14.292764169131033],[-178.16154626354918,-14.29252687041867],[-178.16029547565566,-14.292184563266915],[-178.1597959004604,-14.292299045164782],[-178.15906223083726,-14.292825928273942],[-178.15891142891928,-14.293376848462742],[-178.15908264095108,-14.293843112769366],[-178.15908264095108,-14.294022775730468],[-178.15899280857124,-14.294022775730468],[-178.15886140323116,-14.29462519109967],[-178.15898596113317,-14.29500618528715],[-178.1595548785548,-14.29536252815808],[-178.16002921337747,-14.295771156713442],[-178.160070787237,-14.295819406240582],[-178.16019612035464,-14.295909237721105],[-178.160070787237,-14.295999069201628],[-178.160070787237,-14.29608890068215],[-178.15989112427593,-14.29608890068215],[-178.15945202758897,-14.296143816883614],[-178.1593121866081,-14.296318479614115],[-178.15908264095108,-14.296448226604355],[-178.15908264095108,-14.296538058084877],[-178.15899280857124,-14.296538058084877],[-178.15899280857124,-14.2966278895654],[-178.1589029770907,-14.2966278895654],[-178.15881314561017,-14.2966278895654],[-178.15881314561017,-14.296717721045923],[-178.15881314561017,-14.296807552526502],[-178.15872331412962,-14.296807552526502],[-178.1585165303136,-14.296973179768372],[-178.1584138718027,-14.297216795318775],[-178.15815655148364,-14.29756901569749],[-178.15809449376584,-14.298065194153367],[-178.15814275138683,-14.298106776106806],[-178.15826598728546,-14.298249770110772],[-178.158405562067,-14.29856260108312],[-178.15863348264907,-14.298963508958707],[-178.15872331412962,-14.298963508958707],[-178.15872331412962,-14.299053340439286],[-178.1586841801308,-14.299193878394703],[-178.158453819688,-14.299502498741276],[-178.15839416585806,-14.299622507872414],[-178.15833381055688,-14.300011309973911],[-178.15827415672692,-14.300041487624526],[-178.1582093192047,-14.300537051843435],[-178.15788661817285,-14.30091155472445],[-178.1573557987311,-14.301368958910302],[-178.1570207212293,-14.30175784824604],[-178.15585145777854,-14.302759154311502],[-178.15557921141146,-14.302916095901082],[-178.15551885521097,-14.303035403560955],[-178.15539954845036,-14.303095758862128],[-178.15535937483526,-14.303145938334353],[-178.1548074851773,-14.303587288722326],[-178.1543215697846,-14.303634748644697],[-178.15414190682353,-14.303634748644697],[-178.15405207534297,-14.303634748644697],[-178.1539980386785,-14.303713000454536],[-178.15360291794028,-14.303814411605742],[-178.15276474709538,-14.30405381563105],[-178.1516523522742,-14.30424742707703],[-178.15126729854697,-14.304533063450094],[-178.1511472885165,-14.304592717280059],[-178.15081814024495,-14.304622894930617],[-178.15063847728388,-14.304622894930617],[-178.15063847728388,-14.30471272641114],[-178.15054864580333,-14.30471272641114],[-178.15042863667222,-14.304772380241104],[-178.15027915136173,-14.304802557891662],[-178.15022814451322,-14.30484343837395],[-178.15023982310933,-14.304937305112503],[-178.1502174749565,-14.305116968073548],[-178.15023982310933,-14.30529663193397],[-178.15021674021037,-14.305482260098188],[-178.1496004474027,-14.305830620586619],[-178.14943071925225,-14.306110115489389],[-178.14899682604266,-14.306626208532634],[-178.14825714175367,-14.306458125242216],[-178.14736459430057,-14.306738935853161],[-178.1464069710049,-14.306905528067603],[-178.14596315917242,-14.307636198451746],[-178.14555802897982,-14.307806914057778],[-178.14538830082938,-14.307906745999503],[-178.1448317724683,-14.30798657701888],[-178.14444010242875,-14.307497504106493],[-178.14417060798715,-14.307497504106493],[-178.143811282065,-14.307497504106493],[-178.143811282065,-14.30740767262597],[-178.14345195614283,-14.307497504106493],[-178.1433621246623,-14.307497504106493],[-178.14327229318175,-14.307497504106493],[-178.14327229318175,-14.30740767262597],[-178.14318246170123,-14.30740767262597],[-178.14315228315132,-14.307467326455878],[-178.14285331342964,-14.307527681757051],[-178.1426132942681,-14.30764698941698],[-178.1424638089576,-14.307677167067538],[-178.1424638089576,-14.307766998548118],[-178.14237397747706,-14.307766998548118],[-178.14226273583657,-14.30789613130139],[-178.1417451571133,-14.308126324470265],[-178.14165532563274,-14.308126324470265],[-178.14156549415222,-14.308126324470265],[-178.14156549415222,-14.308216155950788],[-178.14156549415222,-14.30839581891189],[-178.14138583119114,-14.30839581891189],[-178.14111932429736,-14.309057536476075],[-178.14074101098885,-14.309547662494595],[-178.14048751548643,-14.309743292019277],[-178.14045733783584,-14.309802945849242],[-178.1402180210448,-14.309922954980323],[-178.13999370584483,-14.310213591583931],[-178.13958920068103,-14.31028228090247],[-178.1394993692005,-14.31028228090247],[-178.13946023789964,-14.310332986478102],[-178.13926900605975,-14.310411238287998],[-178.13865509825416,-14.310947507621336],[-178.13805128533852,-14.311040058651713],[-178.1378824016515,-14.31082126978572],[-178.13752307572935,-14.31082126978572],[-178.1372061375532,-14.310778898227511],[-178.1365815224193,-14.31059388430026],[-178.13644664299815,-14.31060195481632],[-178.13595355101555,-14.310778898227511],[-178.13549933852363,-14.310863641343929],[-178.13523489917122,-14.310958561188613],[-178.13460102371823,-14.31104330520435],[-178.13406581738354,-14.31113839951746],[-178.13392981470915,-14.311130329001458],[-178.1328858250208,-14.311192527013475],[-178.13162032062127,-14.311417456450386],[-178.13124694189284,-14.311395173948085],[-178.13105520553327,-14.311180595707867],[-178.1309538114692,-14.311102344797348],[-178.1308755425722,-14.310641606824674],[-178.13078571109168,-14.310641606824674],[-178.13078571109168,-14.310551775344095],[-178.13078571109168,-14.310461943863572],[-178.13078571109168,-14.31037211238305],[-178.13069587961112,-14.31037211238305],[-178.13069587961112,-14.310192449421947],[-178.13051691902058,-14.310101916470217],[-178.1304263851695,-14.309922954980323],[-178.1304263851695,-14.3098331234998],[-178.13024672220843,-14.3098331234998],[-178.13024672220843,-14.309563629058175],[-178.13002124418503,-14.309519590156924],[-178.12975354838753,-14.309428004099061],[-178.1289432664186,-14.309339927195822],[-178.12841836811316,-14.309160264234777],[-178.1272727964024,-14.309252639897352],[-178.12687625833263,-14.309521432867768],[-178.1266880311277,-14.30951757297754],[-178.1254033046188,-14.309780750581126],[-178.1236165540607,-14.30981715693622],[-178.12060264169853,-14.309580384327205],[-178.11933129350436,-14.309787330021209],[-178.11870427088536,-14.309968747559594],[-178.11655169230673,-14.310144288028425],[-178.11555241511184,-14.310601165211551],[-178.11504837388333,-14.310590814014802],[-178.11448218950142,-14.310687400303209],[-178.113746469424,-14.31079012716259],[-178.1116570196557,-14.311407894858405],[-178.11043910737888,-14.311585803242167],[-178.10936179241276,-14.311494129050743],[-178.1077460425458,-14.311362364881177],[-178.1060421825007,-14.31091092589844],[-178.10560092024625,-14.310696786527444],[-178.1051577280467,-14.310396412964053],[-178.10450909202095,-14.310238242001219],[-178.1041515647429,-14.310146655943356],[-178.1028022929914,-14.310058579040117],[-178.10223099956096,-14.309826894795322],[-178.10172611386903,-14.309697498540686],[-178.10132097288457,-14.309653460538755],[-178.101231141404,-14.309653460538755],[-178.101231141404,-14.309563629058175],[-178.10105147754362,-14.309653460538755],[-178.1007655345018,-14.309580120825842],[-178.10069215162147,-14.309473797577652],[-178.1003743968609,-14.309252551763791],[-178.09964310144795,-14.308647680346098],[-178.0985435534422,-14.308307040537443],[-178.09760321781422,-14.308136588432774],[-178.09567753099324,-14.307868935802674],[-178.09434900660133,-14.308071408268859],[-178.09395478788312,-14.308216155950788],[-178.0938649564026,-14.308216155950788],[-178.0938649564026,-14.30830598743131],[-178.09377512492205,-14.30830598743131],[-178.09377512492205,-14.30839581891189],[-178.09359546196097,-14.30839581891189],[-178.09343906805853,-14.308683560597785],[-178.0931096122188,-14.308898138838003],[-178.09296664069788,-14.308934807795083],[-178.09296664069788,-14.309024639275663],[-178.09287680921736,-14.309024639275663],[-178.0927869777368,-14.309024639275663],[-178.0927869777368,-14.309114470756185],[-178.09269714625626,-14.309114470756185],[-178.09269714625626,-14.309204302236708],[-178.09242765181466,-14.309204302236708],[-178.09242765181466,-14.30929413461655],[-178.0923378203341,-14.30929413461655],[-178.0922479888536,-14.30929413461655],[-178.09220730622218,-14.309353086076044],[-178.09167230853018,-14.309706622162821],[-178.0914761969689,-14.309779960976357],[-178.09116014102767,-14.309985766329987],[-178.0910327628517,-14.309957256022528],[-178.09072661024484,-14.310085861773075],[-178.09041466690334,-14.310155779565548],[-178.09036152686295,-14.310192449421947],[-178.09024221920302,-14.31025280472312],[-178.09018186390188,-14.31037211238305],[-178.09018186390188,-14.310461943863572],[-178.09009203242132,-14.310461943863572],[-178.09004377210238,-14.310503525817012],[-178.08994654999327,-14.31061634217042],[-178.0890535312954,-14.311114625939183],[-178.08883439079446,-14.311180595707867],[-178.088786383185,-14.311242793719885],[-178.08811573895017,-14.311341924190401],[-178.08753183432665,-14.311255601864502],[-178.0868580973233,-14.311355171204127],[-178.08647577663575,-14.311298675793182],[-178.08631910844008,-14.31136025956829],[-178.08622927695953,-14.31136025956829],[-178.08622927695953,-14.311450091048812],[-178.086139445479,-14.311450091048812],[-178.08560273727647,-14.311751780320378],[-178.08528433500402,-14.311852578133937],[-178.08463786004918,-14.312118124551773],[-178.08286230605054,-14.312215413210708],[-178.07845713978514,-14.312301735536607],[-178.07824504007652,-14.312310157687591],[-178.07705569386516,-14.312206991059725],[-178.07576461724327,-14.312258135504521],[-178.07482067353524,-14.312168742893107],[-178.07329353836607,-14.312168742893107],[-178.07323788651922,-14.312233309719431],[-178.0726231459414,-14.312576318342394],[-178.0724850541419,-14.312617900295834],[-178.0724378685128,-14.312670711184353],[-178.07226047544057,-14.31266009648624],[-178.07215882327105,-14.312666237956478],[-178.07079094274778,-14.3125591242042],[-178.0685007103395,-14.312254626349898],[-178.0665884243163,-14.312140582421875],[-178.0658798277918,-14.312435342417075],[-178.06514427678692,-14.312111633245252],[-178.06486081227663,-14.312128476647842],[-178.0641731168958,-14.312036539854375],[-178.06354933993006,-14.311851788529168],[-178.06318496971056,-14.31176704541275],[-178.06241978964155,-14.31154044863274],[-178.06146194151538,-14.311391138690055],[-178.0606747316535,-14.311222968165396],[-178.0606272933149,-14.311180595707867],[-178.06012238603927,-14.311117433622599],[-178.05981880999008,-14.310551775344095],[-178.05878926701104,-14.309616703448057],[-178.0580079567018,-14.30934291024704],[-178.05695515635534,-14.309141841622647],[-178.0564484171607,-14.308981478112685],[-178.05586622304773,-14.308755144834038],[-178.05577639156718,-14.308755144834038],[-178.05577639156718,-14.308665313353458],[-178.055177561795,-14.308508371763878],[-178.05434742099666,-14.30819641763054],[-178.05393900108402,-14.307888937624341],[-178.05402924984998,-14.307003430064185],[-178.054010947747,-14.30682376710314],[-178.0540353130792,-14.306584713813436],[-178.0551940652539,-14.30634162436644],[-178.05639965232206,-14.306717881824738],[-178.05779430026672,-14.306575765559103],[-178.05830305664074,-14.306284339350725],[-178.05896956669213,-14.306199070130958],[-178.0596591479513,-14.306090026433537],[-178.0599494014437,-14.306199070130958],[-178.06040687038075,-14.3062806548283],[-178.06134594605854,-14.306543219094237],[-178.06238276904952,-14.306253284861157],[-178.06309350416186,-14.306468564572526],[-178.0634496069138,-14.306550149269924],[-178.0640816513471,-14.3062806548283],[-178.06431038581562,-14.306239862479629],[-178.06431038581562,-14.306150030999106],[-178.06440021729617,-14.306150030999106],[-178.06440021729617,-14.306060199518527],[-178.06457988025724,-14.306060199518527],[-178.06457988025724,-14.305970368038004],[-178.06475954321832,-14.305970368038004],[-178.06484937469887,-14.305970368038004],[-178.06484937469887,-14.305880536557481],[-178.0649392061794,-14.305880536557481],[-178.06525532777113,-14.30574754391398],[-178.0658517005955,-14.305243557544088],[-178.0663693827408,-14.304684829441271],[-178.06687400583067,-14.304446652990578],[-178.06719906398558,-14.304274622575747],[-178.06839600946824,-14.30340841536605],[-178.06857909345038,-14.303322092140775],[-178.06902482983202,-14.302779594102958],[-178.0697536143378,-14.302369387237377],[-178.0706699686441,-14.301380363213127],[-178.07152307183227,-14.30085374360533],[-178.0718130285484,-14.300716978305843],[-178.07236692009727,-14.300423885653743],[-178.0731570797354,-14.2997253228653],[-178.07396898498064,-14.2996390005394],[-178.0743961566573,-14.299527061924323],[-178.07627794666988,-14.299601629211793],[-178.07752535670983,-14.299039568221474],[-178.07831046215807,-14.298830516315206],[-178.07872663422677,-14.299279673717933],[-178.0789032925529,-14.299443282881157],[-178.079498064584,-14.299545659904254],[-178.08052326473685,-14.299186333982107],[-178.08088601257938,-14.299100010756831],[-178.08141836716388,-14.298960438673248],[-178.08319632235236,-14.298019664176138],[-178.08530981999218,-14.297912901159407],[-178.08609281922818,-14.29774902939414],[-178.08754506964922,-14.297550593085361],[-178.08857365844756,-14.297281098643737],[-178.08898669458026,-14.297062485145545],[-178.08972248660345,-14.296556217195644],[-178.08982253797973,-14.296448226604355],[-178.08982253797973,-14.296358395123775],[-178.08991236946025,-14.296358395123775],[-178.08991236946025,-14.296268563643252],[-178.08991236946025,-14.29617873216273],[-178.0900022009408,-14.29617873216273],[-178.09014314359118,-14.29582879246476],[-178.0902716953824,-14.295729574760003],[-178.09036152686295,-14.295729574760003],[-178.09040168339095,-14.295530611448498],[-178.09054118982402,-14.295460080318378],[-178.09054118982402,-14.295370248837855],[-178.09063102130457,-14.295370248837855],[-178.09069137750504,-14.295250941177926],[-178.09081068426565,-14.29519058497749],[-178.09081068426565,-14.29510075349691],[-178.09090051574617,-14.29510075349691],[-178.09090051574617,-14.295010922016388],[-178.09099034722672,-14.295010922016388],[-178.09147197465188,-14.294451931311528],[-178.09281737482198,-14.29361055078624],[-178.09319456397793,-14.29344220399446],[-178.09392950074584,-14.292983484999809],[-178.0947217000464,-14.292543889189062],[-178.09511591966393,-14.292264393386972],[-178.09569110625952,-14.29190410249231],[-178.09638520661196,-14.291594429938925],[-178.0971404626622,-14.290920254965727],[-178.09777597218334,-14.290837090159528],[-178.09821844042867,-14.290650759624839],[-178.09835653222817,-14.290609177671342],[-178.09835653222817,-14.29051934619082],[-178.0984463637087,-14.29051934619082],[-178.0984463637087,-14.290429514710297],[-178.09853619518924,-14.290429514710297],[-178.09862602666976,-14.290429514710297],[-178.09862602666976,-14.290339683229774],[-178.0987158581503,-14.290339683229774],[-178.0987549948471,-14.29019914617362],[-178.0991681847639,-14.289711652470714],[-178.09954512210967,-14.289557342297485],[-178.0997822679373,-14.289250124893329],[-178.10014707702595,-14.288968524677614],[-178.10056588141026,-14.288718066185766],[-178.10087181458255,-14.288632884200183],[-178.10105147754362,-14.28854305271966],[-178.10105147754362,-14.288453221239138],[-178.1011413099235,-14.288453221239138],[-178.1011413099235,-14.288363389758558],[-178.101231141404,-14.288363389758558],[-178.101231141404,-14.288273558278036],[-178.10132097288457,-14.288273558278036],[-178.10139435576488,-14.287987571169424],[-178.1016802988067,-14.287914232355888],[-178.10171699024687,-14.287771238351922],[-178.1018954355259,-14.287497269783103],[-178.10194979324834,-14.287285411992116],[-178.10209962929443,-14.286986616738943],[-178.10221928768996,-14.286926085170649],[-178.10229267057025,-14.286640098062037],[-178.10239895065104,-14.286387096287399],[-178.10239895065104,-14.286297264806876],[-178.10248878213156,-14.286297264806876],[-178.10248878213156,-14.286207433326354],[-178.10248878213156,-14.286117601845831],[-178.1025786136121,-14.286117601845831],[-178.10261530505227,-14.285974607841808],[-178.10282028842553,-14.285659846924375],[-178.10299107957465,-14.285541943106125],[-178.10302777101478,-14.285488781482059],[-178.10302777101478,-14.285398950001479],[-178.10311760249533,-14.285398950001479],[-178.10311760249533,-14.285309118520956],[-178.1032074348752,-14.285309118520956],[-178.1032074348752,-14.285129454660535],[-178.10329726635572,-14.285129454660535],[-178.10329726635572,-14.285039623180012],[-178.10338709783628,-14.285039623180012],[-178.10353693388237,-14.284740828826159],[-178.10365659227787,-14.284680297257864],[-178.10365659227787,-14.284590465777342],[-178.10374642375842,-14.284590465777342],[-178.10374642375842,-14.284500634296762],[-178.10383625523897,-14.284500634296762],[-178.10398609128507,-14.28420183904359],[-178.10410574968057,-14.284141308374615],[-178.10416610498174,-14.284022000714742],[-178.10428541264164,-14.28396164541357],[-178.1044952532533,-14.283542665661457],[-178.10455490708327,-14.283512488010842],[-178.10455490708327,-14.28342265653032],[-178.10464473856382,-14.28342265653032],[-178.10464473856382,-14.283332825049797],[-178.10473457004434,-14.283332825049797],[-178.10473457004434,-14.283242992669955],[-178.1048244015249,-14.283242992669955],[-178.10488475772536,-14.283123685909345],[-178.10500406448597,-14.283063329708853],[-178.10500406448597,-14.28297349822833],[-178.1050938959665,-14.28297349822833],[-178.1051240745164,-14.282913844398365],[-178.10560270809847,-14.282673826136147],[-178.10563288574906,-14.282614172306182],[-178.1057234187008,-14.282435210816288],[-178.10590238019066,-14.282344677864558],[-178.10590238019066,-14.282254846384035],[-178.1059922116712,-14.282254846384035],[-178.1062850471172,-14.28191490804653],[-178.106669286958,-14.281674274648026],[-178.10727569891435,-14.281244329462197],[-178.1079252783289,-14.280688058307192],[-178.1080100816999,-14.280589629307883],[-178.10810659154595,-14.280506465401004],[-178.10818974466096,-14.280409966346838],[-178.10842929707437,-14.28020354675624],[-178.1087769884672,-14.280098889951773],[-178.1087769884672,-14.28000905847125],[-178.10886681994776,-14.28000905847125],[-178.10958547269138,-14.279649732549046],[-178.10958547269138,-14.279559901068524],[-178.10976513565245,-14.279559901068524],[-178.1098949150183,-14.279330321237296],[-178.1102539621506,-14.278881427335932],[-178.1103041245357,-14.278841248324909],[-178.1103041245357,-14.278751416844386],[-178.11039395601622,-14.278751416844386],[-178.11039395601622,-14.278661585363807],[-178.11048378749678,-14.278661585363807],[-178.11048378749678,-14.278571753883284],[-178.1105736189773,-14.278571753883284],[-178.1105736189773,-14.278481922402761],[-178.11066345045785,-14.278481922402761],[-178.11075328193837,-14.278481922402761],[-178.11075328193837,-14.278392090922239],[-178.11084311341892,-14.278392090922239],[-178.11084311341892,-14.27830225944166],[-178.11093294489947,-14.27830225944166],[-178.11134444678876,-14.277995130171064],[-178.1116515976431,-14.277942933519512],[-178.11174460373044,-14.277842574575118],[-178.11295586552075,-14.277270951093499],[-178.11313210656144,-14.277177611357615],[-178.1134067388299,-14.277048039735178],[-178.11375921101876,-14.276861533832687],[-178.1142052055058,-14.27665107898406],[-178.11434311654156,-14.27650220791054],[-178.1145582478648,-14.27630289386343],[-178.11621738462458,-14.27536896230771],[-178.11651285148687,-14.275049989865067],[-178.11704928539618,-14.274318705244013],[-178.11731098361497,-14.273631020655046],[-178.11719554663713,-14.273362052316827],[-178.1172875931479,-14.273145983000688],[-178.1175804780566,-14.273271694732898],[-178.1175804780566,-14.273181862352999],[-178.11767030953712,-14.273181862352999],[-178.1180296354593,-14.273092030872476],[-178.11817947150539,-14.272793236518623],[-178.1182991299009,-14.272732704950329],[-178.1185387425689,-14.272254246736054],[-178.11865845582304,-14.272193716067079],[-178.1188381133882,-14.271835442351744],[-178.1190177817452,-14.271744558664409],[-178.1190715585056,-14.27156594791012],[-178.11932587598835,-14.271110122933806],[-178.11978519393153,-14.270714390656565],[-178.1197774903389,-14.27061859397287],[-178.11996435237293,-14.270535166564628],[-178.12059410533368,-14.270014248658583],[-178.1208144122553,-14.269947928154295],[-178.12074380917943,-14.2698058991229],[-178.12084353230316,-14.269738087542635],[-178.12090424373582,-14.269858096673772],[-178.1209549439155,-14.269818970768824],[-178.12136670301092,-14.26922690749575],[-178.12171272796,-14.268959780969055],[-178.12200676939688,-14.268578874915079],[-178.12225171684324,-14.268510623566385],[-178.12225171684324,-14.268420792085863],[-178.12234154832376,-14.268420792085863],[-178.1224313798043,-14.268420792085863],[-178.1224313798043,-14.268330960605283],[-178.12246807124447,-14.268187967500637],[-178.1227227952208,-14.268012076296259],[-178.122880537207,-14.267971634683136],[-178.1229760218259,-14.267843291534632],[-178.12320154391608,-14.267753635421911],[-178.1233635846617,-14.267535811528433],[-178.12383036427985,-14.267214645639342],[-178.12439797948315,-14.26671557226581],[-178.12487781905608,-14.26601814981774],[-178.1249849822711,-14.265488284556625],[-178.12471548782946,-14.264879026246035],[-178.1246771677171,-14.26464786810459],[-178.1247294201266,-14.264230116826411],[-178.12541751570575,-14.26406896371168],[-178.1257551463829,-14.264198710701919],[-178.12660683493746,-14.263972377423215],[-178.12696958278,-14.263886055097316],[-178.1275949821227,-14.26370288298159],[-178.12804756054646,-14.263616560655692],[-178.1284208898122,-14.26351865775979],[-178.12860348096584,-14.263321625292747],[-178.12857745908244,-14.262664995193347],[-178.12932320210408,-14.262313038315995],[-178.12984077003549,-14.261996083952056],[-178.13018019845737,-14.261835895809895],[-178.1304919880148,-14.261621405703238],[-178.13073908484085,-14.261097768247339],[-178.13101200120286,-14.260652119999293],[-178.13109841076303,-14.260468947883567],[-178.13134822713894,-14.260105937438993],[-178.13196254053878,-14.259622829729778],[-178.1327187993331,-14.259304646891906],[-178.1330747042342,-14.259031643295657],[-178.13334933650265,-14.258902072572539],[-178.13361369401673,-14.258762148854032],[-178.13450396528575,-14.25865564933872],[-178.1348946532656,-14.258386857267624],[-178.13527866377927,-14.25820561509704],[-178.13625366287621,-14.25833272977161],[-178.1366924906659,-14.258806363123085],[-178.1373165356296,-14.25900392259291],[-178.13791923518454,-14.25912147477618],[-178.1388122430905,-14.258347028992148],[-178.13914505969672,-14.257987791203561],[-178.14051707979937,-14.256762871409364],[-178.1411073830992,-14.256381701854025],[-178.14152228892246,-14.256250375654247],[-178.14178836234302,-14.2561570350191],[-178.14250448619305,-14.25593035100485],[-178.14321233178364,-14.25563962626768],[-178.1433487409516,-14.255492334403641],[-178.1442498301655,-14.255160378448636],[-178.14483041269335,-14.2548531619438],[-178.1465704488671,-14.25422855220586],[-178.14778648066152,-14.254276801732942],[-178.1485243609105,-14.254579894846245],[-178.14879522052297,-14.254723239585815],[-178.14909774436538,-14.254818949035212],[-178.14939524009822,-14.254807193996783],[-178.1498300047509,-14.25450804800795],[-178.1504266572644,-14.254226446892972],[-178.15095117695523,-14.254363913663667],[-178.15117746706642,-14.254407074826588],[-178.15126138730315,-14.254289960613164],[-178.15203737992113,-14.25444330581388],[-178.15207578187182,-14.25449690630711],[-178.15221387097333,-14.254455324353671],[-178.1525494565921,-14.25433206867001],[-178.15312912001286,-14.25365929753849],[-178.1533749973582,-14.253011353091438],[-178.1535680242449,-14.252665361417257],[-178.1537983163392,-14.252149268374012],[-178.15471780118554,-14.250859168415843],[-178.15499196490723,-14.250136743915562],[-178.15509034084653,-14.250052000799144],[-178.1550402216289,-14.24991549900102],[-178.1550402216289,-14.249556173078872],[-178.1552198854893,-14.249556173078872],[-178.15516674544892,-14.24933984026137],[-178.15513005400877,-14.249107014776882],[-178.1550402216289,-14.249107014776882],[-178.1550402216289,-14.24892735181578],[-178.15514650530696,-14.248674350041199],[-178.1552198854893,-14.24838836293253],[-178.15516414371024,-14.24782147707947],[-178.15529497348422,-14.24746522144278],[-178.15595935304168,-14.247358633793851],[-178.1563394371153,-14.247628128235476],[-178.15656735769738,-14.247759542568815],[-178.15707616893002,-14.247789720219373],[-178.15719617896048,-14.247849374049338],[-178.15737584192155,-14.247849374049338],[-178.15737584192155,-14.24793920552986],[-178.15751637088377,-14.247900079624912],[-178.1585830675545,-14.247724802657444],[-178.15872331412962,-14.247669711088236],[-178.1590055348775,-14.247304068328049],[-178.15939330635598,-14.247361353343763],[-178.15944196687326,-14.247759542568815],[-178.15967846249103,-14.24802421214764],[-178.16076253226504,-14.248969723373989],[-178.16128604021856,-14.248884980257571],[-178.16192072236342,-14.248714967022067],[-178.16245385036487,-14.248615485815947],[-178.16307036440577,-14.248359062120983],[-178.16339455381558,-14.248298531452008],[-178.16359100532063,-14.248078689479883],[-178.1643827001015,-14.248029037010383],[-178.16447763613397,-14.247910518955223],[-178.1647919096189,-14.247719627059098],[-178.16505146924987,-14.24752996273753],[-178.16553904569037,-14.247233799799972],[-178.16612944701635,-14.246721479412713],[-178.1666422557355,-14.246431544280313],[-178.1669989448454,-14.24584430586998],[-178.16766651789547,-14.245653502107416],[-178.16770646668007,-14.245603586136554],[-178.16770646668007,-14.24551375465603],[-178.16731328667882,-14.245601304556487],[-178.16763311347736,-14.245335582770906],[-178.16770646668007,-14.245423923175451],[-178.16813674911165,-14.245120565661523],[-178.1686479840172,-14.244568768633712],[-178.1691938239358,-14.244216372887252],[-178.16968626121195,-14.243684840283095],[-178.17053787242486,-14.243134973200426],[-178.17179826417853,-14.242267625650356],[-178.1723362143448,-14.242013746137445],[-178.1727768102016,-14.241780569917296],[-178.17344218530857,-14.241466598604575],[-178.17413113344503,-14.24124851120979],[-178.17439720236897,-14.241155170574643],[-178.1748115766929,-14.241024020641987],[-178.17569338174414,-14.240883570820074],[-178.17583621926607,-14.240889185287642],[-178.17643816159185,-14.240865323575804]],[[-178.15465071805616,-14.281955174291795],[-178.15471107335733,-14.281835866631866],[-178.15498056869825,-14.2816995402016],[-178.15489777441275,-14.28151689418928],[-178.1544415789157,-14.281746035151343],[-178.15441140126512,-14.28198535194241],[-178.15465071805616,-14.281955174291795]]],[[[-176.21347980265074,-13.388765229331796],[-176.21342172713096,-13.388431213030003],[-176.21342172713096,-13.388161717689059],[-176.21360139099139,-13.388161717689059],[-176.2136912224719,-13.388161717689059],[-176.2136912224719,-13.388251549169638],[-176.21383088178973,-13.388291487162348],[-176.21412687025884,-13.388465425938591],[-176.2143600455796,-13.38914686023935],[-176.2142352997193,-13.38936946492879],[-176.21347980265074,-13.388765229331796]]],[[[-176.2134608530359,-13.386699850817422],[-176.21363648073896,-13.386799134172634],[-176.2135245421239,-13.38719763006651],[-176.21342172713096,-13.387263402883718],[-176.2134608530359,-13.386699850817422]]],[[[-176.169673777223,-13.369386930162648],[-176.16961412339305,-13.36935675251209],[-176.16955376719258,-13.36877442619874],[-176.16976360870356,-13.368668278318353],[-176.16998397587975,-13.368259890781303],[-176.17022013515108,-13.367931926916867],[-176.17131004422313,-13.367819023329218],[-176.1720215023904,-13.368226423410647],[-176.1731365016482,-13.36861921760277],[-176.17339476715475,-13.36876721093796],[-176.17357723689994,-13.36898683347556],[-176.1737735678958,-13.369149894052327],[-176.17389585860695,-13.369297098682125],[-176.1739856900875,-13.369297098682125],[-176.1739856900875,-13.36956659312375],[-176.17389585860695,-13.36956659312375],[-176.1737835692563,-13.369683531969372],[-176.17273068077628,-13.370599831417053],[-176.17236328343876,-13.371312912860617],[-176.17188552669566,-13.372297747842765],[-176.17172884860744,-13.372448329426788],[-176.17143093019325,-13.373610875841223],[-176.17124933728707,-13.37538750452967],[-176.17143531708618,-13.376113657619157],[-176.17162831429525,-13.377102177123732],[-176.1721343187438,-13.37758822381744],[-176.17241276054045,-13.37840179550642],[-176.17231345470213,-13.379228832744388],[-176.17206729586897,-13.379484883220755],[-176.17170884678583,-13.379669612962232],[-176.17126284690283,-13.379678714101317],[-176.17031856325107,-13.379405447903025],[-176.169821683324,-13.380138267666894],[-176.16976360870356,-13.380436207664786],[-176.16976360870356,-13.380526039145366],[-176.169673777223,-13.380526039145366],[-176.169673777223,-13.380705702106411],[-176.169673777223,-13.380795533586934],[-176.16949411336262,-13.380795533586934],[-176.1693735781281,-13.38202124208658],[-176.16957868201055,-13.383146000787235],[-176.1698750203159,-13.384129848313819],[-176.16998485361808,-13.384257380273823],[-176.17008135267227,-13.384340545080022],[-176.1703726026135,-13.385108060688424],[-176.17131214953605,-13.386420837951277],[-176.17156023921365,-13.386634582519946],[-176.17188043923085,-13.386763539905417],[-176.1719195651358,-13.386814245480991],[-176.17213835400182,-13.386983118376179],[-176.17201325650655,-13.38751241346705],[-176.17176744750967,-13.387919791065485],[-176.1714753198301,-13.388633815897833],[-176.17106809511648,-13.388752531803846],[-176.17097633369082,-13.388738978121296],[-176.17088387079397,-13.388752640621817],[-176.17075175498948,-13.388700707471628],[-176.1707215773389,-13.388760361301593],[-176.17040874636652,-13.388820716602766],[-176.17030259758678,-13.388610875991105],[-176.17021276610623,-13.388610875991105],[-176.17021276610623,-13.388521044510526],[-176.17001380279473,-13.388480887083233],[-176.16994327166464,-13.38834138065016],[-176.16985344018408,-13.38834138065016],[-176.16985344018408,-13.388251549169638],[-176.16976360870356,-13.388251549169638],[-176.16976360870356,-13.388161717689059],[-176.169673777223,-13.388161717689059],[-176.169673777223,-13.388071886208536],[-176.1694583212445,-13.387923124852307],[-176.16940428188207,-13.387712560286388],[-176.1691739133454,-13.387403939939816],[-176.1687268612556,-13.386566024502372],[-176.16859579855722,-13.386095592737377],[-176.1685059670767,-13.386095592737377],[-176.1685059670767,-13.386005761256854],[-176.1685059670767,-13.385915929776274],[-176.16841613559615,-13.385915929776274],[-176.16841613559615,-13.385736266815229],[-176.16841613559615,-13.38564643533465],[-176.16830103856205,-13.385601519594388],[-176.16841613559615,-13.385556603854127],[-176.16816804591855,-13.384520032673322],[-176.1679734695,-13.38193402043862],[-176.16811558576563,-13.379151655624355],[-176.1687394940324,-13.377502778330495],[-176.16899916338065,-13.376437805660146],[-176.1690907494385,-13.376349771924367],[-176.16917882634175,-13.376078478838679],[-176.16936199845745,-13.375543087243614],[-176.1695381522639,-13.374820838111134],[-176.16971167465402,-13.37414385545452],[-176.16981115586012,-13.371400683094976],[-176.1698067698665,-13.371183560672762],[-176.1698094012828,-13.371048813451921],[-176.16978676804487,-13.369938683123678],[-176.169673777223,-13.369386930162648]]],[[[-176.21609456621124,-13.371222006690232],[-176.21659197314102,-13.370573535240396],[-176.2171083287863,-13.36939035118371],[-176.21731343266876,-13.368742297019367],[-176.21750730761613,-13.368441988207167],[-176.21760064735196,-13.36835557864697],[-176.21807787799165,-13.367344139920078],[-176.2185196663495,-13.366867458766137],[-176.21895671797813,-13.366585134596221],[-176.21964624527797,-13.36584110748106],[-176.2203819158927,-13.365811937970534],[-176.22029559356676,-13.366199622214765],[-176.22003118658995,-13.366953869225654],[-176.21991679192638,-13.368160979745369],[-176.2200225899705,-13.368714904569117],[-176.2201222465444,-13.36909486813363],[-176.22009101578772,-13.369881003305636],[-176.2201369846341,-13.371038724857215],[-176.21900970423442,-13.371158689921572],[-176.2184568541005,-13.37141960932746],[-176.21804980565398,-13.371859007287298],[-176.21788382767647,-13.372012791357179],[-176.2175209925997,-13.372698327465798],[-176.2173381712196,-13.37374902249934],[-176.2172869395406,-13.375038113418157],[-176.21746835707899,-13.375987616735074],[-176.2177546949232,-13.376594440580902],[-176.2184056224215,-13.377159067337061],[-176.2185887945372,-13.37724547779652],[-176.2188547798242,-13.377428561778629],[-176.21967256303833,-13.377623336048089],[-176.21992117881933,-13.377853748651546],[-176.21997170902713,-13.37913038216135],[-176.21973204060117,-13.37913990058587],[-176.21873389385408,-13.378611789902152],[-176.21826192694635,-13.378488095349269],[-176.2173567691995,-13.378315275329669],[-176.2167023325466,-13.378143792601918],[-176.2163861677874,-13.37810058737216],[-176.2157775237137,-13.378143682884627],[-176.21516765206547,-13.378483907206487],[-176.21391246738642,-13.378860822069214],[-176.21364963961915,-13.378957321123437],[-176.21351155951083,-13.378998903076877],[-176.21351155951083,-13.3790887345574],[-176.21342172713096,-13.3790887345574],[-176.21342172713096,-13.379178566037922],[-176.2132420641699,-13.379178566037922],[-176.2132420641699,-13.379268397518501],[-176.21315223268937,-13.379268397518501],[-176.21221672192416,-13.379658690695976],[-176.21216408640345,-13.379717554921172],[-176.21207232497778,-13.379836511845497],[-176.21171492900075,-13.379897217882274],[-176.21171492900075,-13.379987049362796],[-176.21135560217928,-13.379987049362796],[-176.21135560217928,-13.379897217882274],[-176.21117593921818,-13.379897217882274],[-176.21117593921818,-13.379807386401694],[-176.21108610773766,-13.379807386401694],[-176.21108610773766,-13.379717554921172],[-176.21121910038116,-13.3793379861591],[-176.21100575061487,-13.378979602726417],[-176.2106801114979,-13.378506540444448],[-176.21050395769146,-13.378053961121338],[-176.21010147060636,-13.377160712197053],[-176.210312188057,-13.376714142143896],[-176.21062712524161,-13.376603739570896],[-176.21144718823712,-13.376636241968924],[-176.21168352287626,-13.376524719739962],[-176.21184792164425,-13.376347162091804],[-176.2120233739795,-13.376184715752004],[-176.2124432305706,-13.37543869304119],[-176.21324645106284,-13.374920055815892],[-176.21373789278948,-13.373655637797413],[-176.21383439094436,-13.371543654615948],[-176.21427074110179,-13.371312781559595],[-176.2146565601521,-13.371328088920109],[-176.21609456621124,-13.371222006690232]]],[[[-176.2206389529253,-13.365504480447385],[-176.2207177317379,-13.36558325836063],[-176.22060824917133,-13.365614006181374],[-176.2206389529253,-13.365504480447385]]],[[[-176.22423431925841,-13.364105490575866],[-176.22375358036342,-13.363902930875497],[-176.22394008626594,-13.3632496786297],[-176.2250178886646,-13.363062119621077],[-176.22513982864015,-13.363545074445597],[-176.22471733973342,-13.36412343025205],[-176.22429134167206,-13.364176701593465],[-176.22423431925841,-13.364105490575866]]],[[[-176.21211601224414,-13.358491327013098],[-176.21195020963444,-13.358324275245081],[-176.2120742549229,-13.35824782117993],[-176.21226497145125,-13.357971506279966],[-176.2127953628157,-13.357851803817653],[-176.21288273824774,-13.357978326738362],[-176.21296730599636,-13.358030480222453],[-176.21285413980667,-13.358393885469411],[-176.21259797961304,-13.358641404976822],[-176.21211601224414,-13.358491327013098]]],[[[-176.19369686611745,-13.358193979668386],[-176.19300804118814,-13.357742299667336],[-176.19373160602876,-13.35775706024009],[-176.1939723257622,-13.358175227904383],[-176.19374862479916,-13.35824782117993],[-176.19369686611745,-13.358193979668386]]],[[[-176.19244940121885,-13.357497982645725],[-176.1927041575708,-13.357665934635122],[-176.19240115169177,-13.357708832296737],[-176.19244940121885,-13.357497982645725]]],[[[-176.23187333248828,-13.325892014404872],[-176.23200123676764,-13.326144863294758],[-176.23183718963458,-13.326177968238596],[-176.23187333248828,-13.325892014404872]]],[[[-176.12489030744172,-13.28831146040551],[-176.12516506561525,-13.287957178780744],[-176.12694134356812,-13.28837659740202],[-176.12811564502098,-13.288306602267824],[-176.12826144580904,-13.28835889784483],[-176.12826144580904,-13.28826906636425],[-176.1283512772896,-13.28826906636425],[-176.12844110877012,-13.28826906636425],[-176.12844110877012,-13.28835889784483],[-176.12853094025067,-13.28835889784483],[-176.12859989307057,-13.288222637964338],[-176.12883061234285,-13.28816290679265],[-176.12865094938178,-13.288389076394708],[-176.12859059408063,-13.288688046116363],[-176.12853094025067,-13.288718224666297],[-176.12829302730134,-13.289026395351812],[-176.12799195136745,-13.289077550588445],[-176.127883521907,-13.289198897910751],[-176.12659710647125,-13.28929960669143],[-176.1260905759193,-13.289481342589852],[-176.12528103948836,-13.289569102032374],[-176.12480977495113,-13.28923984404355],[-176.1246257250971,-13.288746527230387],[-176.12480538805818,-13.288585999144516],[-176.12489030744172,-13.28831146040551]]],[[[-176.16863790751339,-13.284719394584329],[-176.1686429949782,-13.284470373209103],[-176.16931620497886,-13.284092800042629],[-176.16971781522497,-13.284550730331887],[-176.16944200484463,-13.28508592497542],[-176.16904495595992,-13.285214795126649],[-176.16863790751339,-13.284719394584329]]],[[[-176.14434795469433,-13.282081548124893],[-176.1441751346747,-13.281338737792453],[-176.14421478668302,-13.280673939150915],[-176.1447588639304,-13.27967263308551],[-176.14495344034896,-13.278836976745026],[-176.1453394356664,-13.27861470030814],[-176.14618037732254,-13.278794363269185],[-176.14663444772157,-13.278879150452383],[-176.14689903006615,-13.278974026230287],[-176.14744556336203,-13.27910119666285],[-176.14799139518672,-13.279247392253296],[-176.14821579852025,-13.279974334048234],[-176.1483531780567,-13.281291574646389],[-176.14831861351317,-13.281871389153252],[-176.14777506236922,-13.282217007608779],[-176.14766505459858,-13.282340185950773],[-176.14766505459858,-13.282430017431295],[-176.14757522311803,-13.282430017431295],[-176.1474571430327,-13.282562100860218],[-176.14653110662525,-13.282900525638695],[-176.14531101259314,-13.282827811853963],[-176.14434795469433,-13.282081548124893]]],[[[-176.15289195030323,-13.275479227484311],[-176.15300336281493,-13.275710166191175],[-176.1527854507879,-13.275872316654045],[-176.15289195030323,-13.275479227484311]]],[[[-176.13225596544044,-13.275018994031313],[-176.13231895305722,-13.274930796618946],[-176.13279618279756,-13.27535259484631],[-176.13257335867354,-13.275423159251375],[-176.13225596544044,-13.275018994031313]]],[[[-176.13032757076076,-13.273896023182886],[-176.13011334325617,-13.273834746975922],[-176.13001807267588,-13.273407049195896],[-176.13042529738954,-13.272897908811387],[-176.1309667432206,-13.272965249146864],[-176.13135572068992,-13.273253111341944],[-176.13117605772885,-13.27339698218492],[-176.1311360540856,-13.273446865780159],[-176.13109640207728,-13.274016669033983],[-176.13077304364103,-13.274107541929482],[-176.13032757076076,-13.273896023182886]]],[[[-176.14726256661413,-13.273939228412587],[-176.14671673478946,-13.273766408392987],[-176.1458098224653,-13.273393934382511],[-176.1453778592008,-13.272724792015481],[-176.14508625762465,-13.272301031467407],[-176.145107663288,-13.271759300551253],[-176.14554471491664,-13.271354412276253],[-176.14623441668496,-13.27094889807313],[-176.14705255063467,-13.270689853753709],[-176.14754908072547,-13.270709526423445],[-176.1482879097592,-13.271506957080362],[-176.14979802615795,-13.271618357900877],[-176.15001663965617,-13.271854154745427],[-176.1505863331927,-13.271962934941428],[-176.1509688193555,-13.272063173376694],[-176.1511218129213,-13.272864671667207],[-176.151304985037,-13.273310408048872],[-176.15139130736293,-13.27357563700599],[-176.149071829901,-13.273676872789395],[-176.14780155639667,-13.273942649433707],[-176.14730572777708,-13.273985854663408],[-176.14726256661413,-13.273939228412587]]],[[[-176.2002677257749,-13.2191031817664],[-176.20067442438514,-13.218882123011497],[-176.20143834270533,-13.219354341729456],[-176.20242385757493,-13.21971446804821],[-176.20304864358002,-13.219859836262401],[-176.20362131926845,-13.220013197650928],[-176.20492405200338,-13.220622757234423],[-176.20574358889547,-13.220937814028844],[-176.20676998424736,-13.221411968087807],[-176.20740371760746,-13.221607695638625],[-176.20863556757735,-13.222277068232074],[-176.21039868665005,-13.223012640820684],[-176.2111417263096,-13.223185526490795],[-176.21225391788397,-13.223231045676187],[-176.21255095855986,-13.223282737808063],[-176.21270518059958,-13.22382207832618],[-176.21299608070453,-13.22449601767704],[-176.21279290676722,-13.225207339147346],[-176.21279290676722,-13.225387002108391],[-176.21283606793017,-13.225703122800837],[-176.21292940856532,-13.2259691962214],[-176.21302432841,-13.226367943925425],[-176.21333540480506,-13.22695562660084],[-176.21357910848903,-13.227472174701063],[-176.21391404659596,-13.227589584791474],[-176.21428021545955,-13.227705498409989],[-176.21464515584924,-13.22804362191556],[-176.2150423792024,-13.228885348679853],[-176.21563295139956,-13.229266770944662],[-176.2165031947666,-13.23020594464856],[-176.21687848635304,-13.23046419396735],[-176.21791154927854,-13.230563181445632],[-176.21821578273216,-13.231523963160328],[-176.21831579094098,-13.231632003214315],[-176.21874003442502,-13.232025033028833],[-176.21942728014483,-13.233089347395435],[-176.22073825966294,-13.234520982657159],[-176.22075755911405,-13.235007643587835],[-176.22064386592166,-13.235248714956185],[-176.22006031203375,-13.23578936488724],[-176.21984731300307,-13.236192016548273],[-176.21982748654924,-13.236689391102459],[-176.21994065363822,-13.237046534369995],[-176.2201159306057,-13.237377799645685],[-176.22025787150355,-13.238269244529988],[-176.2205029781299,-13.238898689922564],[-176.22074124181484,-13.239267682657385],[-176.2212702302369,-13.239917563344818],[-176.22137006307793,-13.241064313167499],[-176.2215690254901,-13.241743680826175],[-176.22153165416248,-13.242685447275505],[-176.22180992149066,-13.243564347516553],[-176.22221082936625,-13.244219113321378],[-176.22279192720566,-13.245317411269468],[-176.2229686071155,-13.245991104206041],[-176.22272104444062,-13.246697309433216],[-176.22280736676655,-13.247352519503124],[-176.22295509749972,-13.24777376914409],[-176.22279175183786,-13.248397041590124],[-176.22290860254995,-13.249130426128204],[-176.22333038998548,-13.250024146297278],[-176.22352952776546,-13.25031353823914],[-176.22397517691286,-13.251035612003818],[-176.22412974968816,-13.251178863213909],[-176.22433801198963,-13.251481348385482],[-176.22464487775886,-13.251956692247518],[-176.22507771786238,-13.252423801017585],[-176.22570794296718,-13.252623338995875],[-176.22567706294606,-13.253404627721352],[-176.22577180742294,-13.254000051760954],[-176.2260002460145,-13.254780200146058],[-176.22586076116517,-13.25536552479906],[-176.22557512569148,-13.255905424695527],[-176.22560811012616,-13.256738203205487],[-176.22558863530725,-13.257232276348418],[-176.2256009164491,-13.257542865310938],[-176.22546248470587,-13.258870385160094],[-176.22568197594242,-13.259210280330137],[-176.22595497953864,-13.259566185231222],[-176.22631079630617,-13.260198427515377],[-176.22667012222834,-13.26072061706276],[-176.22656099129668,-13.261536173555498],[-176.2259841040831,-13.26232279076413],[-176.2254159897561,-13.262713709869786],[-176.22512263450196,-13.262903088206883],[-176.22412588979796,-13.264112140362954],[-176.22380744435804,-13.26582457544373],[-176.2237813019655,-13.26648492244118],[-176.22380797046145,-13.267158659444533],[-176.22377463529116,-13.267998143299621],[-176.22388973142594,-13.268480932648856],[-176.22407623732846,-13.268833404837721],[-176.22424467135448,-13.269540905088661],[-176.22434520566668,-13.269827747452553],[-176.2245180256863,-13.27091256816044],[-176.2247836602377,-13.271670467318188],[-176.22469733791178,-13.27196635596249],[-176.22460399727663,-13.272232429383052],[-176.2245176749507,-13.272774840186685],[-176.22442433431556,-13.273220576568292],[-176.22425572492173,-13.274103758481601],[-176.22405851618754,-13.274584157432855],[-176.22408272863498,-13.275198580550011],[-176.2240313215882,-13.276498659385595],[-176.2243966127135,-13.277029664987026],[-176.22467312546434,-13.278303645496806],[-176.2249805182363,-13.27877969083005],[-176.22582724972776,-13.278941337672563],[-176.22624008890895,-13.279323790560454],[-176.22667363138297,-13.280317266228792],[-176.22677363959176,-13.28136185396636],[-176.22716630158354,-13.281969938661689],[-176.22770757114748,-13.282225330834308],[-176.22893380664982,-13.283091725102963],[-176.22945840817897,-13.283191875404668],[-176.22985738700876,-13.283331754157075],[-176.23029145558618,-13.283469166069096],[-176.2309460676069,-13.283815541753825],[-176.2313448701696,-13.283910527248963],[-176.2318440316767,-13.284254084458382],[-176.23368049046223,-13.284449516132213],[-176.2337892706583,-13.28456693791378],[-176.23471179791113,-13.284530377774672],[-176.23543044975543,-13.284558855706564],[-176.23616805121458,-13.284529632236683],[-176.23646175810362,-13.284632601013698],[-176.23694337473694,-13.284724537807108],[-176.23758289793236,-13.284948721706087],[-176.23816785566197,-13.285133922692353],[-176.23889580649626,-13.285477435834935],[-176.2396207751786,-13.285861062338086],[-176.24036118342184,-13.28614934091928],[-176.24109755550776,-13.286944248977875],[-176.2414007376539,-13.287104678138348],[-176.24167549582745,-13.287234293827566],[-176.24212605707186,-13.28747276615519],[-176.2430671823046,-13.28763662712862],[-176.24391110701194,-13.287289966358799],[-176.24487539248534,-13.287665434212386],[-176.24536332505738,-13.287923623276527],[-176.2461005748816,-13.288064379767263],[-176.2469199364059,-13.288421951112127],[-176.2474985781968,-13.288605167294577],[-176.24851584992652,-13.289143410639838],[-176.24912800225547,-13.289303839800311],[-176.2501772071124,-13.289504129611828],[-176.25050723222296,-13.290445968006964],[-176.2502958124018,-13.29145637521151],[-176.25018159310602,-13.292530340202973],[-176.24968225623113,-13.293473855833724],[-176.24948732907694,-13.294330983488067],[-176.2493969705937,-13.296590500451202],[-176.249217833736,-13.296756434361896],[-176.24877218548795,-13.297568339607153],[-176.2484991818917,-13.29801407598876],[-176.24834425748148,-13.298664455799951],[-176.24787457215376,-13.299347140158318],[-176.2478307095196,-13.30045366240654],[-176.24830407936975,-13.301071110843054],[-176.24841882476892,-13.302148321487778],[-176.24858901337225,-13.302509073734711],[-176.24875762276605,-13.302827497590897],[-176.24900799312437,-13.303470650450095],[-176.24930766521655,-13.303676882981733],[-176.24974191006106,-13.30395722324721],[-176.2500317570599,-13.30548064151833],[-176.24992367833505,-13.307057573048496],[-176.2495146990441,-13.307691021323535],[-176.24895377839414,-13.3083546796247],[-176.24832618650427,-13.309792861051676],[-176.24831057067627,-13.310187957508163],[-176.24833881838174,-13.310898035216098],[-176.24785439496432,-13.311601948970747],[-176.24769420772148,-13.311941382788518],[-176.24757507542935,-13.31205168733544],[-176.24741172886817,-13.312907675548729],[-176.24715170878432,-13.3132854348749],[-176.24682747350906,-13.31378749129965],[-176.24599214542116,-13.313946998655013],[-176.24520559386303,-13.31436319320676],[-176.24486275970855,-13.314410038892163],[-176.2448011759335,-13.314614595087448],[-176.24404339818426,-13.314779870694451],[-176.2428373398713,-13.31410698984564],[-176.24086736233886,-13.313929508639887],[-176.24037714908613,-13.31414823185537],[-176.2401016894414,-13.314320207411583],[-176.23999694450336,-13.31466789880443],[-176.2393384725924,-13.315432246101238],[-176.23879299150332,-13.31547607546048],[-176.2380838140168,-13.315080431316801],[-176.2376695709939,-13.314955707040212],[-176.2372753297926,-13.314810936875176],[-176.23583135853033,-13.314548131590982],[-176.2351748165645,-13.31436846773056],[-176.2344600237111,-13.314454483387635],[-176.2346095090216,-13.315759266576833],[-176.23476724111526,-13.315895164929884],[-176.23475285376117,-13.31607482879025],[-176.234928656832,-13.316226298904553],[-176.23473022052323,-13.317528965089593],[-176.2345737169035,-13.317955039593357],[-176.23444809330485,-13.318372441035251],[-176.23364750512823,-13.318843408796226],[-176.23345415628427,-13.318901615616994],[-176.23330414487037,-13.319088833782587],[-176.2329551710443,-13.319300889424483],[-176.23242284883537,-13.319726591608855],[-176.23233617577387,-13.320029476978732],[-176.2319938677228,-13.320457459843851],[-176.2317061269362,-13.320288291071734],[-176.2316126109332,-13.319435241842882],[-176.23097098152556,-13.319515040486692],[-176.23059568993912,-13.320179061214674],[-176.22972123594624,-13.32064836253187],[-176.229461566598,-13.320837960303606],[-176.2284635943194,-13.320917856973495],[-176.22820392497113,-13.321017623264652],[-176.22768318333223,-13.32109751993454],[-176.22708647056413,-13.320868116370434],[-176.22658695832143,-13.320468699570768],[-176.22621780640662,-13.320209139939834],[-176.2261778036627,-13.320159256344539],[-176.22608797218214,-13.320159256344539],[-176.2259981407016,-13.320159256344539],[-176.2259981407016,-13.320069424864016],[-176.22559319666865,-13.32001883979757],[-176.22474049907476,-13.320159256344539],[-176.22474049907476,-13.320249087825118],[-176.2246506675942,-13.320249087825118],[-176.22452083336972,-13.320610925553751],[-176.22442854494136,-13.321105009488576],[-176.224250285822,-13.321770807276891],[-176.22442854494136,-13.322267775337536],[-176.22447100463313,-13.32276437107879],[-176.22466031731977,-13.32291055497808],[-176.22486945646023,-13.323281088251576],[-176.22456013464247,-13.324279487708168],[-176.2246506675942,-13.324830496030529],[-176.22470207554034,-13.325133029765482],[-176.2248973534301,-13.325629779290807],[-176.22502473160606,-13.326491676949274],[-176.22470769000785,-13.326902290308396],[-176.2241623842866,-13.327306641688097],[-176.22402184723043,-13.327345778384938],[-176.22390060962542,-13.327476709782275],[-176.22364708084808,-13.327596313319134],[-176.22293035894887,-13.32836991463978],[-176.2223150482009,-13.328154261709756],[-176.22186010096286,-13.328493838519762],[-176.22126215972088,-13.328755141936199],[-176.22067351746884,-13.32866817209839],[-176.2197997658465,-13.329322071856097],[-176.21975730615472,-13.329459340775884],[-176.21962817340145,-13.329574722895075],[-176.21905777839373,-13.33062461753201],[-176.21870722445883,-13.331897303917401],[-176.2185845839114,-13.332239074173913],[-176.21854212421962,-13.332735669915166],[-176.21867353765361,-13.333322919117393],[-176.2188532006147,-13.333812156605688],[-176.21874354357965,-13.33411455903962],[-176.21827262977803,-13.334442468944758],[-176.21823262613475,-13.334672014601722],[-176.21808296545646,-13.335061354497839],[-176.21785119307808,-13.335872360421035],[-176.2174702870241,-13.33654616217558],[-176.21724447984883,-13.336827971033983],[-176.2170549917944,-13.336907867703871],[-176.21665566222902,-13.337227245740735],[-176.21661811553358,-13.33745923755373],[-176.2164384525725,-13.338050653314951],[-176.21662267689499,-13.338804242921412],[-176.2169525275371,-13.33923610726049],[-176.21705253484657,-13.339615193985992],[-176.2171571044168,-13.339869863103672],[-176.21719465111224,-13.340012022536769],[-176.21759713909665,-13.340328144128478],[-176.21796330706096,-13.340500964148134],[-176.21814472459934,-13.340696714181945],[-176.21831579094098,-13.342304437599694],[-176.21849896305667,-13.342929836942403],[-176.2186026548886,-13.343797393135162],[-176.21903303984288,-13.344000489730774],[-176.21849545390205,-13.344636635072618],[-176.21833421355308,-13.345145852798794],[-176.21809296681693,-13.345222251105952],[-176.21813296956088,-13.345721292103917],[-176.21834000338842,-13.347378087029028],[-176.21852668465874,-13.347527539064629],[-176.2186719584441,-13.348082768804716],[-176.21849229548303,-13.348226639647635],[-176.21830280742859,-13.34853838513834],[-176.21785698381274,-13.348482909558584],[-176.21738115701476,-13.347806025827367],[-176.2172046524727,-13.347188609766476],[-176.2169551589534,-13.346988868541416],[-176.2168353251901,-13.346839218654964],[-176.21634967329877,-13.347289242104807],[-176.21616913349868,-13.348046987478426],[-176.2158234925601,-13.348168159432987],[-176.21564277649293,-13.347973154937108],[-176.2148209589201,-13.348734639691827],[-176.2148088522467,-13.349038106023727],[-176.2149921997302,-13.349045365351287],[-176.21516203759793,-13.348862138376944],[-176.2154406556617,-13.349116795803411],[-176.21544820007435,-13.349307995267736],[-176.21535135028455,-13.349397706239131],[-176.21513940436,-13.349846863641801],[-176.2147853421698,-13.34971786218955],[-176.21407932220293,-13.349302775602553],[-176.21384684835334,-13.34905201044188],[-176.2128439630784,-13.348600078630682],[-176.21250534044907,-13.348586656249154],[-176.21189652190694,-13.348731689915496],[-176.2111583943444,-13.349297687238447],[-176.21086293287803,-13.349401247769322],[-176.21065133768906,-13.349392858893282],[-176.20993619410004,-13.34994125738308],[-176.20916490673503,-13.350394691062093],[-176.20880224702606,-13.350730682275127],[-176.20840151361892,-13.35141240166098],[-176.20789989606334,-13.35158817145691],[-176.20680086336912,-13.351826742709989],[-176.20647171509754,-13.352181935347971],[-176.20521810962802,-13.352231631884251],[-176.2048944004562,-13.352078791203212],[-176.20420820694318,-13.35114334608852],[-176.20378870018834,-13.35094539181631],[-176.20331743565112,-13.350508669339547],[-176.20340375887633,-13.350116358083426],[-176.2035825440991,-13.349778426133412],[-176.20359043924734,-13.349580669712111],[-176.2034332341564,-13.349435033499958],[-176.20330515450925,-13.348897480834012],[-176.2028647690938,-13.348323149493694],[-176.20223822941074,-13.34743434142166],[-176.20188943095246,-13.34705801831285],[-176.20153168334048,-13.347072197024204],[-176.20121148332328,-13.346775584425643],[-176.2006816180622,-13.34600538164301],[-176.20049054989894,-13.345401958133834],[-176.19960890312834,-13.34415153176775],[-176.19930993250736,-13.344309745897988],[-176.19908763448672,-13.344103765176555],[-176.1993350217938,-13.343744263886606],[-176.19918343117038,-13.34373825461671],[-176.1990192086695,-13.343744768406282],[-176.19882235067092,-13.343651909807761],[-176.19829020472915,-13.343285740944168],[-176.19792403586553,-13.343112920924511],[-176.19776156704265,-13.342937501864185],[-176.19738294077007,-13.342922489481282],[-176.1971711702133,-13.34359145558119],[-176.1969393978349,-13.343468825825596],[-176.19658340569958,-13.34335614167253],[-176.19690237724288,-13.342753595002364],[-176.19605669795823,-13.343192916519854],[-176.19567491416592,-13.34391456220726],[-176.19542226312691,-13.34444985577619],[-176.19520101731308,-13.344566915130997],[-176.19429498272726,-13.344531002503743],[-176.19333104798946,-13.344813195372637],[-176.19285136220057,-13.344832209738627],[-176.1921392016628,-13.344645627393732],[-176.19132317302598,-13.34459343074218],[-176.1905408320937,-13.344673239278507],[-176.1902253688057,-13.344944904683587],[-176.1899092040465,-13.3454934119913],[-176.18961637489576,-13.3455815770281],[-176.18940004207826,-13.345904211510117],[-176.18934687955482,-13.345940902950247],[-176.18934687955482,-13.346030734430826],[-176.1892570480743,-13.346030734430826],[-176.18881122445842,-13.346579790324995],[-176.18853488707535,-13.346835796734581],[-176.18813590914488,-13.347514665269557],[-176.18793694583334,-13.347803800005295],[-176.18673825656526,-13.348183269841968],[-176.18633927863476,-13.348323149493694],[-176.18587117161724,-13.348412508830165],[-176.18550482828516,-13.348606339710784],[-176.18527059895894,-13.348859188600613],[-176.18498829637275,-13.348948548836404],[-176.18472231108575,-13.34904180133799],[-176.18394049625687,-13.34916633945494],[-176.18278496815174,-13.349032502348052],[-176.1821328121795,-13.34853232100977],[-176.18193753428974,-13.34822989609279],[-176.1816645306935,-13.347873991191705],[-176.1813985445072,-13.347511244248494],[-176.1810188660278,-13.34704465078994],[-176.18013739462504,-13.346526518983637],[-176.1797384157952,-13.34625189211107],[-176.17930838247585,-13.345974239019881],[-176.17824496743128,-13.346016391143507],[-176.17717646312326,-13.345534950777335],[-176.1766488785429,-13.345329529434196],[-176.17613954120682,-13.34505996844274],[-176.1756212547171,-13.343093051303242],[-176.17537632345852,-13.342394269080216],[-176.17529000113262,-13.341835486118725],[-176.17549335043773,-13.341450961192834],[-176.17618042168908,-13.341233433176342],[-176.17699329100753,-13.340504385169197],[-176.17749403172417,-13.340110660178766],[-176.1781474161703,-13.33980227005867],[-176.17887641921135,-13.33924332252127],[-176.17942225103602,-13.338890839540568],[-176.17978543774774,-13.338640940427013],[-176.18067866418897,-13.338391929843624],[-176.18204719132478,-13.33844616705693],[-176.1826293422703,-13.338846779055586],[-176.1837957476756,-13.339300969963745],[-176.18449843385562,-13.339435136222505],[-176.1849475921576,-13.339417338639237],[-176.1860231138756,-13.338844213289747],[-176.18609943574035,-13.338590827504618],[-176.18690335770376,-13.337651928093976],[-176.1868572134896,-13.33707795738178],[-176.1872302243953,-13.336756715949662],[-176.1873223374559,-13.336550165058043],[-176.18741883561074,-13.336467021835517],[-176.18751375545543,-13.336254275514364],[-176.18748796379847,-13.335933417193417],[-176.18759849857182,-13.335838201471802],[-176.1877076304028,-13.335711602108688],[-176.18765166109526,-13.335015034915898],[-176.18780816381567,-13.334588554817913],[-176.18773254432145,-13.333646233486832],[-176.18738655264727,-13.333026207593377],[-176.18692142868096,-13.332466175473598],[-176.1865978948769,-13.332407157464274],[-176.18575361943397,-13.331927185691029],[-176.18566378795342,-13.331927185691029],[-176.18566378795342,-13.331837354210506],[-176.1855739564729,-13.331837354210506],[-176.18536692264533,-13.33179144112205],[-176.18527182743287,-13.331547847155377],[-176.1853942926125,-13.331478028288302],[-176.18548412409302,-13.331478028288302],[-176.18548412409302,-13.33138819680778],[-176.1855739564729,-13.33138819680778],[-176.18566378795342,-13.33138819680778],[-176.18575361943397,-13.33138819680778],[-176.18593328239504,-13.33138819680778],[-176.18593328239504,-13.331298365327257],[-176.18647227127826,-13.331298365327257],[-176.18688142593703,-13.331338313212541],[-176.18755112678303,-13.331464584323044],[-176.18794957861013,-13.33161774336412],[-176.18833346771532,-13.331727520908316],[-176.1888450866314,-13.332028213731007],[-176.18940442807187,-13.332146797436678],[-176.19015097688606,-13.331707969647027],[-176.19041450612454,-13.331378777308657],[-176.19033502674006,-13.331028870885632],[-176.1901413271605,-13.33074832287673],[-176.18983270681395,-13.330632853523298],[-176.1897593680004,-13.330526573442569],[-176.1897062063763,-13.330489882002382],[-176.18942021926767,-13.330416499122066],[-176.18888842316218,-13.3301930931367],[-176.1889929927324,-13.329726313518506],[-176.18891667086763,-13.329385980378618],[-176.1890442253107,-13.329190109835679],[-176.18934687955482,-13.329142408894995],[-176.18947671467862,-13.329026401747],[-176.1895763712525,-13.328809257741],[-176.18975357816507,-13.328650857451066],[-176.1898384966493,-13.328415225182425],[-176.18956900220766,-13.328291531528919],[-176.18948408372347,-13.327953336077542],[-176.18987007814155,-13.327834171409847],[-176.1898244609301,-13.327069353767627],[-176.18962848066982,-13.326708612312586],[-176.1893893392466,-13.326494901018805],[-176.18794238493308,-13.324868097584613],[-176.1877599151879,-13.324878975784031],[-176.18740795741127,-13.324687743044876],[-176.18742094092366,-13.324471170108382],[-176.18741199356862,-13.324323790110782],[-176.18705371985325,-13.324159281625498],[-176.18680440260107,-13.324023876100966],[-176.18669930602812,-13.323794911405969],[-176.18649630835793,-13.323504165085126],[-176.18664298598497,-13.322956293597997],[-176.18732338966268,-13.322996844928412],[-176.1877625466042,-13.322505425684824],[-176.18781974438568,-13.321955886854653],[-176.18781974438568,-13.32186605537413],[-176.1879095758662,-13.32186605537413],[-176.1879095758662,-13.32177622389355],[-176.18799940734675,-13.32177622389355],[-176.18803607630386,-13.321633252372635],[-176.18817275346976,-13.321308029641784],[-176.18844856474945,-13.321237235010358],[-176.18844856474945,-13.321147403529778],[-176.18853839622997,-13.321147403529778],[-176.18853839622997,-13.320967740568733],[-176.18862822771052,-13.320967740568733],[-176.18862822771052,-13.320338919305641],[-176.1888078906716,-13.320338919305641],[-176.1888078906716,-13.320249087825118],[-176.18863454364924,-13.32019954507291],[-176.18875034215455,-13.319268913129804],[-176.18857717139932,-13.319130262851331],[-176.1886198064589,-13.318787209262268],[-176.18848856749338,-13.318682003871345],[-176.18815994622452,-13.317759476618505],[-176.18808923882727,-13.31719481658746],[-176.1880425685097,-13.317151611357758],[-176.18760218309424,-13.31602080021969],[-176.18750708788178,-13.315621054268206],[-176.18721531093783,-13.314910768816901],[-176.1869645898439,-13.31454649752277],[-176.18657526163898,-13.313854908976793],[-176.18574028428665,-13.312765876743754],[-176.1855946597657,-13.313074431439816],[-176.18502479086138,-13.312874734281536],[-176.184228062575,-13.312453144696804],[-176.1840776995262,-13.311978195637153],[-176.18410173660584,-13.311375001455133],[-176.18452492698376,-13.310982745057572],[-176.18476547224873,-13.310906610251834],[-176.18476547224873,-13.310816778771255],[-176.18485530372925,-13.310816778771255],[-176.18508567226593,-13.310687810593947],[-176.18545780633266,-13.310411878805098],[-176.1860231138756,-13.310367620469265],[-176.1861424215355,-13.310307265168092],[-176.18620277683667,-13.310187957508163],[-176.18620277683667,-13.31009812602764],[-176.1862926083172,-13.31009812602764],[-176.1862926083172,-13.310008294547117],[-176.1862926083172,-13.309828631586015],[-176.18638243979774,-13.309828631586015],[-176.18638243979774,-13.30955913714439],[-176.18647227127826,-13.30955913714439],[-176.18647227127826,-13.309469305663868],[-176.1865621027588,-13.309469305663868],[-176.18703494650555,-13.309383059780316],[-176.18714530591112,-13.308777476099579],[-176.1874405920097,-13.308523168509396],[-176.18740392215327,-13.308067541383878],[-176.18746041756418,-13.307493012192708],[-176.18743023991362,-13.30734352688222],[-176.18737058608366,-13.307223517751083],[-176.1869282716224,-13.306921278993798],[-176.18670263981494,-13.306544002603573],[-176.1862111980883,-13.305981469469202],[-176.18601118256998,-13.30549285700971],[-176.18571449352902,-13.305376192457288],[-176.1853435870369,-13.305297919063662],[-176.18474108443348,-13.30506104752925],[-176.1844959778071,-13.305157392799401],[-176.18422648336548,-13.305337055760447],[-176.1840817347842,-13.305461780037092],[-176.18377609748887,-13.305816434880512],[-176.18354941347462,-13.3059176158053],[-176.18328658570735,-13.306103967923718],[-176.1829139255372,-13.30627026426123],[-176.18242125533664,-13.306545175319513],[-176.1820442091729,-13.306636268548914],[-176.18100746172496,-13.3064101322218],[-176.180282142307,-13.305810206176034],[-176.17992264101704,-13.305392936934425],[-176.1797831561677,-13.30470666697903],[-176.17988281364092,-13.303465441576805],[-176.1800644065471,-13.303309069258091],[-176.18029214366746,-13.302552399473598],[-176.18004598393497,-13.301881886539775],[-176.18000440198153,-13.301743794740275],[-176.179914570501,-13.301743794740275],[-176.179914570501,-13.301384468818128],[-176.18000440198153,-13.301384468818128],[-176.18004107093864,-13.301331328777735],[-176.18036372790368,-13.301114974376503],[-176.18036372790368,-13.300935311415458],[-176.18036372790368,-13.300845479934878],[-176.18045355938423,-13.300845479934878],[-176.18052970588118,-13.299934750887985],[-176.18072305382586,-13.299408175346969],[-176.18072305382586,-13.299318343866446],[-176.18081288530638,-13.299318343866446],[-176.1810500967845,-13.29901110487856],[-176.18153802935655,-13.298811352861605],[-176.18248634826634,-13.298611260900941],[-176.18281514580232,-13.29841290103451],[-176.1828790102581,-13.298330196681206],[-176.18296884173864,-13.298150533720104],[-176.18310446669776,-13.297837022860278],[-176.18319254360097,-13.296836419165345],[-176.182817426483,-13.295911512306418],[-176.182378971912,-13.295769231464817],[-176.18219544906069,-13.295578262226968],[-176.18220632636084,-13.295046784481485],[-176.18247564543466,-13.295052278439869],[-176.18259056710096,-13.294932630836172],[-176.18231966881763,-13.294264684567509],[-176.1821993089509,-13.294149127080516],[-176.18202631266416,-13.29379227968991],[-176.1817157623725,-13.293898538186966],[-176.1815469776109,-13.293550693010047],[-176.18166716210982,-13.293435278515233],[-176.18175523901306,-13.293277623763288],[-176.18127485085367,-13.292485621414244],[-176.18040952048295,-13.29091819751676],[-176.17920346217002,-13.289615783141812],[-176.17866166650268,-13.288789468958782],[-176.17825531862803,-13.28795195911556],[-176.1779651208936,-13.287673055966707],[-176.17717558628425,-13.286426621691191],[-176.17649237492313,-13.285358073316388],[-176.175736527119,-13.284631788925878],[-176.17556037331255,-13.284448529575911],[-176.17534088297535,-13.284237625066282],[-176.17457801686197,-13.284630616209938],[-176.1740023581223,-13.284719822661657],[-176.17259417807884,-13.283462181034793],[-176.17218186590037,-13.283328377202793],[-176.1715530455366,-13.283543612847382],[-176.1714188244192,-13.283266880661984],[-176.17104476040734,-13.282715017983662],[-176.17079579389076,-13.28247580011805],[-176.17079754846807,-13.282384235643917],[-176.17069789099486,-13.282288493818896],[-176.17052805312713,-13.281931503436113],[-176.17101774027645,-13.281693930430492],[-176.1704398008561,-13.281138590973171],[-176.17034505727855,-13.28084653973599],[-176.17035067174606,-13.280566584380324],[-176.1690095145774,-13.278256734160891],[-176.16873124724924,-13.277989377407778],[-176.1686415920358,-13.27771296358236],[-176.16845069924034,-13.27743141822532],[-176.16811874418468,-13.276746869572321],[-176.1677392410731,-13.27572571546932],[-176.1674720273122,-13.27546897431364],[-176.167378686677,-13.275371773788265],[-176.16738588035406,-13.275018917588909],[-176.16738202046383,-13.274829143550107],[-176.16710006861325,-13.274282040084017],[-176.16693303842897,-13.274121501206253],[-176.16684496152573,-13.273940039601086],[-176.1665582720466,-13.273467360430288],[-176.16630421716587,-13.273223186400912],[-176.1643819630571,-13.270381024764447],[-176.1638966628007,-13.270062886892674],[-176.16379068938878,-13.26962812673662],[-176.16360751727308,-13.269092734242236],[-176.16323520783854,-13.26777310414542],[-176.1625276095615,-13.266399587570845],[-176.1622582904877,-13.265844401897596],[-176.1622637286881,-13.265581476104217],[-176.16281201746062,-13.265221941539323],[-176.16300782145376,-13.265018208223694],[-176.1631160755464,-13.264463713229759],[-176.1631160755464,-13.264194218788134],[-176.16320590702696,-13.264194218788134],[-176.16320590702696,-13.264104387307555],[-176.1633639898562,-13.26389960178517],[-176.1637448968095,-13.263834892865987],[-176.16383472829006,-13.263834892865987],[-176.16395596499575,-13.263703961468593],[-176.16439810498852,-13.263495338538974],[-176.16482041852746,-13.262919449572905],[-176.16495586721948,-13.262350962027256],[-176.16504920785462,-13.262264552467059],[-176.16513553018055,-13.261811973144006],[-176.1652288708157,-13.261366236762399],[-176.16536625035215,-13.260503664612372],[-176.16549485700202,-13.259027196347972],[-176.165825408216,-13.258269851172656],[-176.16603770577547,-13.256936880532578],[-176.1664073837937,-13.255882500976611],[-176.1663914172301,-13.255480561578622],[-176.16639896164273,-13.255288869285835],[-176.1672634142751,-13.254292185735721],[-176.16738482724796,-13.254179714722],[-176.16756098195373,-13.253906799259312],[-176.16765432168955,-13.253820388799852],[-176.1682254190678,-13.253204047428824],[-176.16877072478908,-13.252803966929491],[-176.1694576197733,-13.25247987374712],[-176.17187640397285,-13.252383085111262],[-176.1725727733148,-13.252237394040435],[-176.17412219188563,-13.252113589770318],[-176.17461451045128,-13.251977132038974],[-176.1751522717599,-13.251349413344713],[-176.17546457662888,-13.250850899349473],[-176.17574073774483,-13.250498250893543],[-176.17636289143425,-13.249323763280984],[-176.17641114096136,-13.24928218672352],[-176.17656431079428,-13.248746530727772],[-176.1767518689036,-13.248596349341994],[-176.17694012938344,-13.248149357506804],[-176.17733840584273,-13.24747188202167],[-176.1777186104255,-13.246996450026074],[-176.1778212500506,-13.246752829079753],[-176.17802810851038,-13.246587241408008],[-176.17806969046381,-13.246538986485007],[-176.178166189518,-13.246455832470645],[-176.17833251823112,-13.246262808281926],[-176.17871851264923,-13.245930205714387],[-176.1790160794285,-13.245584920907334],[-176.17941418051998,-13.244622044671587],[-176.17950699505175,-13.2441135347118],[-176.17960349320663,-13.243940550116235],[-176.17968964016472,-13.242259093082623],[-176.179914570501,-13.24164650728045],[-176.17995369640593,-13.241146649698067],[-176.18005510755714,-13.240529397313765],[-176.18009423346209,-13.238771899003893],[-176.18009423346209,-13.238502403662949],[-176.18009423346209,-13.238322740701904],[-176.179979136428,-13.238277824961585],[-176.18009423346209,-13.238232909221324],[-176.1801463428794,-13.238184665989479],[-176.1803298657307,-13.237414183517728],[-176.18060181622081,-13.23728585655698],[-176.18093903590776,-13.236921788509676],[-176.18131204681347,-13.236576163758912],[-176.18168576008972,-13.235997473404609],[-176.18193753428974,-13.235764253117736],[-176.18220351957675,-13.235401506174526],[-176.18290339807334,-13.234573343884676],[-176.18346572256502,-13.234210267789592],[-176.18453089308622,-13.233060589774368],[-176.18480863341168,-13.232347234037547],[-176.18490197404685,-13.232170992097565],[-176.18498829637275,-13.231172762612857],[-176.18456615910094,-13.23097350971966],[-176.18445281664415,-13.230720496253866],[-176.18463247960523,-13.230554025447873],[-176.18472476713427,-13.230070478869436],[-176.18508005779842,-13.229399007258337],[-176.18518918962937,-13.228487663974477],[-176.18544745513591,-13.227750649772645],[-176.18543394552015,-13.227408211319869],[-176.1854448228203,-13.22713004291711],[-176.18572940698652,-13.22714131591897],[-176.1863787552753,-13.226440488637593],[-176.1866087730764,-13.22633194406393],[-176.18680212102103,-13.226229627295425],[-176.1873098800469,-13.225443207038325],[-176.1875104216686,-13.225257391815148],[-176.1876400814246,-13.225117507666823],[-176.1876400814246,-13.225027676186244],[-176.18772991290513,-13.225027676186244],[-176.18784992203624,-13.224968022356279],[-176.18799940734675,-13.224937844705721],[-176.18799940734675,-13.224848013225198],[-176.18817907030783,-13.224848013225198],[-176.1883587332689,-13.224848013225198],[-176.1883587332689,-13.224937844705721],[-176.18862822771052,-13.224937844705721],[-176.1888078906716,-13.224937844705721],[-176.18889772215212,-13.224937844705721],[-176.18903492632077,-13.22489545606038],[-176.18940039281384,-13.224640195188783],[-176.19017536560062,-13.224847728140105],[-176.19092156367918,-13.224579971188689],[-176.19190462160097,-13.223722591724197],[-176.19217902903893,-13.223547983852313],[-176.19274310810792,-13.223110893552871],[-176.19308611673088,-13.222571685235039],[-176.19356896183808,-13.222422561451992],[-176.19367896960873,-13.222299383109998],[-176.193975659549,-13.222110679264404],[-176.19483327013927,-13.221434168751841],[-176.19532313265643,-13.221122532079164],[-176.19612670298494,-13.220398825145594],[-176.19640111042287,-13.220224217273767],[-176.19666569276748,-13.220039499223446],[-176.1969650141241,-13.219902098103319],[-176.19764559316957,-13.219343754010993],[-176.19850741438563,-13.218948191705636],[-176.19891148068027,-13.219056407127425],[-176.19942959090287,-13.219153131012149],[-176.2002677257749,-13.2191031817664]],[[-176.1712907438727,-13.257636518010827],[-176.17110160655386,-13.25742477443373],[-176.17030259758678,-13.257367023569259],[-176.16994327166464,-13.257456855049782],[-176.16946411107983,-13.258055925840267],[-176.16936427913814,-13.258857764074492],[-176.1695579787177,-13.259284513069758],[-176.16976360870356,-13.259343317040418],[-176.16980589212818,-13.258997709376729],[-176.1704431346429,-13.258765196856302],[-176.17056454761575,-13.258607914423692],[-176.17047401466402,-13.257995843933031],[-176.17054524816464,-13.257514058227173],[-176.1712907438727,-13.257636518010827]],[[-176.24048838623003,-13.29496136147759],[-176.24085788798112,-13.294696560597743],[-176.24078051390956,-13.293943980030633],[-176.24059190269412,-13.293680746669054],[-176.24021555800158,-13.293441792304804],[-176.2397555223994,-13.293541547804125],[-176.2394353214829,-13.294045939768239],[-176.2395249775956,-13.294504615595486],[-176.23976411901884,-13.294838402570178],[-176.24006414274595,-13.29495410215003],[-176.2401016894414,-13.295006431001923],[-176.24048838623003,-13.29496136147759]],[[-176.19011869392256,-13.294967896850892],[-176.18935688091528,-13.294694542519096],[-176.188724199762,-13.294823236403204],[-176.1883920693385,-13.29534552487604],[-176.18826890178835,-13.29545558840465],[-176.18826890178835,-13.295635251365695],[-176.18817907030783,-13.295635251365695],[-176.1881099421201,-13.296041861842411],[-176.1879095758662,-13.296353903210047],[-176.1879095758662,-13.29644373469057],[-176.18781974438568,-13.29644373469057],[-176.1877292105346,-13.296622696180464],[-176.18755024994405,-13.296713230031514],[-176.18755024994405,-13.296803061512037],[-176.18746041756418,-13.296803061512037],[-176.1873293548658,-13.297647425088542],[-176.18781974438568,-13.298509860541571],[-176.18786641470325,-13.29855306487201],[-176.18811485421713,-13.298821298464134],[-176.19037766179963,-13.298920056615259],[-176.1904248582206,-13.298869186463719],[-176.19034397499442,-13.298817416990175],[-176.19039345209612,-13.298641350417938],[-176.19097367219717,-13.298474802270277],[-176.19105367858438,-13.298599692022151],[-176.19118596975667,-13.29855225368351],[-176.19246501614754,-13.298459790786694],[-176.19266555776926,-13.298235310111409],[-176.1930724317473,-13.297871872488884],[-176.19288592584476,-13.29739262466984],[-176.19265046894395,-13.297129040572713],[-176.1920569145949,-13.296751631982204],[-176.1915549454044,-13.296189658226126],[-176.19011869392256,-13.294967896850892]],[[-176.23199913145473,-13.298936526799253],[-176.23188456142336,-13.299186415120914],[-176.23176525376343,-13.299179308678106],[-176.23109660602353,-13.300409897798488],[-176.2312627584695,-13.30112447031803],[-176.23168208985655,-13.302037940498508],[-176.2322596785413,-13.302485584342207],[-176.2326930447482,-13.302684503586931],[-176.23273550443994,-13.302731941925515],[-176.23376137368842,-13.302685962287285],[-176.2345242398018,-13.302450374085424],[-176.23552975649304,-13.301551883012962],[-176.23583223536934,-13.300136795276842],[-176.23569854125464,-13.299338147837204],[-176.23511498736676,-13.29868513660972],[-176.23442844311813,-13.29839957757838],[-176.2332939690414,-13.298197972058745],[-176.2324791688785,-13.298507667095123],[-176.23199913145473,-13.298936526799253]],[[-176.21373350589656,-13.31993883430971],[-176.21296379774105,-13.32007807724142],[-176.21241831665196,-13.320767406690436],[-176.21237866464364,-13.32115530946993],[-176.2127743087873,-13.322075929260677],[-176.21311152847423,-13.322355972749904],[-176.21315223268937,-13.322405044257323],[-176.21426214358303,-13.322361422641507],[-176.21464726116216,-13.322123871219617],[-176.21496991722788,-13.321560384803888],[-176.2150078155582,-13.32118888655782],[-176.2148920170529,-13.320666422717181],[-176.2145390070695,-13.320241565895515],[-176.21373350589656,-13.31993883430971]]],[[[-176.17036681277816,-13.217950033267357],[-176.1705192811399,-13.217984203008541],[-176.17060876188484,-13.218391399843199],[-176.17030259758678,-13.218469974509674],[-176.17021276610623,-13.218469974509674],[-176.1701711841528,-13.218608060913255],[-176.1698716865291,-13.21899041577501],[-176.1694749892793,-13.219167419440794],[-176.16914654337825,-13.219548753572099],[-176.16889669912334,-13.22046670327569],[-176.16824735083455,-13.220577676918197],[-176.16782065040266,-13.220339522051233],[-176.16752975119704,-13.219687964128184],[-176.16758045677264,-13.219058205771546],[-176.1677585405242,-13.21857339294769],[-176.16834455135992,-13.218311843117021],[-176.16936410377033,-13.2181258642172],[-176.1701229346257,-13.218200480068049],[-176.17030259758678,-13.218200480068049],[-176.17036681277816,-13.217950033267357]]],[[[-176.17919591775737,-13.203288448003434],[-176.1792301315653,-13.203232865404345],[-176.17949243232985,-13.20316436764142],[-176.18012511258385,-13.20337247885675],[-176.1801840649426,-13.20346811096448],[-176.18027389642316,-13.20346811096448],[-176.18027389642316,-13.203557942445059],[-176.18050093117301,-13.203690161671602],[-176.1807655135176,-13.203938531038318],[-176.1801487989279,-13.204128938199915],[-176.17960261636762,-13.20459353246548],[-176.17923837744914,-13.204857971817887],[-176.17873658452572,-13.205246737946538],[-176.17797564835746,-13.2054817397904],[-176.17702241645134,-13.205999729503844],[-176.17624674219337,-13.206676188755068],[-176.17587215207814,-13.206791877543083],[-176.17582723633785,-13.20690692961108],[-176.1757823205976,-13.206791877543083],[-176.17549949100868,-13.20674383036345],[-176.17576635403398,-13.206065083236979],[-176.17587215207814,-13.205983393318888],[-176.17587215207814,-13.205893561838366],[-176.17596198355866,-13.205893561838366],[-176.1764009642331,-13.205132222773841],[-176.17695012984458,-13.204815584071923],[-176.17720927308946,-13.204535813976577],[-176.17760404039413,-13.204170144236741],[-176.1785670973936,-13.20346811096448],[-176.1785670973936,-13.203378279483957],[-176.17865692887415,-13.203378279483957],[-176.17919591775737,-13.203288448003434]]],[[[-176.18378223805982,-13.200466460858422],[-176.18390961623578,-13.200704595940294],[-176.18368749448226,-13.200773165649025],[-176.18378223805982,-13.200466460858422]]],[[[-176.18269934729702,-13.20005451290541],[-176.18326974230473,-13.200411275759734],[-176.18336975051355,-13.200674317565642],[-176.1829456823973,-13.200814739508587],[-176.18283742830465,-13.20045541358644],[-176.18274092925046,-13.20019260200695],[-176.18269934729702,-13.20005451290541]]],[[[-176.18269934729702,-13.20005451290541],[-176.18258530336902,-13.200005702201338],[-176.1826628537077,-13.199847928738848],[-176.18269934729702,-13.20005451290541]]],[[[-176.18931845648154,-13.196964863237781],[-176.18947671467862,-13.19711711486292],[-176.1892570480743,-13.197179904628854],[-176.18931845648154,-13.196964863237781]]],[[[-176.2039469583854,-13.189854302434071],[-176.20331989259893,-13.189495154577685],[-176.20296898792841,-13.18934296050918],[-176.20292459829156,-13.189054306011371],[-176.20398941807716,-13.189184899263637],[-176.20416908103823,-13.189184899263637],[-176.20416908103823,-13.18927473074416],[-176.20425891251878,-13.18927473074416],[-176.2043487439993,-13.18927473074416],[-176.2043487439993,-13.189364562224739],[-176.20443857547986,-13.189364562224739],[-176.20443857547986,-13.189544225185784],[-176.2045619183978,-13.189643004920697],[-176.2043487439993,-13.18981371962741],[-176.20428628338524,-13.189888895755871],[-176.2039469583854,-13.189854302434071]]],[[[-176.1960672254221,-13.18786160263079],[-176.1964397102244,-13.187685824740981],[-176.197405574008,-13.187094475529591],[-176.19837319326822,-13.186533157379245],[-176.19864795144179,-13.186403547086002],[-176.19907552871265,-13.18617725517612],[-176.19927501722825,-13.186263662937677],[-176.19945117193402,-13.186356918137221],[-176.1996343440497,-13.186443325898722],[-176.19994085818402,-13.186774254827924],[-176.20073846420874,-13.187289269584085],[-176.20120323743944,-13.187719980092936],[-176.2016969598468,-13.188652950273365],[-176.20157273919054,-13.18883896334745],[-176.2001049062164,-13.188177551552712],[-176.19954451166984,-13.188060293447734],[-176.19922834691064,-13.188017089117295],[-176.1988156839966,-13.188183313509057],[-176.19831529401557,-13.188485144873482],[-176.19806053766365,-13.188556078000545],[-176.19806053766365,-13.188645910380387],[-176.19788087470258,-13.188645910380387],[-176.19769735185128,-13.18891161417963],[-176.19743171640056,-13.189095067783114],[-176.19743171640056,-13.189184899263637],[-176.19734188492004,-13.189184899263637],[-176.19719310198005,-13.189400357040824],[-176.19698255899786,-13.189454393705262],[-176.19698255899786,-13.189544225185784],[-176.19689272751734,-13.189544225185784],[-176.19689272751734,-13.189634056666364],[-176.1968028960368,-13.189634056666364],[-176.1968028960368,-13.189723888146887],[-176.19671306455626,-13.189723888146887],[-176.19671306455626,-13.18981371962741],[-176.1966232330757,-13.18981371962741],[-176.1966232330757,-13.189903551107932],[-176.19644357011464,-13.189903551107932],[-176.19644357011464,-13.189993382588511],[-176.19635373863412,-13.189993382588511],[-176.19635373863412,-13.190083214069034],[-176.19626390715356,-13.190083214069034],[-176.19626390715356,-13.190173045549557],[-176.196174075673,-13.190173045549557],[-176.1960842441925,-13.190173045549557],[-176.1960842441925,-13.19026287703008],[-176.19599441271194,-13.19026287703008],[-176.19599441271194,-13.190352708510659],[-176.19590458123142,-13.190352708510659],[-176.19590458123142,-13.190442539991182],[-176.19581474975087,-13.190442539991182],[-176.19581474975087,-13.190532371471704],[-176.19572491827034,-13.190532371471704],[-176.1955201651235,-13.1908289876676],[-176.19527575996833,-13.190891698293171],[-176.19527575996833,-13.190981529773751],[-176.19518592848777,-13.190981529773751],[-176.1950062655267,-13.191071361254274],[-176.1950062655267,-13.191161192734796],[-176.19491643404618,-13.191161192734796],[-176.19491643404618,-13.191251024215376],[-176.19482660256563,-13.191251024215376],[-176.1947532637521,-13.191536969055846],[-176.19446727664348,-13.191610350137523],[-176.19446727664348,-13.191700181618046],[-176.19437744516293,-13.191700181618046],[-176.19437744516293,-13.191790013098569],[-176.1942876136824,-13.191790013098569],[-176.1942876136824,-13.191879844579091],[-176.19419778220185,-13.191879844579091],[-176.19419778220185,-13.19196967605967],[-176.19410795072133,-13.19196967605967],[-176.19410795072133,-13.192059507540193],[-176.19401811924078,-13.192059507540193],[-176.19389811010967,-13.192298824331203],[-176.19374862479916,-13.192329001981818],[-176.19374862479916,-13.192418833462341],[-176.19365879331863,-13.192418833462341],[-176.19365879331863,-13.192598496423443],[-176.19365879331863,-13.192688328803285],[-176.19356896183808,-13.192688328803285],[-176.19344965417818,-13.192748684104458],[-176.1933892979777,-13.192867991764388],[-176.19328086851723,-13.193228134270953],[-176.19232623366872,-13.194050651516307],[-176.1916884650506,-13.194790777372418],[-176.1913093126746,-13.194885859095052],[-176.1908462940212,-13.1942410721677],[-176.19072049505476,-13.19328021131264],[-176.19075453259558,-13.192857543440823],[-176.1909222651504,-13.192556921664561],[-176.19101437731163,-13.192350371672262],[-176.1911435100649,-13.192239170501296],[-176.1911435100649,-13.192149339020716],[-176.19123334154546,-13.192149339020716],[-176.19217481841312,-13.191114564685392],[-176.19249221164623,-13.19082044410817],[-176.19296330081565,-13.190178261617461],[-176.19332245137,-13.190008745707019],[-176.19491345189425,-13.188602444347282],[-176.1960672254221,-13.18786160263079]]],[[[-176.1985995265469,-13.185142480840796],[-176.1985688227929,-13.185252005675466],[-176.1984900439803,-13.185173233158139],[-176.1985995265469,-13.185142480840796]]],[[[-176.1985995265469,-13.185142480840796],[-176.1986354940328,-13.18493833473633],[-176.1987162018912,-13.185092518105193],[-176.1985995265469,-13.185142480840796]]],[[[-176.20417715155426,-13.186194744291981],[-176.20403854444325,-13.185722230596411],[-176.20394029081174,-13.18546104589052],[-176.2038995865966,-13.18532214380184],[-176.20376905000163,-13.184554421349446],[-176.20359324693078,-13.183925761064984],[-176.20389607744198,-13.183574583899883],[-176.20428505491134,-13.183797368453725],[-176.2043487439993,-13.184154333655556],[-176.2043978703654,-13.184195095427242],[-176.20447928059428,-13.18447289870528],[-176.20463578331473,-13.184889204772958],[-176.20455507545634,-13.185681469723988],[-176.2046447315691,-13.186562174005076],[-176.20449524625857,-13.186710377781651],[-176.20417715155426,-13.186194744291981]]]]}}]}