{"type":"FeatureCollection","name":"pict_mnp_adm0","properties":{"country_id":"mnp","country_iso3":"MNP","country_name":"Northern Mariana Islands","admin_level":"adm0","source":"geoBoundaries gbOpen"},"features":[{"type":"Feature","properties":{"shapeName":"Northern Mariana Islands","shapeISO":"MNP","shapeID":"30081990B47496530181215","shapeGroup":"MNP","shapeType":"ADM0","country_id":"mnp","country_iso3":"MNP","country_name":"Northern Mariana Islands","admin_level":"adm0","admin_id":"mnp_adm0_30081990b47496530181215","admin_name":"Northern Mariana Islands"},"geometry":{"type":"MultiPolygon","coordinates":[[[[145.13072732090973,14.135497658789347],[145.13072732090973,14.135677321831338],[145.13045782634663,14.135677321831338],[145.13045782634663,14.135497658789347],[145.13072732090973,14.135497658789347]]],[[[145.13288202731644,14.136556688204621],[145.13261014221746,14.136704769852543],[145.13203950590275,14.13628157917168],[145.13160648989924,14.136160868065474],[145.13138726238878,14.13619315126823],[145.13122718419731,14.135986117684752],[145.13097457690776,14.135882249988583],[145.13086785811345,14.135640125967143],[145.1311764785147,14.135587490310229],[145.1312635466636,14.135461164733954],[145.131670924716,14.135552399872665],[145.13189513068244,14.135497658789347],[145.13220923396455,14.135445724941405],[145.13234562611046,14.135466077395506],[145.13260222493727,14.136092792615841],[145.13288202731644,14.136556688204621]]],[[[145.24002153394918,14.199836678457928],[145.239942755916,14.199758075877128],[145.24005228194528,14.19972719629203],[145.24002153394918,14.199836678457928]]],[[[145.24027295693645,14.19984159111931],[145.2401151815551,14.199763690347083],[145.24032177650815,14.19972719629203],[145.24027295693645,14.19984159111931]]],[[[145.24756738171163,14.200555330625775],[145.24748860367845,14.200476728044976],[145.24759812970774,14.200445848459651],[145.24756738171163,14.200555330625775]]],[[[145.24984391773228,14.200176353896666],[145.2497753597895,14.200259167330273],[145.24872519070982,14.20037496577504],[145.24885577100144,14.200266185417888],[145.24885577100144,14.200176353896666],[145.24867610795968,14.200176353896666],[145.24867610795968,14.200266185417888],[145.2482269503547,14.200266185417888],[145.2482269503547,14.2003560169386],[145.24813711883382,14.200481640706528],[145.2480472873126,14.2003560169386],[145.24777779274973,14.2003560169386],[145.24768796122885,14.2003560169386],[145.24723880362387,14.2003560169386],[145.2473121865023,14.200503396777776],[145.2468503524767,14.200565857757454],[145.24675946824232,14.200386194715122],[145.24669981449802,14.2003560169386],[145.24517267864132,14.2003560169386],[145.24517267864132,14.200176353896666],[145.24490318407845,14.200176353896666],[145.2441845319105,14.200176353896666],[145.24364554278463,14.200176353896666],[145.24328621670065,14.200176353896666],[145.24301672213767,14.200176353896666],[145.24278630954996,14.20023320040599],[145.24274722757468,14.200176353896666],[145.2426573960538,14.200176353896666],[145.2425675645327,14.200176353896666],[145.24252725439226,14.200317417456972],[145.24180175958895,14.20022688412729],[145.24144664435755,14.200125823666156],[145.24121658267427,14.200153896016445],[145.24082422771573,14.20000370894229],[145.24077093411302,14.199817027812912],[145.24047126177356,14.199667542547502],[145.24032177650815,14.199637364770808],[145.2399624504243,14.199637364770808],[145.2399624504243,14.1995475332497],[145.2397827873823,14.1995475332497],[145.2397827873823,14.199457701728818],[145.23942346129843,14.199457701728818],[145.239373567082,14.19949770482799],[145.23929369247287,14.199597361671636],[145.2389526134168,14.199677367870095],[145.238330087117,14.199438051083803],[145.23782090293184,14.199138378744237],[145.23771666239975,14.199008544123842],[145.23756717713434,14.19897836634749],[145.23744716783676,14.19891871260296],[145.23739501467355,14.199003631462631],[145.2369940844892,14.198878709503845],[145.23690817871102,14.198739049561027],[145.23681834719014,14.198739049561027],[145.23681834719014,14.198649218039918],[145.2364083154232,14.198340422186504],[145.2363116631983,14.198215500227718],[145.23595915781857,14.19807092762386],[145.23574036893808,14.197930565872298],[145.2355607058961,14.197930565872298],[145.2355607058961,14.197840734351416],[145.2353810428541,14.197840734351416],[145.2353810428541,14.197661071309085],[145.23504884606496,14.197246302333667],[145.23448272764438,14.196942419141465],[145.2343928961235,14.196942419141465],[145.2343928961235,14.196852587620413],[145.23435131395445,14.196804162816136],[145.2335562962212,14.19668345170976],[145.2328806079081,14.19620411632826],[145.23192586288803,14.195995679127236],[145.23147003809981,14.1959128656938],[145.23102754767808,14.19572618456425],[145.23004609006205,14.195371069332964],[145.22940391311738,14.195014550484018],[145.2291410857374,14.19482786935464],[145.22864378843815,14.19467838408923],[145.22813826681727,14.194315548961413],[145.22792502661275,14.194067810469846],[145.22783519509164,14.194067810469846],[145.22783519509164,14.193977978948965],[145.22774536357065,14.193977978948965],[145.22774536357065,14.193888147427856],[145.22774536357065,14.193798315906974],[145.22765553204977,14.193798315906974],[145.22765553204977,14.193708484386093],[145.22756570052866,14.193708484386093],[145.22747586900778,14.193708484386093],[145.22747586900778,14.193618652865212],[145.22729620596579,14.193618652865212],[145.22729620596579,14.193528821343989],[145.22700947322517,14.193492327288538],[145.22693687988192,14.193349158301999],[145.22684704836104,14.193349158301999],[145.22675721683981,14.193349158301999],[145.22675721683981,14.193259326781117],[145.22651790005352,14.193229149004424],[145.22639789075583,14.193169495260236],[145.22621822771396,14.193169495260236],[145.22621822771396,14.192989832218075],[145.22612839619308,14.192989832218075],[145.22612839619308,14.192900000697023],[145.22591644994816,14.192535761951888],[145.22554701343176,14.192403120096742],[145.22527247461835,14.192318903045816],[145.22458426340552,14.191838164046771],[145.22385653158676,14.191612883435539],[145.22325975289607,14.191244433837767],[145.22248236810776,14.190821944965649],[145.22213341563474,14.190696321198061],[145.22141127635427,14.190473847821806],[145.2204707648931,14.190047148097165],[145.22010968428708,14.189935560504864],[145.2200198527662,14.189935560504864],[145.2200198527662,14.189845728983983],[145.21993002124532,14.189845728983983],[145.2198401897242,14.189845728983983],[145.2198401897242,14.18975589746276],[145.21959523653618,14.189687822013298],[145.21922292699037,14.189205679396764],[145.21893597493465,14.188983907829254],[145.2185318427479,14.18881828096255],[145.21824870677722,14.188647741434636],[145.21813339082564,14.188498256169225],[145.21804355930453,14.188498256169225],[145.21804355930453,14.188408424648003],[145.21786389626254,14.188318593127121],[145.21777406474155,14.188318593127121],[145.21777406474155,14.188228761606013],[145.2174147386578,14.187779604001037],[145.21732490713669,14.187779604001037],[145.21732490713669,14.187689772480155],[145.21728332496775,14.187641347675935],[145.21678591801083,14.187330446396231],[145.21669608648995,14.187330446396231],[145.21669608648995,14.18724061487518],[145.21610827779227,14.187063759068565],[145.21525272905353,14.186529682603918],[145.2149410382391,14.186390724469845],[145.21467821085946,14.18620404334007],[145.2138630599875,14.185761903822765],[145.21306124348166,14.185126065088355],[145.21270402282403,14.184902188094611],[145.21230769825956,14.184442503358468],[145.21211467891987,14.18427617468302],[145.21202484739877,14.18427617468302],[145.21202484739877,14.184186343161798],[145.21198326522995,14.184137918357521],[145.21161727196284,14.184055104924255],[145.21146449696892,14.183877547308555],[145.21125794587874,14.183785610361213],[145.2109951184991,14.183598929231835],[145.21071895675288,14.183426284277346],[145.21030894691773,14.183104855866134],[145.20943050166852,14.182713246579453],[145.20892232633332,14.182348306025403],[145.20788125883587,14.18145630709455],[145.20738608889417,14.181235939144528],[145.20636375091794,14.180379030651352],[145.20585752748855,14.179791616721218],[145.20537731484626,14.179425272549736],[145.20528748332504,14.179425272549736],[145.20528748332504,14.179335441028798],[145.2050236251638,14.178741009011105],[145.20487990788922,14.178216056060307],[145.20475022678954,14.177644783731637],[145.20458804317195,14.177456698984372],[145.20369255712876,14.176800507796258],[145.20272395138545,14.176509257161797],[145.2020437013158,14.176222919188547],[145.20175723175328,14.17624537706871],[145.20154945249794,14.176066415835521],[145.20125537269723,14.175725336779351],[145.20075432510703,14.175514092343178],[145.19993917423506,14.175431278909912],[145.19930870872395,14.175165293390762],[145.19823586244866,14.17502493163903],[145.197619235729,14.1746698164078],[145.1971072662402,14.17407538439005],[145.19640958060893,14.173819224193494],[145.196124668185,14.173796064504586],[145.19577924668704,14.173824136854705],[145.19477206339377,14.173708338409938],[145.19420587917853,14.173392524468738],[145.19378904863925,14.173316729122917],[145.19369921711836,14.173316729122917],[145.19241718797025,14.173487268651343],[145.19159379084522,14.17343814203798],[145.190727407934,14.173127240758333],[145.19024322568578,14.172730017001697],[145.18983646171603,14.172508245434358],[145.18974663019515,14.172508245434358],[145.18974663019515,14.172418413913135],[145.18824736930492,14.171694849084076],[145.18723139147062,14.171529222217373],[145.18609959325977,14.171202179336092],[145.18588567317795,14.170979004151093],[145.18490614553582,14.1703979065],[145.1839515978993,14.170128411936787],[145.18368390172122,14.170037176798417],[145.1832176594594,14.169885586106773],[145.1813207800451,14.169036397510013],[145.17987095280944,14.16906587347762],[145.17908146182003,14.168863752555524],[145.17860653467494,14.168618821299049],[145.17743745287362,14.168091061113273],[145.17672105965278,14.167926837864059],[145.1766312281319,14.167926837864059],[145.1766312281319,14.167837006343177],[145.1762719020478,14.167747174822296],[145.17599736323427,14.167662255962455],[145.17587018232848,14.16751978878483],[145.17563433072303,14.167309246157402],[145.17478715982634,14.16707624564998],[145.17407355190892,14.166801136616641],[145.17362917537616,14.166716919565886],[145.17270634072304,14.167501541756963],[145.17155322507097,14.167609620305711],[145.17091052176954,14.16778226525986],[145.169474774572,14.167894554661132],[145.16863815273837,14.167844726239366],[145.16778534544017,14.167974560859761],[145.16715148054288,14.168058777910687],[145.16657527362122,14.168213175837309],[145.16571417620708,14.168328272473332],[145.1647310737269,14.168513549985619],[145.16441414127826,14.168555658510797],[145.1643725591091,14.168604083315245],[145.16425785724027,14.168686896748511],[145.1640955420337,14.168498812001474],[145.1635158260683,14.168555658510797],[145.16252767933747,14.168555658510797],[145.16243784781636,14.168555658510797],[145.1623838304738,14.168618119490304],[145.16162936412752,14.168555658510797],[145.16153953260664,14.168555658510797],[145.16135986956465,14.168555658510797],[145.16135986956465,14.168465826989916],[145.16100054348078,14.168465826989916],[145.16100054348078,14.168375995468864],[145.16082088043868,14.168375995468864],[145.1606861112258,14.168442667301008],[145.16037172283382,14.168286163948153],[145.16028189131293,14.168286163948153],[145.1597714350993,14.168222299350987],[145.15925380727742,14.167787177921241],[145.1590641873238,14.167707171722782],[145.1587861613981,14.167215203783712],[145.15837457249324,14.166886055476311],[145.15830559785127,14.16648953352825],[145.15826158128323,14.165635432270449],[145.15805766197604,14.16503959663521],[145.1584394459403,14.164298486586858],[145.15790225519936,14.163659138808612],[145.15766800459483,14.16354544578985],[145.1565125422701,14.162342545579293],[145.1557352890709,14.161833032421043],[145.1550578900991,14.160978931163072],[145.15482350790546,14.160865238144368],[145.154219162839,14.160155709490368],[145.15340888076526,14.159258797897905],[145.15309536963423,14.158764022723858],[145.15300553811335,14.158764022723858],[145.15300553811335,14.15867419120275],[145.1528494733908,14.158493124543327],[145.15251815386273,14.158307847031267],[145.15223863659344,14.158183626881339],[145.1521139120182,14.158038352468395],[145.15158308141906,14.15758147496723],[145.15108418311843,14.15700248274203],[145.15089065935354,14.156835452257667],[145.15089833538684,14.15674000626683],[145.15080133225763,14.156656491024478],[145.15063502551357,14.156463493616172],[145.15044200617376,14.156297164940725],[145.1498656676631,14.155586232669123],[145.1495436909638,14.155309018209891],[145.14946052662617,14.155212168601224],[145.14924206671867,14.15502408385413],[145.14874516418683,14.154381928840905],[145.14831453871943,14.154010672008155],[145.147870293776,14.153240085992138],[145.14748423316462,14.152966380576856],[145.14718105178133,14.152776892212103],[145.14689583231586,14.152445638478696],[145.14662866249432,14.152326330989638],[145.14618713705966,14.151814010596638],[145.14576688520287,14.151687685020306],[145.1455911040406,14.151536094328662],[145.1454545803059,14.150787264384292],[145.14514861361886,14.150361266468053],[145.14466530863172,14.14974437657014],[145.14451264329534,14.149072043780336],[145.14433346274689,14.148751317178267],[145.14429188057807,14.148433397810834],[145.14419621527168,14.148344969907441],[145.14379951787157,14.147039605618033],[145.14348609446665,14.146217787562819],[145.14292111648513,14.145523698701595],[145.14272496093747,14.14470047702872],[145.14251961608113,14.144114466716076],[145.1412404380311,14.143063157196991],[145.14083507767907,14.142548029569014],[145.1398900263922,14.14151566888654],[145.13917988365563,14.140612441015378],[145.13861878755392,14.140093102534706],[145.13813791696577,14.139573764053864],[145.13745766689578,14.13860877701211],[145.1367124337213,14.137918197194608],[145.13612043610271,14.13763887730903],[145.1349960288154,14.136619149184128],[145.13470668622324,14.136431766245835],[145.13437405080379,14.136073141970826],[145.1340942922876,14.135813472730206],[145.13379431290673,14.13530325776344],[145.13346547164076,14.134825325999543],[145.13331094212492,14.134498283118603],[145.1328898568703,14.134364939454485],[145.13279344589228,14.134060354453709],[145.1327036143714,14.133880691411946],[145.13256715643092,14.13383717926871],[145.13233998970873,14.133717169971135],[145.13151069300386,14.133081331236724],[145.1305942842871,14.132307236177212],[145.12995377413802,14.131837024309391],[145.1291853374115,14.131474189181745],[145.12849971411822,14.131257330275616],[145.1276739264572,14.130752027970004],[145.12738377239896,14.13043831945538],[145.1258296607681,14.129704929303557],[145.12583334526414,14.129612290547527],[145.12572142869874,14.129508422851586],[145.12517419331994,14.128762400142193],[145.12485272104607,14.128464131420117],[145.12420585075506,14.128084452882263],[145.12395874827791,14.127560903548954],[145.12351145485252,14.127010685482844],[145.1234077626084,14.126468187313037],[145.12293546724607,14.125887791470745],[145.1229648993508,14.12514457599633],[145.12285032907118,14.12470734914018],[145.1226845267521,14.123838509898064],[145.12218648378098,14.123377421544205],[145.12201366337445,14.123190740414827],[145.12178397452692,14.123032131635739],[145.12174416881146,14.122292425205046],[145.12179684833131,14.121889586978284],[145.12228315793732,14.121304278474213],[145.12228315793732,14.120944952390118],[145.1222324522546,14.120725988057757],[145.1221419408564,14.12019331521077],[145.1219629576916,14.119737841326923],[145.12192383185334,14.11950764805448],[145.12183599610103,14.11942904547368],[145.12170177517612,14.11879531216573],[145.1222195784502,14.118635299768812],[145.1223436012168,14.117708210399769],[145.12281157606878,14.117579077588516],[145.12359874231686,14.118128593845881],[145.1246036228,14.119253593284384],[145.1249357099315,14.119549756580227],[145.12497810356695,14.119597479575532],[145.12529584748188,14.119638886292364],[145.12591800094572,14.119825567421742],[145.12703642092708,14.119918907986573],[145.12722389159148,14.120136468701446],[145.12745344884968,14.120266303321444],[145.1277129865009,14.12063545472813],[145.12804211287687,14.121046714660054],[145.12881085664458,14.121514119292897],[145.12909048357153,14.121862918245256],[145.1293897830751,14.12210293684035],[145.12946967961602,14.122202593684165],[145.12996270026827,14.122492440701137],[145.13078524206378,14.12349321998937],[145.1312627790602,14.124100986373435],[145.13198265939354,14.125324940846838],[145.13207479372443,14.1256161914813],[145.13216462524554,14.1256161914813],[145.13216462524554,14.12579585452329],[145.13225445676642,14.12579585452329],[145.13225445676642,14.125885686044512],[145.1323442882873,14.126065349086275],[145.13243411980852,14.126065349086275],[145.13243411980852,14.126155180607157],[145.13243411980852,14.126245012128265],[145.1325239513294,14.126245012128265],[145.1325239513294,14.126334843649147],[145.13271140006225,14.12646397646057],[145.13279344589228,14.126784001254123],[145.13288327741316,14.126784001254123],[145.13288327741316,14.126873832775175],[145.13297310893438,14.126873832775175],[145.13297310893438,14.126963664296056],[145.13297310893438,14.127053495816938],[145.13306294045515,14.127053495816938],[145.13306294045515,14.12732299038015],[145.13315277197614,14.12732299038015],[145.13315277197614,14.127412821901032],[145.13315277197614,14.127502653421914],[145.13320020986214,14.12754476194766],[145.13365063949516,14.128253588792688],[145.13445785115562,14.129161729325062],[145.13472230146817,14.129526669879112],[145.13489540698458,14.129681067805734],[145.13517145907315,14.130155490525851],[145.13535616636545,14.130419370619109],[145.135710448199,14.131053805735803],[145.1361909020883,14.13183070803052],[145.13642403418487,14.132585854253762],[145.13661380765927,14.132934653206291],[145.13687825797194,14.133569088323384],[145.13728502194135,14.134060354453709],[145.137344675686,14.13418036375117],[145.13737485346235,14.13432984901658],[145.1374941609514,14.134390204569854],[145.13758469428092,14.134569165803214],[145.13776365551428,14.13465969913267],[145.13782401106732,14.134779006621557],[145.13830422370984,14.135145350793096],[145.1385359741205,14.13541484535591],[145.1387040134548,14.13555941796011],[145.1390400701922,14.135988223110985],[145.13936599456542,14.136508965209146],[145.13957239213482,14.13662406184551],[145.13984855388094,14.136706875278776],[145.14077794605998,14.13755676568428],[145.14134665240033,14.137912582724482],[145.1422214789484,14.138636849362626],[145.1431521870188,14.139184260193417],[145.14389215662743,14.139124606449059],[145.1438703128299,14.139396206438505],[145.1442892926582,14.139511303074528],[145.14514194643596,14.139132326345248],[145.14557088317576,14.139034774928007],[145.14615336251325,14.13870983747347],[145.14666359941168,14.138570177530653],[145.1478516300491,14.138713346517193],[145.14847237989545,14.138600355307005],[145.14894210926946,14.138471924304497],[145.15013092944184,14.138372267460795],[145.15013092944184,14.138282435939914],[145.15031059248383,14.138282435939914],[145.15040042400494,14.138282435939914],[145.15044281764017,14.138234712944211],[145.15103639432846,14.138142775997096],[145.15227574473136,14.137689407539483],[145.152873312957,14.137342012204613],[145.15365135569107,14.136663363135938],[145.15430557304228,14.136258419482715],[145.1546699433767,14.13617420243179],[145.1552937197731,14.135719430356858],[145.15595361738917,14.135299748719717],[145.15650550225087,14.134682157012833],[145.1568208556298,14.134461789062982],[145.15710543908108,14.13433125263407],[145.15767677720453,14.133880691411946],[145.1577242150903,14.133838582886199],[145.15791734408754,14.133622425788815],[145.15863619363915,14.133119930718408],[145.15912171371042,14.132856050625492],[145.16004152181335,14.133185900741637],[145.16050394799004,14.132934653206291],[145.1609700147999,14.132721303343885],[145.1613033958913,14.13242303462198],[145.16150534136125,14.132105817063461],[145.1625021949069,14.131648237753552],[145.16266494874412,14.131502963340608],[145.16294536520593,14.131188553017239],[145.16386995438097,14.130903618661648],[145.16464630838766,14.130340066229394],[145.16481586099724,14.130149876055896],[145.16495817465443,14.130022848670706],[145.1655096647488,14.129405958772736],[145.16638896532766,14.128913990833837],[145.16656700543672,14.128526592399623],[145.16705153858948,14.127984094229703],[145.16746532064667,14.127614241014442],[145.16804867724488,14.126541175423881],[145.16831929031582,14.125786731009384],[145.16823450304514,14.125658300006705],[145.1674260193564,14.124748755856842],[145.16751080662675,14.124400658713],[145.16760568239818,14.12413677862014],[145.16770049237493,14.123427951774886],[145.16841416608702,14.122609642763393],[145.16865361446253,14.122087497047744],[145.16883805857674,14.121922571989614],[145.1692018586914,14.121253046434788],[145.1690853803691,14.120046637180337],[145.1690257266249,14.120016459403985],[145.1689280436184,14.119823461995338],[145.16902294132137,14.119629060969771],[145.1690853803691,14.119597479575532],[145.1691823834983,14.119275349355803],[145.1696324841589,14.118640212430023],[145.16957583503313,14.117935596437235],[145.16962568538656,14.1173151974956],[145.16933004844725,14.116613388738017],[145.16929912499893,14.11622879753861],[145.16936121314245,14.11545610609636],[145.16919376595922,14.115080638410973],[145.1688641351583,14.114698152638141],[145.16816982698185,14.114100211576499],[145.16804784384715,14.113299447784357],[145.16777948972333,14.112818708785198],[145.1677379075545,14.11259062093876],[145.16769046966874,14.112548512413582],[145.16748598014192,14.112319020949883],[145.16764129919284,14.112033384785207],[145.16865477683336,14.11124314812406],[145.16924776137057,14.111104891799073],[145.16972749151932,14.110844520749708],[145.17039589856654,14.110659945046734],[145.17142099991463,14.110614327477265],[145.17154100921232,14.110673981221623],[145.1724091466457,14.110704158998146],[145.17339437648366,14.110581342465764],[145.1741558828487,14.110753987420082],[145.17461499736555,14.110833993618371],[145.17470658340835,14.110948388445877],[145.17558454616415,14.111138578619148],[145.1760423447895,14.11147263958793],[145.17656637661628,14.111791260764107],[145.17680442137407,14.112088125868524],[145.1772870684157,14.112226382193683],[145.17790343195725,14.112588515512527],[145.1777491436883,14.112989950122198],[145.1777092063835,14.113219441585898],[145.17780715256833,14.113601225550156],[145.17863511145003,14.114493224480896],[145.17893015623827,14.114603408455878],[145.17909337063725,14.114710083387024],[145.17928948232202,14.114783071497868],[145.17932617376118,14.1148364089633],[145.17954252824222,14.114783071497868],[145.17977533136605,14.114746577442418],[145.1810481273426,14.11477815883643],[145.18121263570185,14.115105903526512],[145.18130246722274,14.115105903526512],[145.18130246722274,14.115195735047394],[145.18148213026473,14.115285566568275],[145.18157196178572,14.115285566568275],[145.18157196178572,14.115375398089327],[145.1816617933066,14.115375398089327],[145.1817516248277,14.115375398089327],[145.1817516248277,14.115465229610265],[145.18235873326603,14.115581028055374],[145.1826965664568,14.115688404795264],[145.182935576202,14.11581473037154],[145.18384073404718,14.115987375326085],[145.18450148699253,14.11633687608736],[145.18551042480794,14.11621616498104],[145.1860366717184,14.115854031662309],[145.18703407355235,14.115894034761254],[145.18736438423036,14.115778236316487],[145.18855011205778,14.115674368619977],[145.18889494140456,14.115511548988252],[145.18915930399112,14.115371889045434],[145.18952547271044,14.115199244091116],[145.18993333325614,14.114983086993732],[145.19338651745375,14.11514941566935],[145.19563669178297,14.11526591592326],[145.19607804176565,14.114790089585483],[145.19617129460414,14.114703065299352],[145.1969615312653,14.113806153707117],[145.1971128149156,14.113758430711755],[145.1971128149156,14.113668599190873],[145.19720264643672,14.113668599190873],[145.19760794099443,14.113408228141509],[145.19819079316756,14.113309273106779],[145.1983205619931,14.11307978164308],[145.19860760177494,14.112909943923569],[145.19947729634634,14.113421562508051],[145.20021698084543,14.113528939248056],[145.20053226842992,14.113714216759774],[145.20144865521524,14.113828611587621],[145.20155449674849,14.11443707978043],[145.20178405400668,14.114926240484351],[145.20200040848783,14.11497957795001],[145.20223321161166,14.11501607200546],[145.20259253769552,14.11501607200546],[145.20282045008958,14.114974665288628],[145.20346927228627,14.114797107672928],[145.20358068442636,14.114926240484351],[145.20415814144496,14.115388030646955],[145.2042760891792,14.115668052341277],[145.2045288938525,14.115774727272424],[145.20474849419918,14.116094050257345],[145.20555697788802,14.116094050257345],[145.20573664093,14.116094050257345],[145.20573664093,14.116183881778227],[145.2060517530623,14.116136158782524],[145.2064078552122,14.11623160477393],[145.2072637767867,14.116363544820217],[145.20735360830759,14.116363544820217],[145.207503093573,14.11639372259691],[145.20762310287057,14.116453376341099],[145.20771293439168,14.116453376341099],[145.20780276591256,14.116453376341099],[145.2092033788092,14.116489870396492],[145.20955316468041,14.116598650754042],[145.20964468492866,14.116578298299885],[145.2098688908951,14.116633039383032],[145.20995872241622,14.116633039383032],[145.2100485539371,14.116633039383032],[145.2101383854582,14.116633039383032],[145.2101383854582,14.116543207862321],[145.21040788002097,14.116543207862321],[145.21040788002097,14.116453376341099],[145.21049771154208,14.116453376341099],[145.21122866729468,14.116233008391418],[145.21202590011194,14.115788763447824],[145.21220451044076,14.115734724173251],[145.21224771554262,14.115688404795264],[145.21239296802378,14.115553657513999],[145.21291974129088,14.115738233216973],[145.2134655730522,14.115910878171519],[145.21500012176398,14.116616195972995],[145.21539181877677,14.117038684844943],[145.21590473132096,14.117514511182947],[145.2164277981608,14.118078765423775],[145.2168757495317,14.118788995886689],[145.21696558105282,14.118788995886689],[145.21696558105282,14.118878827407741],[145.2170554125737,14.118878827407741],[145.2170554125737,14.118968658928623],[145.2173542076523,14.119118144194033],[145.2174147386578,14.119238153491494],[145.21750457017868,14.119238153491494],[145.21750457017868,14.119327985012717],[145.21764265105185,14.119369391729151],[145.2180604685094,14.119602392236743],[145.21821653323184,14.119784160705137],[145.21858805324302,14.120104185498462],[145.2189783027752,14.120780729140904],[145.21880206105095,14.121260766331147],[145.21925961842942,14.12179484279585],[145.21977099576702,14.122681929065493],[145.21988894350147,14.122783691335428],[145.21987451255882,14.122963354377362],[145.22012409329818,14.123178107857257],[145.22035665517524,14.123549364690177],[145.22051059254,14.124227311950108],[145.22060757373765,14.124400658713],[145.2205999196359,14.124496104704008],[145.22080995783824,14.124677171363487],[145.22118766253902,14.125526359960418],[145.22118766253902,14.1256161914813],[145.22151029718373,14.125832348578683],[145.221636820144,14.126065349086275],[145.2221152563328,14.126304665872567],[145.22217580926986,14.12642467517037],[145.2223138901428,14.126466081886804],[145.22250052740935,14.126682940792932],[145.2233290565108,14.12720157746486],[145.22343345056356,14.12732299038015],[145.22371939376922,14.12739668029974],[145.22379277664743,14.127502653421914],[145.22400913112847,14.127555990887743],[145.22478092337815,14.127592484942966],[145.22482917273032,14.127633891659798],[145.22508265728106,14.127654244113558],[145.22554115771493,14.127910404310114],[145.22591384009695,14.128076732985903],[145.22670157656432,14.128516065268116],[145.22675721683981,14.128580631673628],[145.22684704836104,14.128580631673628],[145.22684704836104,14.128670463194737],[145.2270267114028,14.128670463194737],[145.2270267114028,14.12876029471596],[145.22762759128875,14.128932237861363],[145.22783519509164,14.129299283841647],[145.22798468035694,14.12932946161817],[145.22810468965474,14.129389115362528],[145.2282419590614,14.129431223888275],[145.229065049145,14.129748441446623],[145.23007990847145,14.130633422289918],[145.23066236587738,14.13130364965349],[145.2302953198971,14.131777370565203],[145.23012589887674,14.131766843433525],[145.23002512352548,14.131773159712566],[145.22977416110007,14.132585854253762],[145.22950038988995,14.133089752941828],[145.22940976883422,14.133479256802275],[145.22918266790646,14.133880691411946],[145.22915249012976,14.134030176677015],[145.22909283638535,14.13415018597459],[145.2290537105472,14.135009199894],[145.2288558882036,14.135275887221837],[145.2290880333817,14.135371333213072],[145.22887751268593,14.135906813295037],[145.22873351030148,14.135946816394323],[145.22873351030148,14.136036647915205],[145.22893486362034,14.13609419623333],[145.22908281367916,14.136944788447579],[145.2293855125688,14.138004519671767],[145.22929668989798,14.138718259178574],[145.22959188820676,14.139220754248868],[145.22967176281588,14.139526041058389],[145.22948082697098,14.139679035367692],[145.2295124302965,14.139933090137959],[145.22936233094856,14.140168897880528],[145.22923256212266,14.140506467892862],[145.22936941483067,14.141091074587962],[145.22960182318684,14.141277053908993],[145.23001360947546,14.141955001168924],[145.23063984220255,14.142225197540483],[145.23164805627744,14.142464514326832],[145.23169795049398,14.142504517425948],[145.2322281889418,14.14254592414278],[145.23279634699418,14.142967009397239],[145.23299471762584,14.143722857429225],[145.23355478294604,14.144899088907323],[145.23408151235014,14.145306137986552],[145.2341234015605,14.145648620660609],[145.23483117569253,14.146234630973083],[145.23578780682385,14.14676870743773],[145.23659686073233,14.147241726540528],[145.23783322844815,14.148319704792073],[145.23829804516106,14.148840446890233],[145.23908433414772,14.149542957456731],[145.23949811620503,14.149843331605041],[145.23964551797565,14.150008256663057],[145.2405831564074,14.150842005467268],[145.24090822545145,14.150990788923764],[145.2415479241339,14.151515741874562],[145.24247821550534,14.151943143407891],[145.24328323401335,14.152093330482046],[145.2438935444543,14.152056836426652],[145.2445370153589,14.152171231254101],[145.24563056499255,14.152025956841328],[145.24571166776718,14.152116490171181],[145.2458611530326,14.152146667947875],[145.24598116233005,14.152206321692063],[145.24643426760917,14.152489150621363],[145.24781937491878,14.152614072580377],[145.24946353738574,14.152698289631132],[145.24979566838022,14.152883567143249],[145.24998199860545,14.152966380576856],[145.25020324381626,14.153104636902015],[145.25052300543143,14.153186748526537],[145.25065240142123,14.15337413146483],[145.25087869088247,14.153507475128947],[145.25122551599793,14.153746090106495],[145.25248675406147,14.154264024969677],[145.25455915146006,14.154649317977658],[145.25617761018123,14.154584751571747],[145.25790932329085,14.15472370970582],[145.25981521656138,14.154647914359998],[145.26104811909636,14.15469704097302],[145.26161184698094,14.154631772758876],[145.26174405020572,14.154584049763002],[145.26249428376775,14.15446754950932],[145.26363560025993,14.154050675107271],[145.26398479398006,14.153860484934],[145.26435425242767,14.153691349023347],[145.2646802425959,14.153463261177137],[145.26516273611662,14.153242191418371],[145.2655644339045,14.153014805380906],[145.2655644339045,14.152924973859854],[145.26565426542527,14.152924973859854],[145.26578098576897,14.152766365080765],[145.26650270835023,14.15233615631223],[145.2669119067191,14.152116490171181],[145.2673055337059,14.151875769767173],[145.2679959380714,14.151903140308775],[145.2685401468998,14.152093330482046],[145.27010294341403,14.152371246750363],[145.2710133648252,14.152853389366669],[145.2715562577622,14.153226751625652],[145.27212213493613,14.154002952111796],[145.27212213493613,14.154092783632677],[145.272211966457,14.154092783632677],[145.2723017979779,14.154092783632677],[145.2723017979779,14.1541826151539],[145.27262116482575,14.154312449773954],[145.27289245777365,14.154471760362128],[145.27341973546595,14.15513075878522],[145.27351948003547,14.155210764983735],[145.27367927311718,14.155410078670855],[145.27392872226744,14.155610094166946],[145.27412825526983,14.15585923627583],[145.27418825991856,14.156069077094514],[145.27432634079184,14.156110483810949],[145.2747299685534,14.156426999560779],[145.27567017297338,14.156968795921955],[145.27628355382774,14.15740391735153],[145.27710102944116,14.157627794345103],[145.27742219467393,14.157686044471916],[145.27751202619493,14.157686044471916],[145.27751202619493,14.157775875993025],[145.27792451429218,14.157812370048418],[145.27851061233105,14.158199768482632],[145.27859000444664,14.158314865118882],[145.279148863533,14.1584748775158],[145.27930865661472,14.15867419120275],[145.27953656900854,14.158715597919581],[145.2797095648674,14.158812447528078],[145.28007555813474,14.158895260961515],[145.28053805010586,14.159022288346591],[145.2809672061611,14.159261605132883],[145.28150277396935,14.15942302114729],[145.2815960268082,14.159531099696096],[145.28192381536098,14.159677075917784],[145.2825767606838,14.160435029376004],[145.28263242289097,14.160740316185695],[145.28272225441185,14.160740316185695],[145.28272225441185,14.160919979227288],[145.28281208593285,14.160919979227288],[145.28281208593285,14.16100981074834],[145.28290191745396,14.16100981074834],[145.28290191745396,14.1611894737905],[145.28299174897484,14.1611894737905],[145.28299174897484,14.161279305311382],[145.28299174897484,14.161369136832263],[145.28317141201683,14.161369136832263],[145.28317141201683,14.161458968353315],[145.28347757608742,14.16171302312381],[145.28357148687167,14.162136915613075],[145.28373312220128,14.162270961085937],[145.2840904305849,14.162774157965316],[145.28420030751874,14.163753882991045],[145.28433044918006,14.164338489686031],[145.28424434601834,14.165183467430495],[145.28378505604928,14.165285229700203],[145.2835307381007,14.165591218318468],[145.2834940685931,14.16582421882606],[145.2834409065798,14.166040375923444],[145.2834940685931,14.166076869978724],[145.28359508519122,14.166347066350454],[145.284010819154,14.1664537412816],[145.28436834685306,14.166971676144726],[145.28454976441685,14.167678397563918],[145.2844162014377,14.168274233199327],[145.2846618783659,14.169041310171394],[145.28469854787352,14.16945397372075],[145.28469854787352,14.169723468283792],[145.28460871635264,14.169723468283792],[145.28456046700035,14.169764875000453],[145.28429215673975,14.170472298228333],[145.2842000443403,14.17137482429058],[145.28424057379618,14.171879424787278],[145.28416723478097,14.17279177617229],[145.2842985607448,14.173271813362533],[145.28417561262302,14.173720970967508],[145.2843092194654,14.174209429862685],[145.28428417366513,14.17452033114239],[145.28440058619276,14.174729470152101],[145.28437690014744,14.17502352802154],[145.28439137495297,14.175203191063531],[145.28437690014744,14.175382854105635],[145.28438962043094,14.175540761075979],[145.28458112649582,14.175705686134108],[145.2845599845068,14.175969566227195],[145.2846569657047,14.176142912990088],[145.28469854787352,14.176281169315587],[145.28478837939474,14.176281169315587],[145.28478837939474,14.176371000836298],[145.28478837939474,14.17646083235735],[145.28487821091562,14.17646083235735],[145.28487821091562,14.17664049539934],[145.28487821091562,14.176730326920563],[145.28499326368865,14.17677524268072],[145.28487821091562,14.176820158441274],[145.28487821091562,14.176999821483207],[145.2849680424364,14.176999821483207],[145.2850167304191,14.176886128464673],[145.28508480586868,14.177129656103432],[145.2849680424364,14.177179484525368],[145.28537219655504,14.178527659148699],[145.28541720004137,14.179065946465983],[145.28563164648006,14.17912068754896],[145.28568669460435,14.179335441028798],[145.28577652612523,14.179335441028798],[145.28577652612523,14.179425272549736],[145.28577652612523,14.179515104070958],[145.28586635764634,14.179515104070958],[145.28586635764634,14.17960493559184],[145.28620625240023,14.17989758984379],[145.2867206782197,14.180719407899176],[145.286870031896,14.18105346886756],[145.2870824167711,14.181353141207126],[145.2871706253593,14.18164649726782],[145.28743275093052,14.181871777879053],[145.28758285027845,14.182208646082586],[145.28807056350217,14.182970108584755],[145.28834764637224,14.183450847583913],[145.28867293473138,14.183730869278122],[145.28905204304976,14.184414431008008],[145.28929052643798,14.184750597402967],[145.28961305142536,14.185473460423623],[145.29007909630343,14.18622018494159],[145.2902494603793,14.18697041850362],[145.2905379037786,14.187755742503384],[145.29048184680414,14.1884533404085],[145.290496497062,14.188635810685469],[145.29039951586435,14.188809157448702],[145.2902923584395,14.189049176043738],[145.29031687788313,14.189355164662004],[145.29017827065343,14.189396571379007],[145.28996842983486,14.189815551207062],[145.28990877609056,14.189845728983983],[145.28990877609056,14.189935560504864],[145.28981894456945,14.189935560504864],[145.28978227506207,14.190168561012285],[145.2896228328849,14.190413492268704],[145.2894750582783,14.190807908790589],[145.28896800145083,14.191575687571401],[145.2885925337655,14.19183465500305],[145.28829180871276,14.19191185396636],[145.28829180871276,14.192001685487242],[145.28820197719187,14.192001685487242],[145.28802231414988,14.192001685487242],[145.28802231414988,14.19209151700835],[145.2879324826289,14.19209151700835],[145.287842651108,14.19209151700835],[145.287842651108,14.192181348529232],[145.2877528195869,14.192181348529232],[145.28745029614936,14.1922325805686],[145.28686608422163,14.1924620720323],[145.2865850098143,14.192540674613099],[145.2864528065894,14.192768060650565],[145.28555971108233,14.19325511592865],[145.28406437593492,14.193603213072322],[145.283743956374,14.193961837347445],[145.2831037751978,14.193923939674733],[145.28299174897484,14.193798315906974],[145.2824943420178,14.193839722623636],[145.282003602244,14.193888147427856],[145.28185495037667,14.19414851847722],[145.28128376577388,14.194396256968446],[145.28031373448164,14.194681191324378],[145.27927132916136,14.19457451639289],[145.2780941765593,14.194760495713922],[145.27774077198683,14.195015252292762],[145.2776018577158,14.19505595720085],[145.2776018577158,14.195145788721732],[145.27751202619493,14.195145788721732],[145.27751202619493,14.195235620242613],[145.27742219467393,14.195235620242613],[145.2768365791287,14.195548626948494],[145.27657050588346,14.195731097225803],[145.27638742152374,14.195818121511707],[145.27603265719677,14.196061649150465],[145.2756291610242,14.196189378344457],[145.27531005735466,14.196176745786715],[145.27437757283087,14.196339565418612],[145.27311028166696,14.196403430015437],[145.27302045014574,14.196403430015437],[145.27302045014574,14.19649326153666],[145.27293061862486,14.19649326153666],[145.27270937341393,14.196631517861647],[145.27213941697664,14.196885572631913],[145.2711755703741,14.19698382585807],[145.27073307995238,14.197080675466623],[145.26857045626548,14.19716348890023],[145.26718140128196,14.197300341607729],[145.26628308607212,14.19721191370428],[145.26628308607212,14.197301745225218],[145.26610342303024,14.197301745225218],[145.26610342303024,14.19739157674644],[145.26601359150914,14.19739157674644],[145.26583392846715,14.197481408267322],[145.26583392846715,14.197571239788203],[145.26565426542527,14.197571239788203],[145.26565426542527,14.197661071309085],[145.26547460238328,14.197661071309085],[145.2653847708624,14.197661071309085],[145.2653847708624,14.197750902830194],[145.2652949393413,14.197750902830194],[145.26511527629953,14.197750902830194],[145.26511527629953,14.197840734351416],[145.2650254447783,14.197840734351416],[145.26493561325742,14.197840734351416],[145.26493561325742,14.197930565872298],[145.2648457817363,14.197930565872298],[145.2647723988581,14.198036538994472],[145.26448645565245,14.19811022891406],[145.26439662413156,14.19811022891406],[145.26439662413156,14.19820006043517],[145.26430679261045,14.19820006043517],[145.26415730734504,14.198230238211863],[145.2638576350057,14.198379723477274],[145.2636413024561,14.198522892463814],[145.26340847740073,14.198649218039918],[145.2633166720425,14.198768525528806],[145.26295931979575,14.198828881082079],[145.26295931979575,14.19891871260296],[145.26268982523288,14.19891871260296],[145.26268982523288,14.199008544123842],[145.26233049914902,14.199008544123842],[145.26233049914902,14.199098375644894],[145.26188134154404,14.199098375644894],[145.26188134154404,14.199188207165832],[145.26161184698094,14.199188207165832],[145.26161184698094,14.199098375644894],[145.2608275756943,14.198981173582638],[145.2594558904775,14.19891871260296],[145.2594558904775,14.199008544123842],[145.25909656439364,14.199008544123842],[145.25900673287254,14.199008544123842],[145.25891690135165,14.199008544123842],[145.25891690135165,14.199098375644894],[145.25837791222557,14.199098375644894],[145.25773913466696,14.199178381843183],[145.25661088936317,14.199360150311747],[145.25586056807492,14.199266809746803],[145.2552338089913,14.199367870207936],[145.25473043665977,14.199511741003391],[145.25398428236122,14.19983387122295],[145.25370667313462,14.19972719629203],[145.25245297951528,14.199779831948547],[145.25194719471597,14.19995668775573],[145.2517033161729,14.199946862432967],[145.25137105358897,14.199996690854675],[145.2511505540499,14.200142667076364],[145.2510117275051,14.200111085682352],[145.25064020749392,14.200194600924533],[145.25038290685836,14.200086522375784],[145.2499337492534,14.200086522375784],[145.2499337492534,14.200176353896666],[145.24984391773228,14.200176353896666]],[[145.2252786373765,14.187418172490936],[145.2257191758929,14.187739600902091],[145.22622897416068,14.18804909856425],[145.22635795345138,14.188268764705356],[145.22639789075583,14.188408424648003],[145.22710820894486,14.188880040133313],[145.22756570052866,14.18876775073187],[145.2274820098345,14.188475096479976],[145.22687481366984,14.188031553345127],[145.2261451299455,14.187823116144273],[145.22565469721303,14.187210437098827],[145.22519014367845,14.187032177674155],[145.2252786373765,14.187418172490936]],[[145.22136732558113,14.186971120312364],[145.2213166198983,14.186931819021936],[145.22120959406266,14.186793562696607],[145.2204212654441,14.186910062950517],[145.2203791788503,14.187060951833416],[145.22053943249352,14.187276407121885],[145.2210529152576,14.187187979218493],[145.2212971447051,14.187230087743842],[145.22136732558113,14.186971120312364]],[[145.21732490713669,14.185533815976555],[145.21757038668136,14.185840506403736],[145.21800362200008,14.186022976680647],[145.21830226355792,14.186198428870114],[145.21840288538863,14.186072805102413],[145.21810632732536,14.185688915712092],[145.21770405931818,14.18544608988185],[145.21732490713669,14.185533815976555]],[[145.22172665166488,14.18364735403594],[145.22181648318576,14.183827017078045],[145.22190631470687,14.183827017078045],[145.22190631470687,14.183916848598926],[145.2222265149527,14.184045981410407],[145.22266409271288,14.18432670491336],[145.2228046299166,14.184366006203732],[145.22292463921417,14.184306352459373],[145.22307412447958,14.18427617468302],[145.22311428109947,14.184077562804418],[145.22331344126587,14.183976502343455],[145.22334361904245,14.183916848598926],[145.2234659530816,14.18338908841315],[145.22321466168353,14.183237497721507],[145.2228944614377,14.183108364910026],[145.2228046299166,14.183108364910026],[145.2228046299166,14.183018533388974],[145.2227147983957,14.183018533388974],[145.2227147983957,14.182928701868093],[145.22242624533874,14.182807288952972],[145.22195649403295,14.1829125602668],[145.22190631470687,14.183108364910026],[145.22190631470687,14.183198196430965],[145.22181648318576,14.183198196430965],[145.22181648318576,14.183288027952187],[145.22181648318576,14.183377859473069],[145.22172665166488,14.183377859473069],[145.22172665166488,14.18364735403594]],[[145.23933362977732,14.174664201937617],[145.2395132928193,14.174664201937617],[145.2396031243403,14.174664201937617],[145.239723133638,14.174604548193315],[145.2401421134664,14.174574370416735],[145.24018702922672,14.174459273780712],[145.24023194498727,14.174574370416735],[145.24038143025268,14.174544192640383],[145.24050143955014,14.174484538895683],[145.24050143955014,14.174394707374972],[145.24032177650815,14.174394707374972],[145.2399624504243,14.174394707374972],[145.2395132928193,14.174394707374972],[145.23820740217354,14.174436114091407],[145.23771666239975,14.174484538895683],[145.23771666239975,14.174574370416735],[145.23798615696262,14.174574370416735],[145.23807598848362,14.174574370416735],[145.23834548304671,14.174574370416735],[145.23865269983025,14.174498575070913],[145.23874150056963,14.174627707882394],[145.23888447217257,14.174664201937617],[145.23897430369345,14.174664201937617],[145.23897430369345,14.174574370416735],[145.23933362977732,14.174574370416735],[145.23933362977732,14.174664201937617]]],[[[145.57454328391486,14.865966180701719],[145.57408745912664,14.866048994134985],[145.57331327634085,14.866349368283295],[145.57317243209582,14.86588161274642],[145.57238658173947,14.86573844375988],[145.571579457805,14.865166118717752],[145.5715305943703,14.865109272208429],[145.5713509313283,14.865109272208429],[145.5713509313283,14.86501944068732],[145.57117126828632,14.86501944068732],[145.57117126828632,14.864929609166438],[145.57108143676533,14.864929609166438],[145.57099160524444,14.864929609166438],[145.57099160524444,14.864839777645557],[145.57081194220245,14.864839777645557],[145.57067631765995,14.864795914598119],[145.5700125381644,14.864260083611612],[145.56885130784872,14.864497645876042],[145.56800330355418,14.864153759585065],[145.56780346351047,14.864256925472262],[145.5676039743712,14.864353424176443],[145.56712898143144,14.864343949758165],[145.56667969223736,14.8634923048308],[145.56656038474864,14.863431949277526],[145.56650002919537,14.863312641789037],[145.56641019767426,14.863312641789037],[145.56641019767426,14.863222810267814],[145.56632036615326,14.863222810267814],[145.56632036615326,14.863132978746705],[145.56612061383578,14.862883485733448],[145.56576027890162,14.862595042333965],[145.56540213712015,14.862085529175886],[145.56511259714455,14.861915340552173],[145.5648331895328,14.861835334353884],[145.56475327106045,14.86173567751041],[145.56456369496982,14.861655671312121],[145.56426652282403,14.861480920931172],[145.563445757482,14.86124651680609],[145.56330324644114,14.861296345228027],[145.56305489386705,14.861286519905605],[145.56214491108642,14.861020183481742],[145.56178216368482,14.860933861004582],[145.56093047489458,14.860707527680233],[145.56010856911314,14.86080648271519],[145.5593138584212,14.860362939580341],[145.55922367599578,14.860258370075258],[145.558338388111,14.860214507028047],[145.55760109414803,14.860016947862732],[145.55645175071834,14.85912635254914],[145.5562592358034,14.8589108972605],[145.5560795727613,14.8589108972605],[145.5560795727613,14.858821065739619],[145.5559897412404,14.858821065739619],[145.5559897412404,14.858731234218737],[145.5558999097193,14.858731234218737],[145.5558999097193,14.858641402697856],[145.55554058363543,14.858461739655695],[145.55527108907256,14.858461739655695],[145.55527108907256,14.858371908134643],[145.55478197223147,14.858232248191996],[145.55423307005697,14.858152241993537],[145.55397348854262,14.857962753629181],[145.55369408093088,14.85779291590967],[145.55365412169476,14.857743087488075],[145.55321312261663,14.85766834485537],[145.55272247056894,14.857372181559526],[145.55243560623933,14.8572546285925],[145.55239648040128,14.857204098362217],[145.55209970302258,14.857148655470155],[145.55172528805053,14.856887231707901],[145.55145070537412,14.856712481327122],[145.55118629892445,14.856527905624148],[145.55076398550455,14.856333855502385],[145.54956424343334,14.856173492201265],[145.5486842191143,14.855913121152298],[145.5473184554088,14.85581416611734],[145.54682096072565,14.85568082245345],[145.54673709457927,14.855587130984247],[145.54655743153717,14.855587130984247],[145.54655743153717,14.855497299463366],[145.5460683146964,14.855357639520548],[145.545458618338,14.855268860712613],[145.54514508527552,14.854877251426103],[145.54462109731173,14.854558981154298],[145.5445811380755,14.854509152732533],[145.54440147503385,14.854509152732533],[145.54440147503385,14.854419321211651],[145.54422181199175,14.854419321211651],[145.54422181199175,14.854329489690599],[145.54407881845736,14.854292644730776],[145.54381458746013,14.854120701585373],[145.54369927150867,14.85395367110084],[145.54327033476852,14.8538434871258],[145.5421190175016,14.85328835639865],[145.54111437826487,14.85294517191602],[145.54095120772877,14.852839198793845],[145.54080821419427,14.852802353833852],[145.5407183826735,14.852802353833852],[145.5407183826735,14.8527125223128],[145.5406652206599,14.852675677353034],[145.5405387196314,14.852173533186942],[145.5404089288744,14.851944041723243],[145.5401913242963,14.851646123905539],[145.53994985822055,14.851235214877875],[145.53990989898443,14.851095554935398],[145.53969444369602,14.850946771478732],[145.53964040442156,14.850736228851304],[145.53945297762027,14.850606745135451],[145.53937090985858,14.850287071246328],[145.5390787819632,14.850016523970169],[145.53887512583447,14.849435426319133],[145.5387827941197,14.848951880084769],[145.53816375493238,14.84778196488594],[145.53807006346335,14.84709629772982],[145.53789680442617,14.846601873459747],[145.53780056890037,14.846197982519868],[145.53762090585838,14.845512315363408],[145.5377351690969,14.844518554162619],[145.5379370268406,14.844137121102904],[145.5380666421455,14.843862362974448],[145.53831832831133,14.843629362466856],[145.53884705348412,14.84281035164662],[145.53901500509232,14.84265490100671],[145.53963549176024,14.841985024547512],[145.54039647176887,14.841839750134568],[145.5411010000355,14.841355151187486],[145.5415717821228,14.841336202350817],[145.54211235031846,14.841357958422464],[145.54251290766683,14.840925644227866],[145.54323765679828,14.840799318651193],[145.54413198047064,14.840834759993527],[145.5465381317963,14.840739314002462],[145.5473227101245,14.840987754303],[145.54758878336986,14.841081094867604],[145.54808978709673,14.841200402356321],[145.5484006883762,14.841347080386754],[145.54884642466357,14.841620083993462],[145.54911934054405,14.841706406470621],[145.55023973436266,14.842299434870881],[145.550732886604,14.842428567682362],[145.55172445465246,14.84251489015952],[145.5523498539818,14.842698062245177],[145.5527949761863,14.842804035367749],[145.55355450871434,14.843070371791043],[145.55420872606555,14.843044404867157],[145.55441940028197,14.84314371080626],[145.55450581048524,14.84323705137109],[145.55464568974344,14.843366535086886],[145.55477530504822,14.843506545934076],[145.55486855788695,14.843592868411235],[145.55500330516838,14.843738493728381],[145.55587806592177,14.844201336604044],[145.55679822492914,14.844237830659665],[145.5577117606167,14.844201336604044],[145.55875565728059,14.84456732987121],[145.55932526281333,14.844686637360269],[145.5596262071814,14.844581015142069],[145.56003215968462,14.844537853903603],[145.56003215968462,14.84444802238255],[145.56021182272661,14.84444802238255],[145.5603016542475,14.84444802238255],[145.5603016542475,14.844358190861442],[145.5604813172896,14.844358190861442],[145.56072940668525,14.844269061149134],[145.56205543046985,14.844348365538849],[145.56262700983996,14.844143086477231],[145.56385254338306,14.844580313333324],[145.5642966128745,14.844764889036696],[145.56480187131706,14.84492104148535],[145.56572540777893,14.845568109159615],[145.56645256937816,14.846202193372505],[145.56675597007666,14.84634150241061],[145.56699664661744,14.846556606794877],[145.5670813900249,14.84665135097731],[145.56722372561353,14.84677872926676],[145.567553926634,14.847148231577592],[145.56803220930237,14.847452465673996],[145.5686983574027,14.847998823791897],[145.56933226616297,14.848353237214553],[145.56959667261242,14.848537812917925],[145.56978142376795,14.848622731777596],[145.5700458302174,14.84880730748074],[145.57065144731223,14.849159966381421],[145.57141861201035,14.849754398399341],[145.5717577172295,14.849970204592353],[145.57202212367895,14.850154780295497],[145.5731048391399,14.850745703269524],[145.57425005944333,14.85176929134252],[145.5746247375937,14.852358108890314],[145.57503257620817,14.852942013776499],[145.57521509034814,14.853919984280367],[145.57550432328242,14.853937178594947],[145.57566284433562,14.853880332085623],[145.57583127843748,14.853576448893591],[145.57640913022328,14.853676105737236],[145.57656115954524,14.853880332085623],[145.57680047633164,14.854000341383198],[145.57683065410822,14.854059995127557],[145.5771001486712,14.854419321211651],[145.57715980241562,14.854449498988004],[145.57736964323408,14.854868478816627],[145.57736964323408,14.85504814185839],[145.5774978987846,14.85514709689312],[145.57768098314455,14.855594499976235],[145.57772896931817,14.855766794026238],[145.57778862306247,14.855886803323813],[145.57781880083905,14.856036288589223],[145.57792021220462,14.856294203307641],[145.57799846388104,14.856754940757241],[145.57808829540204,14.856754940757241],[145.57808829540204,14.857743087488075],[145.5782033481753,14.857788003248231],[145.57808829540204,14.857832919008786],[145.57808829540204,14.858102413571828],[145.57803794062363,14.858909844547384],[145.57804877479646,14.859091613015948],[145.57851038950662,14.859940801612538],[145.5788069475699,14.86034820159631],[145.57889142779914,14.86073560003058],[145.57872452890388,14.861656022216494],[145.57846218401778,14.862126234083973],[145.57851407400267,14.86277224904535],[145.57831853253754,14.863304921892507],[145.57820426929925,14.86393128620881],[145.57789525413057,14.864197622632105],[145.57720756927415,14.86499593009404],[145.57683065410822,14.865109272208429],[145.5767724478444,14.865176996753462],[145.57575307062393,14.865617732653334],[145.57537299731848,14.86558720397261],[145.57454328391486,14.865966180701719]]],[[[145.6549675848571,15.089102766160465],[145.65485020734252,15.089464548575165],[145.65473949701095,15.08967930205506],[145.65439929521563,15.09018109531661],[145.65430165607233,15.090382514430132],[145.65395013761065,15.090720084442808],[145.65355396656696,15.09113239708762],[145.65290733752283,15.091753848742542],[145.6524801991677,15.092292486964084],[145.65197744091904,15.093059563936492],[145.65170917452133,15.09331712775031],[145.65133133823156,15.093953668293636],[145.65089586589727,15.094493008324037],[145.6507179573772,15.094764608313085],[145.65040512612347,15.095176920958295],[145.6498903493997,15.09558502275081],[145.64950812680513,15.095770300262757],[145.6492482821127,15.09657106405524],[145.64841602465208,15.097728346696726],[145.64748226810013,15.098625258289019],[145.64708951837406,15.099120735271981],[145.64654368661263,15.099645337318236],[145.6459238140277,15.100372762095901],[145.64546667334787,15.100812094377943],[145.64468871834026,15.10096087783461],[145.64432597093855,15.100774196705004],[145.64420429484517,15.1006475202243],[145.64402463180306,15.1006475202243],[145.64402463180306,15.100557688703248],[145.64378522729066,15.100481893357426],[145.64254416622873,15.099433040169117],[145.64236099414302,15.099346717691958],[145.6412892444439,15.098365238144368],[145.64119669341403,15.098265230396521],[145.64103957597865,15.098119605079376],[145.64028671063363,15.097231115191846],[145.6392541744989,15.09633665993016],[145.63790924574096,15.094736886867167],[145.6375275495028,15.09414596389314],[145.63732700765036,15.093960335476709],[145.63702461580192,15.093633643500084],[145.6366049341649,15.093244841448211],[145.63625938107793,15.0928718300936],[145.63607269994816,15.092699185139281],[145.6360763844441,15.092605844574678],[145.63537904971724,15.09195982961296],[145.63463504470803,15.091054496315564],[145.63441265905806,15.0906762213952],[145.63435300531353,15.090646043618847],[145.63423299601607,15.090406726832214],[145.6340204356885,15.090260048801952],[145.63373444861998,15.08984598163488],[145.6336940068902,15.089688074664366],[145.6336041753691,15.089688074664366],[145.6336041753691,15.089598243143655],[145.63338380741925,15.089394016794927],[145.63313422667977,15.088605885560014],[145.6329300880575,15.08821989074329],[145.63283481751864,15.087325435481944],[145.63212528886447,15.087156299571177],[145.63160814353614,15.086598361608822],[145.6314015485833,15.08650081019158],[145.63060157432562,15.08588742933722],[145.62993108378362,15.085493012815334],[145.62942525512165,15.085333000418586],[145.62880880385399,15.085116843321202],[145.6273897465462,15.084248004079427],[145.62664398701497,15.08344302943425],[145.62619711028856,15.083028962267406],[145.62574567180502,15.082454882703416],[145.62493367907257,15.081470245016476],[145.62457786203254,15.081017578367778],[145.62376586929975,15.080122772201719],[145.62347154825204,15.079721337592446],[145.6232393372793,15.079229369653149],[145.62304379581417,15.079048302993726],[145.622811233937,15.078797055458438],[145.62178957583808,15.078236310260934],[145.62069273647603,15.077223951128246],[145.62000294619315,15.076898662768997],[145.61926095888407,15.076797251403434],[145.61880934494866,15.076558285521514],[145.61804849652913,15.076034736188205],[145.61728712175318,15.074978864912282],[145.6170436818404,15.07475358430105],[145.61674988714913,15.074352851500691],[145.61652750149915,15.073419445852778],[145.6163133621019,15.072214089311444],[145.61619265099557,15.071869852115924],[145.61542109999255,15.071155059896],[145.61440698633783,15.070500272325205],[145.6140087098679,15.070070063556841],[145.61352507590766,15.069881978809576],[145.61314688871335,15.069591780888459],[145.61280993278388,15.069069986077011],[145.6121523379777,15.068312032618792],[145.61190942442147,15.06779725589513],[145.61121902005607,15.067157557212283],[145.61061414863298,15.06650452416335],[145.61014788443958,15.066072560873124],[145.60967267218462,15.065559889575525],[145.60939282594245,15.065300571239845],[145.6093065034653,15.065117399153792],[145.6090170073527,15.064696664803535],[145.60782252884712,15.063367439016645],[145.60773269732624,15.063367439016645],[145.60773269732624,15.063277607495763],[145.60764286580536,15.063277607495763],[145.60764286580536,15.06318777597454],[145.60755303428425,15.06318777597454],[145.60755303428425,15.06309794445366],[145.60749987227098,15.063061099493837],[145.60728353972127,15.062738618369906],[145.60719370820038,15.062738618369906],[145.60719370820038,15.062648786848683],[145.60704790743102,15.06260246747081],[145.60659160014927,15.062110148627141],[145.6054869093017,15.060852156429291],[145.60539707778082,15.060852156429291],[145.60539707778082,15.060762324908069],[145.60510047585467,15.060557396751108],[145.60503775169673,15.060313167303264],[145.6049184442079,15.06025281175016],[145.60485808865474,15.060133504261103],[145.60476825713374,15.060133504261103],[145.60476825713374,15.060043672740221],[145.60467842561297,15.060043672740221],[145.60467842561297,15.05995384121934],[145.60425269087523,15.059414150284567],[145.60382757022023,15.058828490876465],[145.60361948392358,15.058642511555433],[145.60292416689708,15.057845256807013],[145.6022769237701,15.056921325577378],[145.6012386854394,15.056117052741115],[145.60077329850685,15.055864050683965],[145.60045520368737,15.055718074462277],[145.599964814818,15.05541489307899],[145.5997376919588,15.05528260212833],[145.5996478604377,15.05528260212833],[145.5996478604377,15.055192770607107],[145.59952855294898,15.055132415054175],[145.59946819739594,15.055013107565117],[145.59912299521318,15.054909239869176],[145.59819015978508,15.054327089504454],[145.5978096478492,15.053796872988073],[145.5968065438193,15.053260340192992],[145.59664183807672,15.052906277674651],[145.59713674483976,15.05211358468307],[145.59749190393427,15.052048667372787],[145.59761191323173,15.051989013628258],[145.59785123001814,15.051958835851906],[145.59785123001814,15.051869004330854],[145.59794106153925,15.051869004330854],[145.59812072458124,15.051869004330854],[145.59812072458124,15.051779172809745],[145.59821055610212,15.051779172809745],[145.59836004136753,15.051748995033222],[145.5984800506651,15.051689341288863],[145.5985167201727,15.051636354727634],[145.59862304419948,15.051562664808046],[145.59887604625646,15.051187197122829],[145.59892920827008,15.051150352163006],[145.59892920827008,15.050970689121243],[145.59901903979096,15.050970689121243],[145.59909093132546,15.05049802092259],[145.599159971762,15.049339685568214],[145.59903377777482,15.048930881966783],[145.5984738659754,15.04820836985084],[145.5980732647638,15.047245137330776],[145.59798852135646,15.046431740980722],[145.59784197491513,15.04560711569053],[145.59771393868004,15.044280697138447],[145.5976291952726,15.042928311662479],[145.59743939986652,15.042219835721482],[145.5970716082146,15.040639011495102],[145.59660959873668,15.039845265789836],[145.59523558877822,15.03830760280215],[145.59462935760075,15.038090042087106],[145.59416590064245,15.03798231444273],[145.5933620225735,15.037673167684886],[145.5930203732977,15.03713593308089],[145.59237672694098,15.03673800751534],[145.59201218115436,15.03671625144409],[145.59169777083082,15.036735200280361],[145.5913816937117,15.03671625144409],[145.59115623764842,15.03681976823566],[145.59062053825085,15.037151021969294],[145.58998842787548,15.037268925840465],[145.58949689856684,15.037495960973729],[145.58945777272857,15.03754649120441],[145.58930565568028,15.037664044171038],[145.58918827816558,15.037815985767054],[145.5890574346953,15.037894588348024],[145.58888408793223,15.037669658641164],[145.5886761332249,15.036445704167761],[145.588740392589,15.036010933642387],[145.58848414466638,15.035424572425427],[145.58834066863847,15.034744519739263],[145.5881885515903,15.034222724927815],[145.58811029991386,15.03223520252601],[145.5880088885483,15.031797273861343],[145.58796976271015,15.031477249067791],[145.58796976271015,15.031297586026028],[145.58787993118904,15.031297586026028],[145.58787993118904,15.031207754504806],[145.58787993118904,15.031117922983924],[145.58779009966815,15.031117922983924],[145.58779009966815,15.030938259941934],[145.58773939398532,15.030898958651562],[145.58740757003216,15.03046910078757],[145.58730181622502,15.030049770054745],[145.5874307735843,15.0299501132111],[145.58739002481332,15.029631492035264],[145.58729185931327,15.029370419177155],[145.5872011505312,15.028761249175602],[145.58693253322951,15.02829244092544],[145.5864309592829,15.027125332961418],[145.5861811592281,15.026917597569309],[145.5859527204775,15.026307725759011],[145.5858138062065,15.025997526287938],[145.5857239746856,15.025997526287938],[145.5857239746856,15.025907694766829],[145.5857239746856,15.025817863245948],[145.5856341431645,15.025817863245948],[145.5856341431645,15.025728031724896],[145.5856112905169,15.025571177467668],[145.5854773327702,15.025435728377317],[145.58545448012262,15.02527887412009],[145.5853262245722,15.02517991908536],[145.58513726256422,15.024718128922643],[145.58509515403864,15.02447039043119],[145.58500532251765,15.02447039043119],[145.58500532251765,15.024290727389257],[145.58491549099688,15.024290727389257],[145.58491549099688,15.024111064347323],[145.58482565947565,15.024111064347323],[145.58482565947565,15.024021232826215],[145.58482565947565,15.023931401305333],[145.58476600573147,15.02390122352898],[145.5845561210498,15.023483296413474],[145.58473442433728,15.023124672138351],[145.58491549099688,15.023033086095381],[145.58504085158597,15.022921147598879],[145.5850609408617,15.022583928490576],[145.58504756263233,15.022359349688088],[145.58506752031883,15.022024586910788],[145.5843003994837,15.02116627480001],[145.5836663591341,15.020875024165548],[145.58343287613297,15.020666586964694],[145.58326119616584,15.019746515683494],[145.58298902595698,15.018988211320561],[145.5829391975352,15.018721173088295],[145.5829391975352,15.018631341567414],[145.5829391975352,15.018541510046532],[145.582849366014,15.018541510046532],[145.582849366014,15.018182183962438],[145.5828002832642,15.01814147905435],[145.58263948133242,15.017770573126029],[145.5825294289467,15.016789093578438],[145.58264557829602,15.016480297724968],[145.5829497685296,15.01622764657236],[145.58320062129735,15.015820948397163],[145.58333927239005,15.01534828019885],[145.58351797044497,15.014872804765616],[145.5841006471661,15.013889219791793],[145.58455616491278,15.013510944871427],[145.58464599643366,15.013510944871427],[145.58546996377822,15.013208465296714],[145.58622138164264,15.013110212070899],[145.58671212141644,15.01297195574557],[145.58671212141644,15.012882124224689],[145.58680195293732,15.012882124224689],[145.58703675182983,15.012577890127943],[145.58744235342874,15.012264883422063],[145.58752060510517,15.0121634720565],[145.58752060510517,15.012073640535618],[145.58761043662616,15.012073640535618],[145.58781593500294,15.011753615742293],[145.58786821975548,15.011399904128325],[145.58779764411236,15.01092267417323],[145.58797914940226,15.010687568239234],[145.588329088794,15.010546504679098],[145.58855700118806,15.010145771878172],[145.58872332986368,15.009772760523617],[145.58886807791987,15.009648189469317],[145.58892123993337,15.00943168146739],[145.58895790944098,15.009199031864341],[145.5888428566676,15.009154116103616],[145.58895790944098,15.00910920034346],[145.58872999704693,15.008618636021481],[145.58852357754608,15.008074734234413],[145.58810007982402,15.007809450524064],[145.587562187274,15.007181331685842],[145.58747902293635,15.006904819035412],[145.58734094206318,15.006593917755708],[145.5871032920727,15.006388989598463],[145.5873301078907,15.005850351376978],[145.58725633024483,15.004932034617411],[145.5873032637055,15.004348129731227],[145.5872891836674,15.004173028446075],[145.58711302966913,15.00385756540959],[145.58693928813852,15.00328032770625],[145.58682037541723,15.002243054362452],[145.5868917844582,15.00138368953867],[145.5868917844582,15.001293858017789],[145.58680195293732,15.001293858017789],[145.58680195293732,15.001204026496907],[145.5867499313631,15.00089768697427],[145.5864817526916,15.0005359045594],[145.58635279533235,15.000305711286956],[145.58626296381146,15.000305711286956],[145.58626296381146,15.000215879766074],[145.58617313229058,15.000215879766074],[145.58617313229058,14.99985655368198],[145.58608330076936,14.99985655368198],[145.58608330076936,14.999587059118937],[145.5859770206058,14.999513720103948],[145.5859036377276,14.99922773303507],[145.5858138062065,14.99922773303507],[145.5858138062065,14.99904806999308],[145.5858138062065,14.998958238472198],[145.5857239746856,14.998958238472198],[145.5857239746856,14.998868406951317],[145.5857239746856,14.998778575430435],[145.5856341431645,14.998778575430435],[145.5856341431645,14.998598912388275],[145.58558019161626,14.998563120141796],[145.58541860014998,14.998095715508953],[145.5853106970534,14.997934299494716],[145.585149105587,14.997466894862157],[145.58497216205387,14.997201962056351],[145.585059405655,14.9968556194342],[145.58527481708063,14.99671245044766],[145.58518498555975,14.996353124363793],[145.58504909783892,14.996244344006243],[145.58496536328153,14.995783957461185],[145.5852348578445,14.995414806054669],[145.58533473400325,14.995065656197767],[145.58582367539213,14.994454380769753],[145.58644262685345,14.99437683090207],[145.58644262685345,14.994286999381018],[145.58680195293732,14.994286999381018],[145.58680195293732,14.994197167860136],[145.5868917844582,14.994197167860136],[145.5871081170078,14.99414418129885],[145.58775343016055,14.994070491379262],[145.58787993118904,14.994017504818203],[145.58806371735773,14.993692567363269],[145.588508751836,14.99374801025516],[145.588508751836,14.99365817873445],[145.58859858335722,14.99365817873445],[145.58859858335722,14.993478515692345],[145.5886884148781,14.993478515692345],[145.58876666655453,14.993377104326783],[145.58922740400385,14.993298852650355],[145.5892709600099,14.99314234929733],[145.589536024405,14.992799164814926],[145.5897663931297,14.992759863524498],[145.5898562246507,14.992759863524498],[145.5899093866642,14.992633187043623],[145.58998825242327,14.992036298695268],[145.59035854426918,14.99182470335478],[145.590489914096,14.991634513181452],[145.59041416261323,14.991296592264632],[145.59053820731094,14.991106051186932],[145.59062966176475,14.99086182173943],[145.59130677562678,14.990688124071823],[145.591599693057,14.99046108893873],[145.59195700144073,14.990256862590343],[145.59214982339688,14.99030037473301],[145.59277285412145,14.990009124098776],[145.59313573311238,14.990090533914554],[145.59317999092718,14.990154749415865],[145.5937351655174,14.990470212452578],[145.5942579691789,14.990514075499789],[145.5943786802851,14.990273355096008],[145.59473730456045,14.990095095671563],[145.59488678982586,14.990064917894813],[145.5949317055862,14.98994982125862],[145.59497662134675,14.990064917894813],[145.59528524174812,14.99001438766436],[145.5956054419936,14.989975086373931],[145.5956054419936,14.98988525485322],[145.5956952735147,14.98988525485322],[145.59605459959846,14.98988525485322],[145.59608477737515,14.989825601108521],[145.5969372557006,14.989765245555418],[145.59713257785052,14.990154749415865],[145.5974422948276,14.990348097728713],[145.59804475378303,14.990576536479296],[145.5985481699778,14.991161143174622],[145.59924993487232,14.991658725583648],[145.60013956519856,14.991985417560272],[145.60086058597108,14.992043316782713],[145.60223459592964,14.991932781903529],[145.60257071846127,14.992082618073312],[145.60294197529413,14.992346147261628],[145.60338595705946,14.992381588604133],[145.6040391216976,14.992202978275145],[145.60511078367063,14.992397379301053],[145.60590246781248,14.991742240825658],[145.6070341782971,14.991612757110204],[145.60786411101606,14.991094471342649],[145.60838274768798,14.990863225356918],[145.60849293166302,14.990735145258554],[145.60858943036715,14.990652331825117],[145.608672594705,14.990555482216791],[145.60882550128804,14.990423893074535],[145.60920219713876,14.989748753049582],[145.60930141535175,14.988669020276177],[145.60948107839374,14.988514271444842],[145.6093646658661,14.987222241521977],[145.6091038561865,14.986919411043061],[145.60863996059766,14.986586402787566],[145.60854118101497,14.986471657055574],[145.608297477924,14.98625374543633],[145.60832914704406,14.985721423493715],[145.60925983318293,14.985663173367016],[145.60942186327986,14.985612994040537],[145.6100667378023,14.98523752635515],[145.6104772081992,14.984573615270449],[145.6104405386916,14.983958479894397],[145.6108293407433,14.983819170855952],[145.61161764743042,14.983575643217023],[145.61191240710855,14.983195262870424],[145.6123943742731,14.982531000881181],[145.61323364982115,14.981568821074461],[145.6132846186821,14.980713316198944],[145.61317004840248,14.980585236100637],[145.61298029685963,14.980415749285612],[145.6128107223185,14.97986658393279],[145.61270176650885,14.97956305164513],[145.61273519015117,14.979002657352055],[145.61253613964197,14.978524023779244],[145.6124039364172,14.977488504957478],[145.612306385,14.976496498278323],[145.61251175178768,14.975937156698706],[145.61254201729037,14.975560636300202],[145.61258359945919,14.975512211495754],[145.61261781263613,14.97527710556193],[145.61281888084523,14.974669339177865],[145.61285309402217,14.97443423324404],[145.61279993200878,14.974397388284274],[145.6126215848584,14.974139122661484],[145.61258359945919,14.97380541259713],[145.61265606121344,14.972370564592097],[145.61284493549533,14.971970533600086],[145.6136353476087,14.971117485055231],[145.61397423351264,14.970884133643438],[145.61415740559846,14.970797811166278],[145.6144886593321,14.970622358976584],[145.6147862262452,14.970528316603065],[145.61538214960672,14.970283385346818],[145.61644635486164,14.970032488715901],[145.61644635486164,14.969942657194792],[145.6167158494245,14.969942657194792],[145.61675822112818,14.96989528510386],[145.61727641916957,14.969565785891916],[145.61765495726843,14.969023638626709],[145.61767101114367,14.968753793159351],[145.61748608453593,14.968238314627115],[145.617746367859,14.967829160121084],[145.61822096603134,14.967250869705026],[145.61839457597284,14.96668836998549],[145.61902550204604,14.966445895059849],[145.6205311450094,14.965763035138536],[145.62161421137466,14.965318790194942],[145.62241822103283,14.964954200545264],[145.62259104143936,14.96496437677223],[145.623405929133,14.964605752497107],[145.62365200082888,14.964591014513303],[145.62386526296496,14.965733559170758],[145.6246705007884,14.965546176232408],[145.62519633099998,14.965211764359651],[145.62592103626855,14.96459522536577],[145.62619561894496,14.96442047498499],[145.6266871482536,14.964013776810305],[145.62672732680494,14.96381481402716],[145.6268668112956,14.963744282247092],[145.6268668112956,14.96365445072604],[145.62695664281648,14.96365445072604],[145.62717113311805,14.963329864175876],[145.62722613737947,14.963115461600353],[145.62722613737947,14.963025630079471],[145.62731596890035,14.963025630079471],[145.62739799279893,14.962705956190177],[145.62758546346322,14.962576472474495],[145.62767529498444,14.962396809432335],[145.62767529498444,14.962306977911283],[145.62776512650532,14.962306977911283],[145.62799549522992,14.961728687495054],[145.6280346210682,14.961678157264714],[145.6280647988449,14.961528671999304],[145.62812445258942,14.961408662701501],[145.62816761382794,14.961361992419143],[145.6282938516781,14.961245141261031],[145.62844061743465,14.960826512337007],[145.6285603635538,14.960448237416642],[145.6296409735885,14.958447380648522],[145.62974141996688,14.95835439098829],[145.62980177552015,14.958235083499233],[145.62992108300898,14.95817472794613],[145.63004758403747,14.957672583780266],[145.63019057757185,14.957366244257287],[145.63050753195193,14.956605132659718],[145.63054990365572,14.956467929047676],[145.63054990365572,14.956198434484463],[145.63063973517683,14.956198434484463],[145.63056420300927,14.955865777133567],[145.63047384513163,14.955139755973562],[145.63071579370092,14.95474147950381],[145.6309990612607,14.954581467107062],[145.6309990612607,14.954491635585839],[145.63108889278158,14.954491635585839],[145.63108889278158,14.9544018040649],[145.63117872430269,14.9544018040649],[145.63126855582357,14.9544018040649],[145.63126855582357,14.954311972543849],[145.63126855582357,14.954222141022967],[145.63135838734456,14.954222141022967],[145.631721924281,14.953628410813963],[145.63203036923005,14.952271814485357],[145.6319440467529,14.951660188153028],[145.63176087466718,14.951034876550182],[145.63153322545145,14.950078662117733],[145.63132206874138,14.949883208378708],[145.63122188554132,14.949597572214202],[145.63080667793508,14.948231150563004],[145.63059306489436,14.947711110273588],[145.6304989347948,14.947413543360597],[145.63030646374307,14.947049655519663],[145.62961755072115,14.945550942917464],[145.62907154350785,14.944068722821271],[145.62902276779903,14.94371185306801],[145.62893293627815,14.94371185306801],[145.62893293627815,14.943622021547128],[145.62893293627815,14.94353219002602],[145.62882705088168,14.943437445843756],[145.62871090153237,14.942301919273916],[145.62880318938403,14.940753027345579],[145.62911259932025,14.940657581354571],[145.62911259932025,14.94056774983369],[145.62920243084102,14.94056774983369],[145.62923910034863,14.940514763272404],[145.6295617569249,14.940298255270648],[145.6295617569249,14.940208423749596],[145.62974141996688,14.940208423749596],[145.62978940614062,14.94003612969982],[145.62996020884702,14.939618904393228],[145.63001091452986,14.939579603103027],[145.63001091452986,14.939130445498051],[145.63010074605097,14.939130445498051],[145.63004758403747,14.938913937496125],[145.63001091452986,14.938681287893075],[145.62996020884702,14.938641986602477],[145.62965097436347,14.93824160470632],[145.62988906298426,14.93763594374849],[145.63028040909273,14.937333815078318],[145.63025023131615,14.936914835249922],[145.62986142926445,14.936135827528801],[145.62983125148787,14.93589651074251],[145.62974141996688,14.93589651074251],[145.62974141996688,14.935537184658585],[145.6297918624714,14.934728700969742],[145.62974141996688,14.933920217281184],[145.62974141996688,14.933740554238852],[145.62983125148787,14.933740554238852],[145.62987204412184,14.933511764583898],[145.63032944797965,14.932442208037287],[145.63046761657904,14.931971645265264],[145.6306805278108,14.931715134164392],[145.6307295666977,14.931674429256304],[145.6307295666977,14.931584597735593],[145.6308193982186,14.931584597735593],[145.6308193982186,14.93149476621437],[145.6309092297398,14.93149476621437],[145.6309394075164,14.931255449428079],[145.6309990612607,14.931135440130618],[145.6309990612607,14.931045608609736],[145.63108889278158,14.931045608609736],[145.63108889278158,14.930865945567405],[145.63117872430269,14.930506619483538],[145.63108889278158,14.930506619483538],[145.63108889278158,14.930326956441547],[145.63108889278158,14.930147293399784],[145.6309990612607,14.930147293399784],[145.6309990612607,14.930057461878732],[145.6309458992472,14.929840953877147],[145.6309092297398,14.929518472752875],[145.63078272871132,14.92921739679582],[145.6309458992472,14.928567170981978],[145.6310522232742,14.928313818020285],[145.63113880892956,14.927870625789808],[145.63138382791215,14.927441118830188],[145.63162788190743,14.927272684728166],[145.63171771342854,14.927093021686176],[145.63171771342854,14.927003190165294],[145.63180754494942,14.927003190165294],[145.63186474236318,14.926360333343325],[145.63213353511742,14.925950126124349],[145.63248163226126,14.925615714251592],[145.63258365770946,14.924884429525832],[145.63318080923602,14.92426297787108],[145.6339150766488,14.923670300375193],[145.63446283838414,14.923299043542272],[145.63508727272642,14.923096571715575],[145.63574881520663,14.922828129866048],[145.63593979491475,14.922824269917953],[145.6360750685527,14.922827077152931],[145.63803083410812,14.922684259070763],[145.63910460150737,14.922834095240546],[145.6403915433168,14.923197281272394],[145.6412742432817,14.923625384614638],[145.64195947180747,14.92411805436268],[145.6424534574469,14.9244419391041],[145.64272119748807,14.924623707572323],[145.6431699164624,14.924841268287366],[145.64459125464873,14.926320681148525],[145.6448331154919,14.926464201039437],[145.64530508188147,14.9265259602102],[145.64537210461776,14.927182853207285],[145.64542526663126,14.92721969816705],[145.64567072424427,14.92757516430305],[145.64573143070174,14.927811673854364],[145.64582126222274,14.927811673854364],[145.64582126222274,14.927901505375075],[145.6458816177759,14.928020812863963],[145.64600092526473,14.928081168417009],[145.64609075678584,14.928081168417009],[145.64609075678584,14.928170999938118],[145.6462686653059,14.92822749554307],[145.64702670649024,14.92942934304051],[145.64733050195616,14.93038871561231],[145.6480993334501,14.932061476786146],[145.64847304661362,14.932705737226001],[145.64889878135136,14.933462287066732],[145.64977727046357,14.934276034321044],[145.64990684190548,14.934416045168177],[145.65008439952123,14.934580619321991],[145.65038240506487,14.935211896299506],[145.65141415166488,14.936167759827413],[145.65179330384615,14.936841496234706],[145.65215613897396,14.93728714479596],[145.65236826067087,14.93761559129473],[145.65246879477547,14.938142298767218],[145.65246879477547,14.938321961808981],[145.65254002836446,14.93835810496006],[145.65244142423387,14.938559874977955],[145.6522725515016,14.938645144742054],[145.65235606674378,14.938816035174682],[145.65228913173348,14.938950782455947],[145.65213815512448,14.939625220672156],[145.65175014260763,14.939849097665672],[145.65160644726438,14.939982090425246],[145.65162250113974,14.940388086791756],[145.65160828951252,14.940747412875623],[145.65161793938296,14.940991642323354],[145.65186629195716,14.941460801477888],[145.65219535253823,14.942242967338132],[145.6529646226627,14.94330585670167],[145.65330649125383,14.943835371409307],[145.6537161721161,14.94421504994716],[145.65421366679925,14.945397246799587],[145.6546714215615,14.94582113928925],[145.6547145828,14.94586780957161],[145.654804414321,14.94586780957161],[145.654804414321,14.945957641092491],[145.6549538995863,14.945987818869412],[145.65519391818145,14.946107126357902],[145.65588239257295,14.946137304134652],[145.65635172717953,14.946179061755629],[145.6567019297496,14.946420834872583],[145.65681737729017,14.946729279821625],[145.65687053930378,14.94676612478139],[145.65696037082455,14.94676612478139],[145.65696037082455,14.946855956302272],[145.65729776538478,14.947033864822401],[145.6574899732584,14.947345818815506],[145.65793562181966,14.947497760411522],[145.65803834907638,14.947664439991172],[145.6581576565651,14.947724795544616],[145.65821801211837,14.947844103033106],[145.65849417386448,14.947927267370972],[145.65875700124423,14.94838309215919],[145.6591786128555,14.94850064512599],[145.65990980985475,14.948788035812356],[145.6603739686218,14.948832249763996],[145.66041563851695,14.948778210489934],[145.66131140967002,14.948422393449562],[145.6617214414366,14.94838309215919],[145.6621313854772,14.948287997072327],[145.66261975664656,14.948652586722005],[145.66270958816744,14.948652586722005],[145.66270958816744,14.948742418243057],[145.66344087289303,14.948689431681828],[145.66405706098215,14.94820342911703],[145.66405706098215,14.948113597596148],[145.66414689250325,14.948113597596148],[145.66419759818586,14.948074296305776],[145.66467596858035,14.948003764525538],[145.66517872682914,14.948201323690796],[145.66526399659313,14.948703116952856],[145.66543786971283,14.949145607374248],[145.6658838691784,14.949671613038163],[145.66578456323919,14.950343244019223],[145.6652057464663,14.9505046600338],[145.66509012347353,14.95048746571905],[145.66491598717562,14.950513081738904],[145.664596050108,14.95071871170461],[145.66451779843158,14.95117944915404],[145.66441638706624,14.951257700830467],[145.6644892874508,14.951863712693012],[145.66441638706624,14.952605173645225],[145.6643761207887,14.952804487332344],[145.66405706098215,14.952964499729092],[145.66402039147454,14.95310731781143],[145.66369773489828,14.953323825813186],[145.66369773489828,14.953593320376058],[145.66360790337717,14.953593320376058],[145.66360790337717,14.953772983417991],[145.6635180718563,14.953772983417991],[145.6635180718563,14.953952646459925],[145.663458418112,14.954072655757557],[145.6634282403354,14.954311972543849],[145.6634282403354,14.9544018040649],[145.6633384088143,14.9544018040649],[145.6632663856907,14.954682527568025],[145.66301575223804,14.955067469671462],[145.66297908273043,14.9552102877538],[145.6629359214918,14.955346789557268],[145.6627959983707,14.95561102055433],[145.66262317796418,14.955977364725868],[145.66243667228673,14.956329672722347],[145.66213980718237,14.956958844273458],[145.6618582064183,14.957219917131567],[145.66152098731038,14.958134724847184],[145.66158923821206,14.959856261729499],[145.661779252933,14.960215587813593],[145.66198751468198,14.960873182619366],[145.6621467375437,14.961327252885553],[145.66210287449644,14.962432601679211],[145.6621705990416,14.962756135516258],[145.6621705990416,14.963115461600353],[145.6620807675207,14.963115461600353],[145.6620807675207,14.963205293121234],[145.6619909359996,14.963205293121234],[145.6619909359996,14.963295124642116],[145.66190110447872,14.963295124642116],[145.66195181016155,14.96360392049553],[145.66203006183798,14.964243970082748],[145.66213147320332,14.96450223570531],[145.6621705990416,14.964732428977925],[145.66213042049026,14.964931391760729],[145.6619909359996,14.965001923540967],[145.66193408949027,14.965160532320056],[145.66194996791342,14.965427921456694],[145.6627942438488,14.966456773095388],[145.66329498439757,14.967547734809273],[145.6633384088143,14.968056195254178],[145.6634282403354,14.968056195254178],[145.6634282403354,14.968235858296339],[145.6635180718563,14.968235858296339],[145.6635180718563,14.96832568981722],[145.66362439588306,14.968399028832437],[145.66369773489828,14.968685015901315],[145.6638322190014,14.968753091350607],[145.66392257687903,14.969066098056658],[145.6641763684712,14.969194529059223],[145.66423672402414,14.969313836548054],[145.66428988603775,14.969350681507706],[145.6645778908064,14.969778433945578],[145.6646858816291,14.969852825673911],[145.66477571315,14.969852825673911],[145.66477571315,14.969942657194792],[145.66524767953968,14.970004416365555],[145.6653147022762,14.97066130936281],[145.66540453379696,14.97066130936281],[145.66540453379696,14.970751140883692],[145.66545769581023,14.970967648885448],[145.66549436531784,14.971200298488668],[145.66558419683884,14.971200298488668],[145.66558419683884,14.971379961530658],[145.66567402835994,14.971379961530658],[145.66567402835994,14.97146979305154],[145.66567402835994,14.971559624572762],[145.66574105109612,14.971582433357128],[145.66578666866542,14.97202948553587],[145.66560700562343,14.972211254004094],[145.66558419683884,14.972637602824307],[145.66554752733123,14.973049915469517],[145.66549436531784,14.973266423471273],[145.6651638133933,14.974058765558652],[145.66504520771298,14.974164738680997],[145.66498485215993,14.974284046169885],[145.66486554467122,14.974344401723158],[145.6648427358865,14.974501255980556],[145.66448542750254,14.974860231159937],[145.66432655554536,14.974883390849016],[145.66432655554536,14.975063053890779],[145.66423672402414,14.975063053890779],[145.66423672402414,14.975422379974873],[145.66414689250325,14.975422379974873],[145.66410452079936,14.975559583587085],[145.66400933798684,14.975734684871838],[145.66401740878734,14.97587013396219],[145.66419917725557,14.976376488981089],[145.66418584288942,14.976600365974491],[145.66390354031648,14.976729849690287],[145.66367352249608,14.976987413504673],[145.66417312260558,14.977304981967222],[145.66435217156493,14.977695187636414],[145.66490089828721,14.978364011382666],[145.6654450632526,14.978758778808697],[145.66596598080298,14.978998095595216],[145.66638162703987,14.979463043897113],[145.66652488375234,14.980230822678266],[145.66670963490787,14.98067506762186],[145.66679437831533,14.980949474845886],[145.66758952763792,14.981918672740107],[145.66808289919447,14.98280154815751],[145.66823168265114,14.983913915038272],[145.66832660228556,14.984268328460928],[145.66841134569313,14.984632567206063],[145.66855170744464,14.985023825588542],[145.66903762228333,14.985917929945856],[145.66908762615742,14.986291994013584],[145.66908762615742,14.986651320097678],[145.66914473584507,14.987562969673775],[145.6694994124457,14.988215651818393],[145.66970284925958,14.989090105530465],[145.66965547716825,14.989884553044476],[145.66994356966336,14.990915861013661],[145.67003173438866,14.992790743109765],[145.67039272726834,14.993610806643119],[145.67047747067568,14.99442420299323],[145.6705844965113,14.995127766272674],[145.67094698073458,14.995794835496895],[145.67112067840208,14.996356984311888],[145.67106391961875,14.996622618926608],[145.67106391961875,14.99671245044766],[145.67097408809786,14.99671245044766],[145.67106374416653,14.997204067482585],[145.67138166353402,14.997652172374274],[145.67160343510136,14.998006585796816],[145.67178976532637,14.99943020486171],[145.67211672048143,15.000206756252055],[145.6723007698282,15.000365014127112],[145.67226603029462,15.000796977417338],[145.67241569101225,15.000925759324218],[145.67287423530922,15.002134274005073],[145.67299196372824,15.002779587157875],[145.67326023012595,15.003675095132508],[145.67362745155833,15.004479367968713],[145.67366903372738,15.004797287336032],[145.6737943943167,15.004887118857255],[145.67366903372738,15.004976950378136],[145.67360630956955,15.005614543634351],[145.67366903372738,15.005785434066865],[145.67375886524826,15.005785434066865],[145.67375886524826,15.005965097108799],[145.67381202726176,15.006001942068622],[145.67393344017682,15.006326528619127],[145.6738229930237,15.00681919836694],[145.67375886524826,15.00686341231875],[145.67375886524826,15.007043075360514],[145.67366903372738,15.007043075360514],[145.67366903372738,15.007132906881623],[145.67366903372738,15.007222738402504],[145.67357920220627,15.007222738402504],[145.67357920220627,15.007312569923727],[145.6735400763681,15.007363100154066],[145.67343866500255,15.007441702735036],[145.67330865493034,15.007610136837059],[145.6729895073978,15.007801028818903],[145.67268088699655,15.008031222091347],[145.67268088699655,15.008121053612456],[145.67259105547544,15.008121053612456],[145.67259105547544,15.008210885133508],[145.67259105547544,15.00830071665439],[145.67250122395444,15.00830071665439],[145.67236542396006,15.008476519748058],[145.67182169762498,15.008699344028685],[145.67156378290645,15.008890236010927],[145.67137254002,15.008968838591898],[145.67122831832035,15.009321146588036],[145.67110304545702,15.009417996196703],[145.6709257510197,15.009851012200045],[145.6708451307386,15.010398072126804],[145.6710247937806,15.010855300532512],[145.67106391961875,15.011354988367827],[145.67106391961875,15.011534651409931],[145.67097408809786,15.011534651409931],[145.67090838125296,15.012025917540086],[145.67018832546762,15.01305687460507],[145.66992716488357,15.013902554158108],[145.66966898698695,15.014272056468997],[145.66949441205838,15.01454646369342],[145.66935712072006,15.014588923123142],[145.66935712072006,15.014858417686185],[145.66926728919907,15.014858417686185],[145.66924448041448,15.015015271943412],[145.66897700355173,15.015284415601911],[145.6687283000732,15.01530757529116],[145.6687283000732,15.015397406812042],[145.6687283000732,15.015487238332923],[145.66863846855244,15.015487238332923],[145.66863846855244,15.015666901374914],[145.66863846855244,15.015756732896136],[145.66854863703122,15.015756732896136],[145.66854863703122,15.015846564416847],[145.66854863703122,15.0159363959379],[145.66845880551034,15.0159363959379],[145.66845880551034,15.01602622745878],[145.668418626959,15.016225190241585],[145.66827914246835,15.016295722021823],[145.6681959781306,15.016392220725947],[145.6679719256848,15.016585218134594],[145.66756154301368,15.016708736475778],[145.66712966744933,15.01694980778393],[145.66671709162608,15.017428792261057],[145.66602326594295,15.018026382418327],[145.6655059451623,15.018426764314484],[145.66443533590257,15.018669941049097],[145.66306075572447,15.018456591186691],[145.66297908273043,15.018361847004371],[145.66266063700664,15.018428518836345],[145.66032747379165,15.018110599469082],[145.65944345793537,15.018145689907044],[145.65880367152658,15.018408517286787],[145.65866716972334,15.01845167852531],[145.65866716972334,15.018541510046532],[145.65848750668124,15.018541510046532],[145.65834205681642,15.018575898675351],[145.65809396742043,15.018686784459135],[145.65762340464846,15.018755561717512],[145.65727758838307,15.018910310548506],[145.6571058206896,15.019225773585333],[145.6567246508082,15.019433508977443],[145.65649393117906,15.019361573579715],[145.65638716852163,15.019674931190139],[145.65633155017792,15.019709319819128],[145.65633155017792,15.01979915134001],[145.6562417186567,15.01979915134001],[145.6562417186567,15.019888982861119],[145.65615188713582,15.019888982861119],[145.655921518411,15.020197778714703],[145.65584326673456,15.020388670696548],[145.65579256105173,15.020427971987147],[145.65576238327515,15.020577457252557],[145.65570272953084,15.020697466549962],[145.65549078328593,15.021383835514825],[145.65517584660597,15.02196352954877],[145.6549366175458,15.022177230315549],[145.65467221109634,15.022631300581736],[145.65390820453752,15.023491367214206],[145.6537738958864,15.024068604917375],[145.6536656418856,15.024472846761796],[145.65368423981784,15.024784800754617],[145.65367301087758,15.024972885501654],[145.6532298186471,15.025950154196778],[145.65314507523965,15.026494055983846],[145.65278066104213,15.026758637885848],[145.6522770255325,15.0274523758427],[145.65215692850882,15.027841528798774],[145.6519721773533,15.028106110700264],[145.65170777090384,15.028560180966622],[145.6512271196309,15.029315327189863],[145.65107895025722,15.029638159218507],[145.65097157351704,15.029734307018089],[145.650655759576,15.030422430504984],[145.65053996113102,15.031165295075027],[145.65039758167927,15.031562167927461],[145.65031283827182,15.031836575151715],[145.65022300675093,15.03219590123581],[145.65022300675093,15.032375564277572],[145.65013317523005,15.032375564277572],[145.65013317523005,15.032465395798624],[145.65004334370883,15.032465395798624],[145.65004334370883,15.032645058840785],[145.64986368066707,15.032645058840785],[145.64979034165185,15.032751382867332],[145.64948242305934,15.032964030920994],[145.64932469154132,15.033004384924538],[145.64924424671221,15.03313492135345],[145.64889913225556,15.033252474320477],[145.64866165771718,15.03368864846334],[145.64860603937313,15.03372303709233],[145.64860603937313,15.033812868613381],[145.64851620785225,15.033812868613381],[145.64851620785225,15.033902700134263],[145.64857112438744,15.033942001424862],[145.64837435475715,15.034927691824919],[145.6481568817684,15.0345315207814],[145.64808143732694,15.034583454629171],[145.6481568817684,15.034890846865153],[145.64824671328927,15.034890846865153],[145.64824671328927,15.035160341428139],[145.64824671328927,15.03542983599101],[145.6481568817684,15.03542983599101],[145.6481568817684,15.035519667512233],[145.6481267039918,15.035758984298354],[145.6479484445672,15.036117608573704],[145.64788738720551,15.036148488158801],[145.64788738720551,15.036238319679853],[145.6479772187264,15.036238319679853],[145.6479772187264,15.036328151200962],[145.6479772187264,15.037226466410743],[145.6479772187264,15.037495960973729],[145.64788738720551,15.037495960973729],[145.64784747183228,15.038084778521522],[145.6477975556843,15.038484107704392],[145.6477975556843,15.038573939225444],[145.6477077241634,15.038573939225444],[145.6477077241634,15.039112928351358],[145.6477975556843,15.039112928351358],[145.6477975556843,15.039472254435225],[145.6477077241634,15.039472254435225],[145.6477077241634,15.039741748998438],[145.6477077241634,15.0399214120402],[145.6477975556843,15.0399214120402],[145.6477975556843,15.040011243561082],[145.64776334250746,15.04069550709994],[145.64760947093725,15.041163262636815],[145.64743822960054,15.041268884854958],[145.64743822960054,15.04135871637584],[145.64725856655843,15.04135871637584],[145.647140311783,15.041840157183628],[145.64727409407726,15.042436694627611],[145.64720356229702,15.042751104951321],[145.64726593555042,15.04302902121907],[145.64716873503755,15.043424841358444],[145.64711557302405,15.0436413493602],[145.64707890351644,15.043963830484472],[145.64712960919928,15.044187005669471],[145.6471177661764,15.044282451660308],[145.6474682319249,15.04456282425923],[145.64759789109291,15.045016543621045],[145.64795949805512,15.045631678997097],[145.6478876503836,15.04620961850901],[145.64794283009724,15.046653512548232],[145.64857103666145,15.046918445354208],[145.64915888922212,15.047263735262902],[145.64932469154132,15.04755709132354],[145.6494145230621,15.04755709132354],[145.6494145230621,15.047646922844649],[145.64950435458297,15.047646922844649],[145.64950435458297,15.047736754365872],[145.64973226697714,15.047778161082306],[145.65026581708503,15.048219598790922],[145.65071374652473,15.048863157421863],[145.65154600398523,15.049864989423213],[145.65251704412753,15.05047310671182],[145.65284759605242,15.051000866897596],[145.65341535933726,15.051461253442483],[145.65351203349383,15.051573542844096],[145.65416804922995,15.051866197095876],[145.6551825137892,15.052670469932082],[145.6556714990412,15.053237882312828],[145.65598906750392,15.053949516392834],[145.65666736566823,15.054875202144387],[145.6573102224902,15.055429280158762],[145.65772060516133,15.055959847579516],[145.65817642994955,15.056491818617758],[145.65843925732918,15.056947994310178],[145.65863225473777,15.057113972081254],[145.65888139684648,15.057672260947982],[145.65897824645504,15.058852352373947],[145.65878454723816,15.05901938285831],[145.65883534064676,15.059650659836052],[145.65875700124423,15.059864009698288],[145.65871041868797,15.060131749739242],[145.65831898485328,15.060797766250346],[145.65812818059726,15.060852156429291],[145.65812818059726,15.060941987950173],[145.65812818059726,15.061031819471054],[145.65803834907638,15.061031819471054],[145.65803834907638,15.061121650991936],[145.65794851755538,15.061121650991936],[145.6578986014075,15.06116165409145],[145.6568892249618,15.061287628763239],[145.65669087626168,15.061211482513045],[145.656459718002,15.061173233935733],[145.6560235438592,15.060997781746266],[145.6555421030514,15.06090373937269],[145.65539489866444,15.061251134707788],[145.65600424411832,15.061493258729229],[145.6560620556147,15.061570808596912],[145.65639945017506,15.06163362048079],[145.6563712023725,15.06210839410528],[145.6561639933368,15.062685982712821],[145.65593967771258,15.063098646262404],[145.65584002086894,15.064582620880401],[145.65568492113357,15.064868257044907],[145.65561289800996,15.06525390095726],[145.65561289800996,15.06534373247814],[145.65552306648885,15.06534373247814],[145.65547990525022,15.065480234281608],[145.65544639388213,15.066324159312614],[145.6552967331645,15.067183524136396],[145.65515426598677,15.068374142693699],[145.6552356758025,15.070426231501244],[145.65539007372934,15.070866616496744],[145.65556622772738,15.071498946187546],[145.65565956829232,15.071764931706468],[145.65578668340345,15.072166717220512],[145.65593169463796,15.074283021529197],[145.65639839746177,15.076064212155984],[145.65678693633538,15.078503348493541],[145.6570070411069,15.079131116427163],[145.6572050389027,15.081456559745789],[145.65713301577898,15.083273542619281],[145.65688975131832,15.084436088826294],[145.65668745494406,15.085013326529634],[145.65653726786968,15.08548774924975],[145.65637822046017,15.08632114714942],[145.65604442266965,15.087195600861548],[145.65592555381147,15.08730578483636],[145.65588239257295,15.087442286639828],[145.65588239257295,15.08753211816071],[145.65579256105173,15.08753211816071],[145.6549675848571,15.089102766160465]],[[145.6332750270618,15.077860491671345],[145.63315501776435,15.077920145415703],[145.63315501776435,15.078009976936585],[145.63405333297396,15.078009976936585],[145.63405333297396,15.077920145415703],[145.63414316449519,15.077920145415703],[145.6340824580377,15.077800136118071],[145.6332750270618,15.077860491671345]],[[145.63804346666586,15.074544094386908],[145.6380059198973,15.07459637913945],[145.6382452366836,15.074626556915973],[145.63848525527885,15.07474586440486],[145.63881440358614,15.074776042181213],[145.6387416786538,15.0745005822439],[145.63849937917996,15.074452508343995],[145.63804346666586,15.074544094386908]],[[145.6305800814323,14.999736544384348],[145.63063973517683,14.99985655368198],[145.6307295666977,14.99985655368198],[145.6307295666977,14.999946385203032],[145.6308193982186,15.000126048245022],[145.6309092297398,15.000126048245022],[145.6309092297398,15.000395542807837],[145.63117872430269,15.000395542807837],[145.6311381071207,15.000063236361314],[145.63060841696085,14.999376867396109],[145.63054990365572,14.999587059118937],[145.6305800814323,14.999736544384348]],[[145.62087897897493,14.99958109374461],[145.62024629837993,14.999373007448014],[145.6197613485284,14.999448451889464],[145.62000540252393,14.999531616227443],[145.62003961570076,14.999587059118937],[145.62012944722198,14.999587059118937],[145.62039894178486,14.999587059118937],[145.62061527433423,14.999640045680223],[145.6209379309107,14.999676890640046],[145.62087897897493,14.99958109374461]],[[145.6168955124666,14.998868406951317],[145.6167919956747,14.998748397653515],[145.6161286109466,14.998647337192551],[145.61568436600282,14.998550136679853],[145.61556146174428,14.998559962002446],[145.61435715791606,14.998341699478658],[145.61429039835787,14.998419249346341],[145.61438022987886,14.998419249346341],[145.61438022987886,14.998509080867223],[145.61455989292085,14.998509080867223],[145.61491921900495,14.998509080867223],[145.61491921900495,14.998598912388275],[145.6155374247943,14.998662075176355],[145.61563787117257,14.998778575430435],[145.61590736573578,14.998778575430435],[145.61599719725666,14.998778575430435],[145.61617686029865,14.998778575430435],[145.61626669181953,14.998778575430435],[145.61626669181953,14.998868406951317],[145.61644635486164,14.998868406951317],[145.6168955124666,14.998868406951317]],[[145.62587866456477,14.998598912388275],[145.62629764439293,14.998629090165025],[145.62641765369062,14.998688743909213],[145.6265074852115,14.998688743909213],[145.6265881054926,14.998483815752252],[145.6260974534449,14.998379948055742],[145.6255392523043,14.998160632819065],[145.62533967543868,14.998419249346341],[145.6254295069598,14.998419249346341],[145.62551933848067,14.998419249346341],[145.62560917000167,14.998419249346341],[145.62560917000167,14.998509080867223],[145.62578883304366,14.998509080867223],[145.62587866456477,14.998509080867223],[145.62587866456477,14.998598912388275]],[[145.62510132363957,14.998055010601036],[145.62483805762918,14.998163440054213],[145.62449934717768,14.99800202403975],[145.62345321349824,14.997970091741365],[145.6234925147885,14.998026938250916],[145.6242085351737,14.998202741344585],[145.62444136022907,14.998239586304408],[145.62462102327083,14.998239586304408],[145.62462102327083,14.99832941782546],[145.62475480556543,14.998265553228464],[145.6249768403111,14.998357139271207],[145.62510132363957,14.998055010601036]],[[145.62713630585836,14.997970091741365],[145.62713630585836,14.997880260220654],[145.62722613737947,14.997880260220654],[145.62722613737947,14.997610765657441],[145.62731596890035,14.997610765657441],[145.62731596890035,14.99752093413656],[145.62731596890035,14.997161608052465],[145.62740580042146,14.997161608052465],[145.62740580042146,14.996892113489821],[145.62740580042146,14.996802281968598],[145.62740580042146,14.99671245044766],[145.62740580042146,14.996622618926608],[145.62735105933825,14.996587528488703],[145.62725771877354,14.996322244778298],[145.62710121542045,14.996767191530807],[145.62704647433736,14.996802281968598],[145.6269963827375,14.997494967212674],[145.62681935147816,14.99765322508739],[145.6267769797745,14.997790428699432],[145.62681610561287,14.997840958929885],[145.62713630585836,14.997970091741365]],[[145.62587866456477,14.996353124363793],[145.62578883304366,14.996353124363793],[145.62578883304366,14.99599379828004],[145.62551933848067,14.996173461321632],[145.62551933848067,14.996263292842684],[145.6254295069598,14.996263292842684],[145.6253763449463,14.99647980084444],[145.62533967543868,14.996981945010702],[145.62533967543868,14.997071776531584],[145.6252498439178,14.997071776531584],[145.6252498439178,14.997251439573574],[145.62532107750678,14.997287582724596],[145.6252498439178,14.997433208041912],[145.62538467892534,14.997699544465206],[145.62560917000167,14.997251439573574],[145.62573567103038,14.996749295407653],[145.62578883304366,14.99671245044766],[145.62578883304366,14.996532787405727],[145.62578883304366,14.996442955884845],[145.62587866456477,14.996442955884845],[145.62587866456477,14.996353124363793]],[[145.61348191466914,14.99608362980075],[145.61339804852275,14.995989938331775],[145.61259877607358,14.995775535756252],[145.6124039364172,14.99599379828004],[145.6126734309804,14.99599379828004],[145.6126734309804,14.99608362980075],[145.61348191466914,14.99608362980075]],[[145.61397774255636,14.996206797237733],[145.61518590633284,14.996486117123311],[145.61536460438776,14.996375231339755],[145.61460656320344,14.996216622560496],[145.61415389655474,14.996130300083166],[145.6141107353161,14.99608362980075],[145.61397774255636,14.996206797237733]],[[145.62219557220442,14.997700597178323],[145.62215644636615,14.99765006694804],[145.62151437907903,14.99757146436724],[145.6215307838586,14.997460578583286],[145.62098284667104,14.99737951967171],[145.620672296296,14.997425488145552],[145.6200903213836,14.997290740863946],[145.6197701211379,14.997251439573574],[145.6197701211379,14.997341271094456],[145.62002970265223,14.9974409279381],[145.62066843634784,14.99752093413656],[145.6208480993896,14.99752093413656],[145.6208480993896,14.997610765657441],[145.62129725699447,14.997610765657441],[145.6213870885157,14.997610765657441],[145.6213870885157,14.997700597178323],[145.62201590916243,14.997700597178323],[145.62219557220442,14.997700597178323]]],[[[145.78988479177622,15.150865445879674],[145.7897796081886,15.150657359583022],[145.7902703479624,15.150234519806702],[145.7903979017044,15.150056611286402],[145.7913461330619,15.149866421113302],[145.79166273653777,15.149928882092809],[145.79196907606035,15.149868526539535],[145.79187178782138,15.150360845382806],[145.79179748381932,15.150414182848465],[145.79176081431171,15.150557000930633],[145.79143815773523,15.15077350893256],[145.79125849469324,15.15077350893256],[145.79107883165136,15.15077350893256],[145.79098900013025,15.15077350893256],[145.78988479177622,15.150865445879674]]],[[[145.72428172680895,15.219906233320387],[145.72444016013606,15.220155726333815],[145.7239411741093,15.220340652941331],[145.72406530653325,15.219712534103337],[145.7242441800404,15.219584454004973],[145.72428172680895,15.219906233320387]]],[[[145.72631697220618,15.220655765073445],[145.72640013654404,15.22093192681973],[145.72635188719198,15.221238266342368],[145.72598764844668,15.22116457642278],[145.72567823851057,15.220924908732115],[145.7251086329776,15.220711909774082],[145.72504222432406,15.220415395574037],[145.72548278477154,15.220513999704451],[145.72577131589708,15.220392937693873],[145.7258611474182,15.220392937693873],[145.72631697220618,15.220655765073445]]],[[[145.73929674972715,15.228797799375684],[145.73910489275806,15.228876401956484],[145.73893742364316,15.228560588015625],[145.7394257070864,15.228477774582188],[145.73929674972715,15.228797799375684]]],[[[145.71285206938137,15.241968995235368],[145.7125660823126,15.242042334250584],[145.7125064285683,15.242162343548216],[145.71247625079172,15.242311828813456],[145.71237247082172,15.242674663941216],[145.7120461297493,15.2428908210386],[145.7112685256459,15.24278870786452],[145.71166776710288,15.241952502729703],[145.7117460187793,15.241491765280102],[145.71184743014499,15.241413513603675],[145.71184743014499,15.240964355998699],[145.71184743014499,15.240874524477817],[145.711776196556,15.24083838132674],[145.71187480068636,15.240636611308958],[145.71193726166587,15.240605029914946],[145.71226184821626,15.240199735357237],[145.7131050714387,15.24015587230997],[145.71319490295957,15.24015587230997],[145.71319490295957,15.240335535351903],[145.71335175721697,15.240358344136496],[145.71348404816763,15.24048607333043],[145.7132847344808,15.240515198394064],[145.71332140398806,15.240568184954952],[145.71367485242376,15.240812414402683],[145.71377056159304,15.24123630689229],[145.71364406056455,15.241323682082793],[145.71364406056455,15.241503345124897],[145.71355422904344,15.241503345124897],[145.71355422904344,15.241593176645608],[145.71337456600156,15.241593176645608],[145.71337456600156,15.24168300816666],[145.7132847344808,15.24168300816666],[145.7132847344808,15.241772839687542],[145.7131050714387,15.241772839687542],[145.7131050714387,15.24186267120865],[145.7129254083966,15.24186267120865],[145.71285206938137,15.241968995235368]]],[[[145.81426527711346,15.28705775158545],[145.81389463436335,15.287354616690038],[145.81367645956584,15.288175732936338],[145.8134867957491,15.28843540217673],[145.8132324778005,15.288854031100641],[145.81250952705398,15.289433023325614],[145.81231898597616,15.289513380428446],[145.8118192981408,15.289878320982325],[145.81123346328025,15.289962538033251],[145.81053235633135,15.289693043470606],[145.8102006639673,15.289598299288173],[145.80981107238074,15.289369158728846],[145.80976378801574,15.289203882766287],[145.80958412497375,15.289203882766287],[145.80958412497375,15.289114051245406],[145.80949429345264,15.289114051245406],[145.80949429345264,15.289024219724524],[145.80940446193165,15.289024219724524],[145.80940446193165,15.288934388203302],[145.80924760767437,15.28891157941871],[145.80870905717916,15.288374695719085],[145.8086630009792,15.288148713299108],[145.80834929246464,15.287833601166994],[145.80832648368005,15.287676746909597],[145.80818173562386,15.287552175855126],[145.80760923512958,15.286754921106535],[145.8071142845033,15.286328221381723],[145.8066812684998,15.28572536765887],[145.80661968478125,15.28552079040594],[145.80652985326037,15.28552079040594],[145.80652985326037,15.285430958885058],[145.80652985326037,15.285341127364006],[145.80644002173926,15.285341127364006],[145.80644002173926,15.285251295843295],[145.80635019021838,15.285251295843295],[145.80635019021838,15.285161464322073],[145.80626035869727,15.285161464322073],[145.80626035869727,15.284981801280082],[145.80538011506292,15.284227005961213],[145.80509254892456,15.283813991507486],[145.8050027174038,15.283813991507486],[145.8050027174038,15.283724159986434],[145.80491288588257,15.283724159986434],[145.8048230543617,15.283724159986434],[145.8048230543617,15.283634328465325],[145.80473322284058,15.283454665423392],[145.8046433913196,15.283454665423392],[145.8046433913196,15.28336483390268],[145.80455355979882,15.28336483390268],[145.80455355979882,15.283275002381458],[145.8044637282776,15.283275002381458],[145.8044637282776,15.283185170860577],[145.80437389675672,15.283185170860577],[145.80437389675672,15.283095339339468],[145.804129491857,15.283032527455589],[145.80392473915174,15.282736013255601],[145.80380543166302,15.282675657702669],[145.80374507610975,15.28255635021361],[145.803565413068,15.28255635021361],[145.803565413068,15.282466518692729],[145.8034224195335,15.282429673732736],[145.80310765830575,15.282224745575832],[145.8030264239419,15.282107192608635],[145.80274043687325,15.282033853593418],[145.80266709785803,15.281927529566872],[145.80237189954926,15.281880859284286],[145.80221794025306,15.28165803500383],[145.80212810873218,15.28165803500383],[145.80212810873218,15.281568203482777],[145.80203827721107,15.281568203482777],[145.80203827721107,15.281478371962066],[145.8017487810987,15.281228878948468],[145.8014577059164,15.280890958031591],[145.80127137569139,15.280808144598325],[145.80091687454262,15.280349863479671],[145.80046955918556,15.279543485216834],[145.79989328646946,15.278730790675468],[145.79961282614465,15.278244437206524],[145.79952299462377,15.278244437206524],[145.79952299462377,15.27806477416459],[145.79940368713483,15.278004418611488],[145.79934333158178,15.27788511112243],[145.79916437034842,15.277794577792804],[145.7990738370188,15.277615616559615],[145.79887487423593,15.277575613460442],[145.7988043424557,15.277435953517625],[145.79862467941382,15.277435953517625],[145.79862467941382,15.277346121996572],[145.79853484789294,15.277346121996572],[145.7981472740065,15.277297697192296],[145.7976440771273,15.277001884801052],[145.797277206599,15.276896964391767],[145.797187375078,15.276896964391767],[145.797187375078,15.276807132870886],[145.79688480777736,15.27675590083146],[145.79655855443139,15.276627469828782],[145.79646872291016,15.276627469828782],[145.79646872291016,15.276537638307673],[145.79614606633402,15.276500793348248],[145.79588183533656,15.276328850202333],[145.79583990226342,15.276268143745028],[145.79543539724068,15.276199366486821],[145.79521108161646,15.275908817660934],[145.79503141857447,15.275908817660934],[145.79503141857447,15.275818986140052],[145.79494158705347,15.275818986140052],[145.79494158705347,15.275729154619],[145.7948517555326,15.275729154619],[145.7948517555326,15.275639323097892],[145.79476192401148,15.275639323097892],[145.79476192401148,15.27554949157701],[145.7944466364272,15.275325965487639],[145.79418810762616,15.275056821829367],[145.79408906486515,15.273437398120791],[145.79398712714305,15.272939815711595],[145.7934911238035,15.27228608085386],[145.7919313538397,15.271463210085358],[145.79145350980173,15.271173363068385],[145.78938870071056,15.26947709130144],[145.78831607375082,15.26828015646521],[145.78788893539559,15.267869949246062],[145.787844896896,15.267823980772619],[145.78775506537488,15.267823980772619],[145.78775506537488,15.267734149251567],[145.787665233854,15.267734149251567],[145.787665233854,15.267644317730458],[145.78746627107125,15.267604314631512],[145.78739573929101,15.267464654688524],[145.78730590777013,15.267464654688524],[145.78730590777013,15.267374823167813],[145.7868500829819,15.267111995787843],[145.78676691864428,15.267015497083719],[145.78667708712317,15.267015497083719],[145.78667708712317,15.266925665562837],[145.7863315340361,15.266732317249819],[145.78586860343432,15.26557819274791],[145.78574034788392,15.265251851675885],[145.78568894039233,15.264949372101],[145.78559910887145,15.264949372101],[145.78559910887145,15.264679877538128],[145.78550927735034,15.264500214496366],[145.78550927735034,15.264320551454205],[145.78541944582935,15.264320551454205],[145.78541944582935,15.264230719933153],[145.78538277632174,15.264087901850985],[145.78520434144525,15.26381384553116],[145.78514995126648,15.263601899286584],[145.78488712388673,15.263146074498366],[145.78479062518272,15.263062910160386],[145.78469412647837,15.262979745822747],[145.78429716589972,15.262519008373317],[145.78281766531245,15.261593673526136],[145.78259036700126,15.260758872008978],[145.78250325498902,15.25915172995417],[145.78231569659852,15.258292014225674],[145.78204743020103,15.257811275226686],[145.78187443434228,15.257355099534266],[145.78138308048585,15.256587671657996],[145.78123894651208,15.256463802411929],[145.78110753282226,15.256235714565719],[145.78034221037217,15.255563732680287],[145.780255887895,15.255470392115512],[145.78006929449134,15.255297747161364],[145.77972374140427,15.254924735806583],[145.77939731260597,15.25462225623204],[145.77926774116395,15.25448224538485],[145.7786433068219,15.253903604064021],[145.77736724304816,15.253004236140953],[145.77701844409557,15.252778955529891],[145.77675245857642,15.252595783444235],[145.77638620213122,15.252423138489746],[145.7757396608131,15.252081006720402],[145.77495231911303,15.251790808799058],[145.774058302482,15.251449729743058],[145.77171838435765,15.250892493589106],[145.7714523988385,15.250799153024502],[145.7709064793513,15.250626508070184],[145.7703744205868,15.250439826940408],[145.76985315213187,15.250274901882449],[145.7694236451723,15.250047515844983],[145.7692497720525,15.249498350492331],[145.76920740034882,15.249361146879949],[145.76903256224216,15.248873740697718],[145.76898027748962,15.248150877677404],[145.76889044596862,15.248150877677404],[145.76889044596862,15.248061046156522],[145.76880061444785,15.247881383114361],[145.76871078292663,15.247881383114361],[145.76871078292663,15.24779155159331],[145.76830987467406,15.247563463747099],[145.76741164719022,15.247175012599769],[145.76714206490112,15.247024474621242],[145.76665378145788,15.24687779659098],[145.7659742551283,15.246395653974673],[145.76564405410784,15.24618897129534],[145.76547684817126,15.245994921173747],[145.76499654780275,15.245801572861296],[145.7649378590454,15.245725426611102],[145.76470994665135,15.2456840198941],[145.7644471192716,15.245587170285603],[145.7641709575255,15.245504356852337],[145.76296489917547,15.244937295375962],[145.7614415355407,15.244782195640425],[145.7610751036433,15.244647448359046],[145.76098527212218,15.244647448359046],[145.76098527212218,15.244557616838108],[145.760656123815,15.244527439061585],[145.7605361145172,15.244467785317056],[145.7595113860051,15.244175131065106],[145.75941822089248,15.244058630811594],[145.7593683047446,15.24401862771208],[145.75923101340618,15.243976168282359],[145.7582477793369,15.243826683016948],[145.75570600346873,15.243627720234144],[145.75483435699175,15.243072940411196],[145.75438011127335,15.242808358509535],[145.7538719140067,15.242494299090538],[145.7536050512265,15.24219567946409],[145.75346258404886,15.240978743078472],[145.75252040579153,15.24024394930899],[145.752361446108,15.240066040789088],[145.7522716145868,15.240066040789088],[145.7522716145868,15.239976209268036],[145.7521817830659,15.239976209268036],[145.75209195154503,15.239976209268036],[145.75209195154503,15.239886377746927],[145.75200212002392,15.239886377746927],[145.75200212002392,15.239796546225875],[145.75191228850304,15.239796546225875],[145.75191228850304,15.239706714704994],[145.75173262546093,15.239616883184283],[145.75164279394005,15.239616883184283],[145.75164279394005,15.23952705166306],[145.7514099688848,15.239490206703238],[145.75119363633507,15.23934738862107],[145.7511038048142,15.23934738862107],[145.7511038048142,15.239257557100188],[145.75082273040687,15.23917930542359],[145.75024803676024,15.238953323003614],[145.75020548960424,15.238898231016094],[145.75005600433883,15.238868053239742],[145.74993599504137,15.238808399495213],[145.74952596327478,15.23858943516268],[145.74944771159835,15.238488374701888],[145.74873906020514,15.237953245524125],[145.74853781654394,15.23787078299489],[145.74849869070556,15.23782025276438],[145.74840885918468,15.23782025276438],[145.74840885918468,15.237730421243668],[145.7481983165576,15.237676381969095],[145.74804953310093,15.237460926680455],[145.7479597015797,15.237460926680455],[145.7479597015797,15.237371095159403],[145.7477800385377,15.237371095159403],[145.7477800385377,15.237281263638693],[145.74758107575497,15.237241260539179],[145.74751054397484,15.237101600596588],[145.7472245569062,15.237028261581372],[145.74715121789097,15.236921937554598],[145.74700603120414,15.236809999057755],[145.74706138636986,15.236472779949622],[145.74706138636986,15.236113453865698],[145.74697155484887,15.236113453865698],[145.74697155484887,15.236023622344646],[145.74687075756617,15.235705352073182],[145.74656555848276,15.235261808938333],[145.7459402468795,15.234270153163777],[145.74580032375843,15.234140669447925],[145.74558434211326,15.23390731803596],[145.74539774870993,15.233734673081813],[145.74490542986632,15.233059182152488],[145.74387061285324,15.232477031787766],[145.74382745161472,15.232430361505408],[145.74326468871698,15.232372813187453],[145.74265964184178,15.231981203900602],[145.74209556305277,15.231885407004995],[145.74203082119504,15.231801540858442],[145.7409710022447,15.231931375478837],[145.74082221878803,15.231752414245477],[145.7401796251445,15.231579769291102],[145.7391970051575,15.23149134138771],[145.73900909586268,15.231383613743333],[145.73902979922093,15.231180791012434],[145.7397000265845,15.231032007555768],[145.7396452855014,15.230495123856315],[145.7399239035783,15.230413363135995],[145.74000548884658,15.230327391563037],[145.7393766681995,15.230233700093834],[145.73897409315077,15.230121059788416],[145.73911699895928,15.229871566774989],[145.74038964141505,15.229783489775969],[145.7401842746276,15.229694360063604],[145.74021418922587,15.229401354907282],[145.740093127215,15.228968338903826],[145.739637390153,15.22833495650002],[145.73968686767034,15.22784895393545],[145.73963765333133,15.227365758605629],[145.73931894442921,15.226809224260819],[145.73854993748307,15.226219003095537],[145.7379760333713,15.225891258406023],[145.73755714126912,15.225934068739946],[145.737314227713,15.226836945706737],[145.73721343042996,15.226382173631805],[145.7368294533137,15.226281113170671],[145.73668996882293,15.22690993381758],[145.7365918910491,15.226991343633358],[145.73651030578094,15.227269259901504],[145.7362104579894,15.227350669717282],[145.73610194081016,15.22722013328854],[145.73601210928905,15.22722013328854],[145.7355629516843,15.22722013328854],[145.7355629516843,15.227130301767431],[145.7353832886423,15.227130301767431],[145.73479683969902,15.226818347774667],[145.7339934441237,15.226184614466717],[145.7329659083764,15.22546455868104],[145.73268834301268,15.225154008305935],[145.73259851149191,15.225154008305935],[145.73259851149191,15.225064176785054],[145.73245271072244,15.22501785740684],[145.73226883682787,15.224819596432837],[145.73229761098685,15.224094978890491],[145.73188161384576,15.223826537040793],[145.73172905816716,15.22334439442426],[145.73098803584503,15.222658025459225],[145.73055361622403,15.222453097301923],[145.73021973070763,15.221994114374354],[145.73049791015387,15.221316518018796],[145.7306688883125,15.22115826014408],[145.73148526734985,15.220277139248708],[145.73147245934013,15.21995360541149],[145.73066537926877,15.219361629724347],[145.7303095622285,15.219088626117639],[145.730034891826,15.218959142401957],[145.72950107853967,15.218549636991781],[145.72922640813715,15.2184201532761],[145.72884857184727,15.218220137780008],[145.7284662615266,15.218147149669164],[145.7283764300057,15.218147149669164],[145.72805701929485,15.218107146570048],[145.72752803094363,15.218007489726347],[145.7269790410429,15.217927483528058],[145.72652207581586,15.217562192069636],[145.72568148437608,15.217518329022596],[145.7255018213341,15.217518329022596],[145.72505266372946,15.217518329022596],[145.72496283220823,15.217697992064359],[145.72496283220823,15.21778782358524],[145.72478316916624,15.21778782358524],[145.7247529913899,15.21793730885065],[145.72469333764525,15.218057318148283],[145.72460280431574,15.218236279381472],[145.72442384308238,15.218326812711155],[145.72433401156127,15.218326812711155],[145.72433401156127,15.218057318148283],[145.7242441800404,15.218057318148283],[145.7242441800404,15.217967486627401],[145.72418101725214,15.217604300595212],[145.72377712631226,15.216939336797225],[145.721678981305,15.217019342995684],[145.72141948751698,15.217118999839215],[145.7212797398479,15.217159002938502],[145.72104937112329,15.217288135749982],[145.72055933315823,15.217651321782],[145.72047125615904,15.217967486627401],[145.72056108768004,15.217967486627401],[145.72056108768004,15.218236981190216],[145.72047125615904,15.218236981190216],[145.72047125615904,15.218416644232377],[145.72056108768004,15.218416644232377],[145.72083058224325,15.218416644232377],[145.72092041376402,15.218416644232377],[145.72092041376402,15.218506475753259],[145.72101024528502,15.218506475753259],[145.72101024528502,15.218416644232377],[145.721369571369,15.218416644232377],[145.721369571369,15.218506475753259],[145.72145940288988,15.218506475753259],[145.72145940288988,15.218686138795022],[145.72163906593198,15.218686138795022],[145.72163906593198,15.21877597031613],[145.72197558323114,15.218798779101007],[145.72202120080044,15.21906651914179],[145.7217080186424,15.219381631273961],[145.721369571369,15.21940479096321],[145.72106095096774,15.21945532119355],[145.72074075072203,15.219494622483921],[145.7202915931174,15.219494622483921],[145.7202915931174,15.21940479096321],[145.7201119300753,15.21940479096321],[145.7201119300753,15.219494622483921],[145.7197526039912,15.219494622483921],[145.7197126886183,15.219544450906028],[145.71938169806276,15.21963919508812],[145.71894412030247,15.219584454004973],[145.71890745079486,15.21963744056626],[145.71856093272072,15.219711130485848],[145.71804580509252,15.219584454004973],[145.71795597357163,15.219584454004973],[145.71795597357163,15.219494622483921],[145.71772314851626,15.219367946003217],[145.71750681596666,15.219225127921106],[145.71739373703053,15.219356366158593],[145.71732715292467,15.219135296399998],[145.7168305355027,15.218374184802258],[145.71674579209503,15.218189609099284],[145.71651682698803,15.217861864409201],[145.71603722842826,15.216979339896398],[145.71585703902952,15.216135765769764],[145.7157576453642,15.21486584282269],[145.7156203540262,15.21410473122512],[145.7156203540262,15.214014899704011],[145.71566570841708,15.211466983009359],[145.71575422404658,15.209118029097453],[145.7158458100895,15.208850639960815],[145.71593485207586,15.207940394002208],[145.7162849669196,15.206917507737614],[145.71636313087015,15.203087737347062],[145.7160927590462,15.202421019027213],[145.71625242053858,15.202111170460682],[145.71638479921535,15.200945466114263],[145.7164829647154,15.200041887338728],[145.7166965777559,15.199819764866845],[145.71691957748874,15.199605362291493],[145.71710169686128,15.198895131828806],[145.71700353136134,15.196671450779888],[145.71669201599912,15.19412248137212],[145.7162913709244,15.19295221526869],[145.71610337390348,15.192180927444156],[145.71567755143974,15.190936620516595],[145.7154847294837,15.189806357512339],[145.71531261088592,15.188748731714554],[145.7151325969396,15.188046572052599],[145.71497626903874,15.187245808260116],[145.71476783183778,15.1863906542888],[145.71443973624343,15.185257233145194],[145.71431691971088,15.184416466253538],[145.7141084825099,15.182835291122444],[145.71395934814882,15.18252789888669],[145.7138676743798,15.18243982188767],[145.71387135887608,15.182260158845509],[145.71372345268014,15.182118042572142],[145.7135521236172,15.181065680339941],[145.71332877298005,15.180194384767333],[145.7131586720824,15.178976044764227],[145.7129941856549,15.178301255643646],[145.71267810853556,15.17723871718448],[145.71225254925014,15.176060029375776],[145.71200051218023,15.175438928625397],[145.71116650019758,15.173234898222063],[145.710947360413,15.172379744250577],[145.71081524491456,15.171837947889571],[145.71072365887164,15.171480727232108],[145.71063558187245,15.17111929572178],[145.71036433278766,15.170223085938403],[145.71016844041822,15.169528295268265],[145.70973726666261,15.168334518571555],[145.70937618605706,15.167528140308889],[145.70924407055827,15.167121091229319],[145.70906089847256,15.166585611147184],[145.70868622032197,15.165431135740846],[145.7084886611567,15.165024086661617],[145.7083897938479,15.16492092077408],[145.708298207805,15.164833194679204],[145.7074614763137,15.16355695545343],[145.7062338373446,15.162136143623513],[145.70605557791998,15.161964902286627],[145.70588205570448,15.161607330724621],[145.70459037668604,15.160471102346037],[145.7042557893609,15.160251787109303],[145.70398804931995,15.160070018640909],[145.70347941342277,15.159736659481268],[145.7028184850251,15.15917380885736],[145.70209825378777,15.158552357202439],[145.7009651835483,15.157615091606658],[145.70057445152258,15.156925915406646],[145.70021837130412,15.156456756252055],[145.70017608732655,15.154381858660201],[145.70066252852166,15.15277401479608],[145.7005502391204,15.151997463405792],[145.69985597480695,15.151542340426488],[145.69985132532383,15.151315305293394],[145.70027732323967,15.150264697583054],[145.70057269700055,15.148367006702358],[145.70030425515085,15.147049009855436],[145.7001252939176,15.146595290493622],[145.7000318656269,15.146505809877056],[145.7000355501226,15.146326146835122],[145.69986132609858,15.146158765446557],[145.69949471874884,15.14533975462632],[145.69913714718678,15.144529165511017],[145.6985964035389,15.143363461164483],[145.6984184950188,15.142912198133615],[145.69814794774277,15.142245479813766],[145.69778791985016,15.140578684014258],[145.69769984285097,15.140127420983049],[145.6975200920831,15.139425963129668],[145.69747438678758,15.139005579683896],[145.69734613123717,15.13867923861136],[145.69729472374593,15.138376759036817],[145.69719822504146,15.138293594699178],[145.69675573461973,15.137298780785045],[145.69670827480252,15.137256321355494],[145.69644386835307,15.136802251088966],[145.69593312702966,15.135999732774565],[145.69563003337248,15.13572883459426],[145.69563564784244,15.135634792220515],[145.69546791554944,15.13548460514653],[145.6948269009756,15.134556463064598],[145.69410316069423,15.133573228995147],[145.693753923111,15.133024063642154],[145.69320484548427,15.1323155877011],[145.69281858748923,15.131624656979227],[145.6925301440898,15.130384911808903],[145.6926004126916,15.129207627617859],[145.69293140324703,15.127971391491258],[145.69336915645977,15.126751647870265],[145.69371242866816,15.125152225711645],[145.6938805995917,15.12500203863749],[145.694013329173,15.12336506971019],[145.69388112594845,15.122746074385816],[145.69379796161047,15.122649575681692],[145.69311422442854,15.122255510064576],[145.69240592393976,15.121634058409484],[145.69156603430895,15.121018572128833],[145.69086466418185,15.120705916327324],[145.69042594598216,15.120362030036347],[145.68997678837718,15.120161663635884],[145.69005995271493,15.120002703952252],[145.690108202067,15.11996129723542],[145.69017873384723,15.11982163729266],[145.6903776966301,15.119781634193487],[145.69064719119308,15.119781634193487],[145.69064719119308,15.119691802672776],[145.69082685423507,15.119691802672776],[145.69082685423507,15.119601971151553],[145.69100651727683,15.119601971151553],[145.69109634879783,15.119601971151553],[145.69109634879783,15.119512139630444],[145.69118618031894,15.119512139630444],[145.69127601183982,15.119512139630444],[145.69127601183982,15.119422308109563],[145.69136584336093,15.119422308109563],[145.69149559025482,15.119372479687854],[145.69216844940138,15.119288262636928],[145.69270208723538,15.118974554122076],[145.69343196834348,15.118883318983706],[145.69343196834348,15.118793487462824],[145.69352179986436,15.118793487462824],[145.694270717535,15.118715586690769],[145.6947370694544,15.118571364990942],[145.69503630316365,15.118463988250937],[145.69644641240995,15.118200809966936],[145.69733709544937,15.117398642556736],[145.69779134116777,15.117223892176185],[145.69832427719325,15.116894392964639],[145.69892792045096,15.116662445169993],[145.69997212415615,15.116183109788437],[145.70063814066725,15.115636751670763],[145.70102527592314,15.11551709327756],[145.7014269737109,15.115290058144467],[145.7014269737109,15.115200226623358],[145.7015168052318,15.115200226623358],[145.7016066367529,15.115200226623358],[145.7016066367529,15.115110395102477],[145.70169646827378,15.115110395102477],[145.70169646827378,15.115020563581595],[145.70178629979478,15.115020563581595],[145.70178629979478,15.114930732060714],[145.70187613131588,15.114930732060714],[145.70205579435765,15.114840900539491],[145.70205579435765,15.114751069018382],[145.70214562587876,15.114751069018382],[145.70236195842847,15.114608250936215],[145.70250495196262,15.11457140597662],[145.70250495196262,15.114481574455738],[145.70259478348373,15.114481574455738],[145.70275698903276,15.114271382732682],[145.70367276173545,15.113583259245956],[145.7037331172885,15.113463951756898],[145.70385242477755,15.113403596203852],[145.70385242477755,15.113313764682744],[145.70403208781931,15.113313764682744],[145.70403208781931,15.113223933161862],[145.70412191934042,15.113223933161862],[145.70412191934042,15.11313410164098],[145.7042117508613,15.11313410164098],[145.70427210641458,15.113014794151923],[145.7043914139034,15.112954438598877],[145.70455072449124,15.112748106824256],[145.70493040302915,15.112595112515123],[145.70511927731104,15.112321407099444],[145.7056490551971,15.111966291867986],[145.7060085567332,15.11151748516761],[145.70645753888584,15.111157808179144],[145.70654737040707,15.110978145137153],[145.70654737040707,15.110888313616272],[145.70663720192795,15.110888313616272],[145.70686002620835,15.11048231725016],[145.70702916211917,15.110325813896964],[145.70758499465512,15.109116246503163],[145.7075785906501,15.10895553229767],[145.70762534865878,15.108822188633894],[145.70751025202242,15.10877727287317],[145.70762534865878,15.108732357112672],[145.70762534865878,15.108552694070681],[145.70770579348755,15.108225300285369],[145.70748235512428,15.107527702380082],[145.70744568561668,15.107115389735043],[145.70732207954927,15.107036085345328],[145.70743278988084,15.106642019728213],[145.70753551713756,15.106576400609185],[145.7076060489178,15.106436740666368],[145.70780501170054,15.106396737567081],[145.70785905097512,15.106318485890654],[145.70825416930552,15.106217074525091],[145.70911581500775,15.106180229565325],[145.70933214755723,15.10612724300421],[145.7094396120234,15.106002671949739],[145.71004079895033,15.105871433712082],[145.71105473715306,15.105790023896134],[145.71153635341295,15.105899155158],[145.7117991807927,15.105996004766496],[145.71202709318675,15.106037411483328],[145.71211692470786,15.106037411483328],[145.71211692470786,15.10612724300421],[145.71220675622874,15.10612724300421],[145.71244949433287,15.10607530915604],[145.7135338765895,15.10613987556178],[145.71467457899905,15.106354278137303],[145.71547183374764,15.106478498287402],[145.71589116448047,15.106948008346478],[145.71611188333463,15.107522087910127],[145.71642883771494,15.107923873423942],[145.71651866923582,15.107923873423942],[145.71669833227782,15.107923873423942],[145.71669833227782,15.108013704944824],[145.7167881637988,15.108013704944824],[145.7167881637988,15.107923873423942],[145.71705765836202,15.107923873423942],[145.71723732140367,15.107923873423942],[145.71754918767044,15.107778248106797],[145.71777631052964,15.10783404190289],[145.71777631052964,15.107744210381782],[145.71786614205075,15.107744210381782],[145.71804580509252,15.107744210381782],[145.71804580509252,15.1076543788609],[145.71813563661362,15.1076543788609],[145.71828512187903,15.107624201084548],[145.7184051311766,15.107564547339848],[145.7184949626975,15.107564547339848],[145.71935090620366,15.107522087910127],[145.72002209855418,15.107474715819137],[145.72020176159617,15.107474715819137],[145.72065091920115,15.107474715819137],[145.721189908327,15.107474715819137],[145.7214062408766,15.10742172925768],[145.72163906593198,15.107384884297915],[145.7224475496207,15.107384884297915],[145.72348561249953,15.107344881198742],[145.72410443237152,15.107155392834215],[145.72511108930837,15.107008714803783],[145.72554173670733,15.106885898271173],[145.72631030502293,15.106756063650948],[145.72640013654404,15.106756063650948],[145.72640013654404,15.106666232130067],[145.72648996806493,15.106666232130067],[145.7267594626278,15.106666232130067],[145.7271710734642,15.106628685361557],[145.72759698365417,15.106453584076405],[145.72904279742102,15.106164789772777],[145.72936457673643,15.10612724300421],[145.7293947545129,15.10606758925968],[145.72969372504372,15.106007233706578],[145.73011340668097,15.105798094696866],[145.73035272346726,15.105767916920286],[145.73062221803025,15.105767916920286],[145.73062221803025,15.105678085399234],[145.73071204955113,15.105678085399234],[145.730801881072,15.105678085399234],[145.73083276065745,15.105617028037386],[145.73119138493269,15.105438768613112],[145.7313408701981,15.105408590836419],[145.7313408701981,15.10531875931531],[145.73161036476108,15.10531875931531],[145.7317950281904,15.10525103477022],[145.73232743785923,15.10563316963868],[145.73278554352567,15.106427968056892],[145.73342120680786,15.106478849191774],[145.73417573894847,15.106272517417153],[145.73484429951623,15.106218829046952],[145.73635678511528,15.106340241962414],[145.73794015339854,15.106168649720871],[145.73879688643967,15.10612724300421],[145.7388968064614,15.106002671949739],[145.73933587556553,15.105947579962276],[145.73933587556553,15.105857748441167],[145.7395155386073,15.105857748441167],[145.73960537012852,15.105857748441167],[145.73969178033178,15.105764407876393],[145.74030919658628,15.105568954137539],[145.741193475621,15.105151728831117],[145.7426335871918,15.103968128361203],[145.74336188922985,15.102840321687552],[145.7437999056208,15.10228343643837],[145.7439172831356,15.102174656081047],[145.7439172831356,15.102084824559938],[145.7439172831356,15.101994993038886],[145.74400711465648,15.101994993038886],[145.74400711465648,15.101905161518005],[145.74400711465648,15.101725498476071],[145.7440969461776,15.101725498476071],[145.7440969461776,15.101635666954962],[145.74418677769847,15.101635666954962],[145.74418677769847,15.10154583543408],[145.74418677769847,15.1014560039132],[145.7442766092197,15.1014560039132],[145.74434994823457,15.101349679886312],[145.74468330739455,15.101119486613868],[145.74523940310894,15.10027801791324],[145.74558741252667,15.099532697012648],[145.74571391355516,15.099030552846727],[145.7458333964962,15.098726669654695],[145.74575154804984,15.09817259164032],[145.74580374507627,15.098132237636776],[145.7458711187171,15.097593248511089],[145.74598340811804,15.097503416989866],[145.74598340811804,15.097413585468985],[145.74607323963926,15.097413585468985],[145.74607323963926,15.097233922426994],[145.74613289338345,15.09711391312942],[145.74616307116014,15.0968745963429],[145.74607323963926,15.0968745963429],[145.74607323963926,15.096245775696161],[145.74607323963926,15.09615594417528],[145.74607323963926,15.096066112654228],[145.74625290268102,15.096066112654228],[145.74625290268102,15.095616955049252],[145.7463670343302,15.094744606763527],[145.746588893624,15.093789795948567],[145.7471395503204,15.093086934477867],[145.7475249310545,15.092754628031003],[145.7478770635986,15.09219247921618],[145.7490786479177,15.091982287493124],[145.7497080826472,15.092521276619209],[145.75007407591454,15.09278375309458],[145.75059113351654,15.093609431097889],[145.75084562691734,15.094454759746554],[145.75110757703635,15.094824262057443],[145.75129355635704,15.094984274454191],[145.751414881546,15.095413781413981],[145.751235218504,15.095568530244975],[145.75119363633507,15.09615594417528],[145.75128346785607,15.09615594417528],[145.75128346785607,15.096245775696161],[145.751414881546,15.096563695063253],[145.75152708322116,15.096660193767605],[145.7517730671907,15.097211464546831],[145.751594544588,15.097365160664879],[145.75145427056248,15.097679570988078],[145.75163542494806,15.09851051255714],[145.7514776934297,15.098646312551864],[145.75200062868032,15.098973706337176],[145.75231468809955,15.09980148976689],[145.75240443189432,15.101166156896227],[145.75258935850184,15.101497410629861],[145.75263094067088,15.101815329997294],[145.75263094067088,15.101905161518005],[145.75254110914977,15.101905161518005],[145.75254110914977,15.102084824559938],[145.7522716145868,15.102084824559938],[145.752038263175,15.102397480361503],[145.75213107738318,15.102943838479518],[145.7521817830659,15.10298313976972],[145.7522716145868,15.10298313976972],[145.7522716145868,15.103072971290828],[145.75237460502217,15.103149468445395],[145.75251286134733,15.103335447766199],[145.75248750850608,15.103482827605376],[145.7527577048778,15.10359020434521],[145.7525794454532,15.104189198119798],[145.75254110914977,15.10460010714769],[145.75247206871336,15.105020490593233],[145.7525928675458,15.105541934500309],[145.7525793577271,15.10563316963868],[145.75260593873384,15.10581283268101],[145.75257900682288,15.10599495205338],[145.752753318573,15.106438495188229],[145.75298579272385,15.106752203702854],[145.75340029852157,15.10692169051788],[145.75372760458094,15.107345933911859],[145.7539283218856,15.107836147329124],[145.75482225079054,15.108321798989493],[145.75487672869542,15.108642525591733],[145.7549665602163,15.108642525591733],[145.7549665602163,15.108732357112672],[145.75505042636303,15.108796923518355],[145.7551462232584,15.109361177759752],[145.7552058770027,15.109481187057213],[145.7552360547793,15.109630672322396],[145.7553258863004,15.109630672322396],[145.7553258863004,15.109720503843505],[145.75555379869456,15.110211068165086],[145.7556369630322,15.110487580815743],[145.755839698037,15.110969021623305],[145.7562207801925,15.111297117217589],[145.7564369372899,15.112015067576635],[145.75653527824215,15.11313094350163],[145.75611489479604,15.114129266459258],[145.75618647928945,15.115020563581595],[145.75609980590787,15.116099945450628],[145.75627245086218,15.116409443112786],[145.75635561520005,15.116685955763444],[145.75645211390417,15.116948432238871],[145.75662432022807,15.117520757280602],[145.7567859116948,15.118755238885342],[145.7569280279679,15.119406868317014],[145.75687521685916,15.120064463123015],[145.75694285367797,15.120500286361334],[145.75690399101802,15.121031906495375],[145.75653869955966,15.12128420674378],[145.756493696073,15.121218938529296],[145.7564340423288,15.121249116305876],[145.75637368677553,15.12154808683647],[145.756314033031,15.121668096134101],[145.75625999375666,15.1218786387617],[145.75604453846836,15.122027422218196],[145.75604453846836,15.122117253739077],[145.75604453846836,15.122207085259959],[145.75595470694714,15.122207085259959],[145.75595470694714,15.122386748301949],[145.75595470694714,15.122476579823172],[145.75586487542625,15.122476579823172],[145.75581171341275,15.122513424782767],[145.75573837439777,15.122619397905169],[145.755632050371,15.122693087824757],[145.75553063900531,15.122963986005232],[145.75502349445173,15.123314188575478],[145.75478689717454,15.123374895032782],[145.753891652378,15.123319101236689],[145.75366277499677,15.123332786507376],[145.75312755809307,15.123237691420911],[145.752243717689,15.123152772561241],[145.75175675013702,15.123530345672862],[145.75132759408166,15.123727203029205],[145.75081018557523,15.12388686452141],[145.7502320706111,15.124201274845007],[145.74971562709152,15.124562004546362],[145.74928304971866,15.12469534821031],[145.74881564508576,15.124949402980633],[145.74867835374755,15.124991862410525],[145.74867835374755,15.125081693931406],[145.74849869070556,15.125081693931406],[145.74842815892566,15.125221353874224],[145.7482291961427,15.125261356973397],[145.7482291961427,15.1254410200155],[145.7481091868451,15.125680336801793],[145.74804953310093,15.125710514578373],[145.74798917754765,15.125829822067033],[145.7478102163143,15.125920355396829],[145.74774986076136,15.126039662885717],[145.74769020701683,15.12606984066224],[145.74769020701683,15.1262495037044],[145.74760037549595,15.1262495037044],[145.74757019771926,15.126398988969811],[145.74739193829475,15.12675761324482],[145.74733088093296,15.126788492830258],[145.74712104011428,15.12720747265854],[145.74706138636986,15.127237650435234],[145.74697155484887,15.127237650435234],[145.74693488534126,15.12729063699635],[145.74668012876225,15.12746679099456],[145.74623641017536,15.127580484013095],[145.74598340811804,15.12768680804021],[145.7458366423616,15.12789945609353],[145.74562408203428,15.128046134123963],[145.74562408203428,15.128135965645015],[145.74562408203428,15.128225797165896],[145.74553425051317,15.128225797165896],[145.74553425051317,15.128315628686778],[145.74553425051317,15.12840546020783],[145.74544441899218,15.12840546020783],[145.74544441899218,15.12858512324999],[145.7453545874713,15.12858512324999],[145.7453545874713,15.128674954770872],[145.7451749244293,15.129034280854967],[145.74505491513173,15.129273597641259],[145.74499526138732,15.129303775417611],[145.74482770454642,15.130303501992955],[145.74454610378234,15.130381753669383],[145.74414686232558,15.130880739696067],[145.74396386569174,15.1310274177265],[145.7439172831356,15.131190237358226],[145.7439172831356,15.131280068879335],[145.74382745161472,15.131280068879335],[145.74382745161472,15.131369900400216],[145.74382745161472,15.131459731921439],[145.7437376200935,15.131459731921439],[145.7437376200935,15.13154956344215],[145.7437376200935,15.131639394963202],[145.74364778857262,15.131639394963202],[145.74364778857262,15.131729226484083],[145.7435579570515,15.131729226484083],[145.74342821015762,15.13195871794801],[145.74308239389222,15.13243208795518],[145.7428991340804,15.132866858480384],[145.7424571700151,15.133618846564275],[145.74233163397378,15.134622433087827],[145.74208573773012,15.135040711107138],[145.7419909058218,15.135372315745485],[145.74194098967394,15.135502150365312],[145.74194098967394,15.13559198188642],[145.74185115815305,15.13559198188642],[145.74179238166948,15.13628045627786],[145.74126470920976,15.137251408693942],[145.7411556656741,15.137488970958543],[145.7412223375061,15.137927601432011],[145.7413459435735,15.138006905821555],[145.7412041782045,15.138511506318366],[145.7412804999069,15.138783106307642],[145.7412223375061,15.138915748163015],[145.7412223375061,15.139095411204778],[145.7411325059851,15.139095411204778],[145.7411325059851,15.13918524272566],[145.7411325059851,15.139275074246768],[145.7412639196749,15.139772656655964],[145.74136041837926,15.14003513313122],[145.7414435827169,15.140670971865745],[145.74194098967394,15.141251367708264],[145.74203082119504,15.141251367708264],[145.74203082119504,15.141341199229487],[145.74212065271593,15.141341199229487],[145.74212065271593,15.14152086227125],[145.74223996020476,15.141581217824353],[145.7423003157578,15.14170052531324],[145.7423901472789,15.14170052531324],[145.7423901472789,15.141790356834463],[145.7423901472789,15.141880188355174],[145.7424799787998,15.141880188355174],[145.7424799787998,15.141970019876055],[145.7424799787998,15.142149682918216],[145.7425698103209,15.142149682918216],[145.7425698103209,15.142419177481031],[145.74248041743022,15.142598840523021],[145.7428393048839,15.143317492690983],[145.74292913640477,15.143317492690983],[145.74292913640477,15.143407324211864],[145.74292913640477,15.143497155732746],[145.74301896792565,15.143497155732746],[145.74301896792565,15.143586987253855],[145.74310879944676,15.143586987253855],[145.74310879944676,15.143676818775077],[145.74325828471217,15.143976491114472],[145.74328846248864,15.144215807900764],[145.74337829400974,15.144215807900764],[145.74337829400974,15.144305639421646],[145.74337829400974,15.144485302463636],[145.74346812553063,15.144485302463636],[145.74346812553063,15.144575133984858],[145.74346812553063,15.14466496550574],[145.7435579570515,15.14466496550574],[145.7435579570515,15.144754797026621],[145.74370779322135,15.14505341665307],[145.74400641284774,15.145204656440342],[145.7440969461776,15.145383617673588],[145.74418677769847,15.145383617673588],[145.74418677769847,15.14547344919447],[145.74432626218925,15.145543980974708],[145.74436644074058,15.145742943757455],[145.74445627226146,15.145742943757455],[145.74445627226146,15.145832775278336],[145.74445627226146,15.145922606799445],[145.74454610378234,15.145922606799445],[145.74454610378234,15.146012438320497],[145.74454610378234,15.146461595925473],[145.74493973076937,15.14657423623089],[145.74503517676044,15.14723007651503],[145.74518483747818,15.14748483309387],[145.7453713431554,15.148346654248598],[145.74553425051317,15.14870738394984],[145.74592743886978,15.149022145177923],[145.74620298653338,15.149475864539738],[145.74654231106751,15.149900107933547],[145.74671530692626,15.150505417987006],[145.74661222876512,15.15077350893256],[145.746702060286,15.15077350893256],[145.746702060286,15.151043003495431],[145.74676259129126,15.15109914819601],[145.7467383788894,15.151708318197564],[145.74692839361035,15.151984479943849],[145.7471943791295,15.152437146592547],[145.7473878151684,15.152718221000214],[145.74774854486998,15.152888409623756],[145.74791303129746,15.153065967239286],[145.7486270339822,15.153727421993551],[145.74867835374755,15.15463626433467],[145.7489046870719,15.155487909262035],[145.74894784831054,15.155804074107493],[145.74903767983176,15.155804074107493],[145.74903767983176,15.156073568670308],[145.74912751135253,15.156073568670308],[145.74912751135253,15.156253231712299],[145.7492173428734,15.156253231712299],[145.7492173428734,15.156432894754403],[145.7492173428734,15.156522726275284],[145.7493071743944,15.156522726275284],[145.7493071743944,15.156702389317275],[145.7493071743944,15.15697188388026],[145.7492173428734,15.15697188388026],[145.7492173428734,15.157061715401142],[145.7493071743944,15.157061715401142],[145.7493071743944,15.15715154692225],[145.7493479670286,15.158009157224285],[145.74961404027385,15.158633416114014],[145.7498053708863,15.158899050728792],[145.7498461635205,15.159038008862865],[145.7502044368913,15.159217671904969],[145.75029532112546,15.159397334946732],[145.7505750796414,15.15965665328298],[145.75119144318273,15.160321617080626],[145.75150629213658,15.16043215195998],[145.7518305277829,15.160534616038603],[145.75302044453133,15.16102342583855],[145.75464881630137,15.161411526081338],[145.75474022689195,15.161510130211695],[145.75582171418773,15.161596452688855],[145.75657422862798,15.161793660949797],[145.75765896178905,15.161982447505636],[145.75838015801378,15.161954024250917],[145.7587583452081,15.161969113139264],[145.75922381986652,15.161805942602996],[145.75935970758735,15.162517927587771],[145.75964797553445,15.162829179771961],[145.76018573649503,15.163199032987052],[145.7610130812942,15.163514846928251],[145.76273874130345,15.16339659215231],[145.7639347111525,15.163046389582291],[145.76462169420017,15.162943925503612],[145.7657076555265,15.162795492951318],[145.76763648917097,15.161902441307348],[145.76776930647816,15.161779624774908],[145.7679022992379,15.16155329145056],[145.76794361822863,15.16130976381146],[145.7682500454772,15.160912890958969],[145.76835145684288,15.16083463928237],[145.768434094824,15.160401974183458],[145.76938276481224,15.159350664664373],[145.76995903752834,15.158897647111303],[145.77054601282805,15.157938976348419],[145.7705776819481,15.157139967077569],[145.77032775030443,15.156073568670308],[145.77023791878332,15.156073568670308],[145.77023791878332,15.155983737149427],[145.77015545625443,15.155605813133434],[145.77036933247325,15.155486154740174],[145.77122088967485,15.1551633227117],[145.7720420936471,15.15452783488189],[145.77245177450948,15.153609869026582],[145.77264766687892,15.153382482989116],[145.77297444658166,15.153150535194584],[145.7734210601301,15.152870864404974],[145.77368283479655,15.152645583793742],[145.7739428549412,15.152230463913384],[145.77490801743534,15.151627961094903],[145.77535831547948,15.151581992621288],[145.77544814700036,15.151581992621288],[145.77544814700036,15.151671824142511],[145.77562781004235,15.151671824142511],[145.7764362937312,15.151671824142511],[145.77652612525208,15.151671824142511],[145.77666903106035,15.151557429314664],[145.77662604527404,15.151211788501826],[145.77715775313402,15.150823337354325],[145.77756418813078,15.150903343552613],[145.7781500229912,15.151156345609763],[145.7792700220424,15.151296005552751],[145.77950512797622,15.151002649491886],[145.77998963919742,15.150823337354325],[145.78042879602742,15.15054401746886],[145.78119736434314,15.150504014369517],[145.78155011097,15.15054717560821],[145.78204936017505,15.150917379728014],[145.7820956795531,15.151402329579298],[145.7821258573298,15.151551814844709],[145.78218551107398,15.151671824142511],[145.7822753425952,15.151671824142511],[145.7822753425952,15.151761655663222],[145.7823458743751,15.15190131560621],[145.78254483715807,15.151941318705155],[145.7828426672495,15.15205852076781],[145.78322436348765,15.151902017414955],[145.78349412122896,15.151739548687601],[145.78389230997277,15.151671824142511],[145.783965648988,15.151565500115396],[145.78425163605652,15.15149216110018],[145.78434181848195,15.151391100639216],[145.7847814139426,15.151270038628525],[145.7855147163683,15.15153321691264],[145.7862370530321,15.151339868599791],[145.7866270832494,15.151127922355101],[145.7870888734118,15.150915976110355],[145.78776532932795,15.150548228321327],[145.7892505321115,15.150461554939795],[145.78921482759108,15.151060899618926],[145.78905507837237,15.151354957488195],[145.78897033496492,15.15153953319151],[145.78880786623756,15.151684807604283],[145.78874321210571,15.152031150226264],[145.78904569168026,15.152076416890964],[145.78885936145525,15.152348367784782],[145.78865338058472,15.15248030783107],[145.7884024839541,15.153163518656754],[145.7885588118546,15.153734440080996],[145.7883222145772,15.154068150145406],[145.7883466024316,15.154372033337438],[145.7887824256701,15.154747501022825],[145.78887462579564,15.154954183701932],[145.78906095602088,15.15521666017753],[145.78914412035851,15.155403341306737],[145.78935053985936,15.155694241036826],[145.7898739137405,15.155927943353163],[145.79048878593824,15.156039881850234],[145.7910976050356,15.155991106141414],[145.79129972595774,15.156225510266324],[145.79134832621435,15.156702389317275],[145.79134832621435,15.156792220838497],[145.79125849469324,15.156792220838497],[145.79119243694402,15.157587019256312],[145.7914864070873,15.158001437327925],[145.7915825548871,15.158528846609329],[145.7918690683125,15.158932737549208],[145.79171265268553,15.159358735465275],[145.79196109298573,15.159948605725845],[145.79165510436746,15.160380218111811],[145.79167352684738,15.160610060480053],[145.79165194622806,15.160879555043095],[145.79167352684738,15.161149049605967],[145.79165913976772,15.161328712648071],[145.79166993007755,15.161463459929337],[145.7916526480367,15.161679266122349],[145.79179195707513,15.161929110040319],[145.79192889750902,15.16267969450655],[145.79214865137624,15.163201489317657],[145.792474553818,15.163660823149769],[145.79251613598694,15.163799079474927],[145.7926907109154,15.163848907896636],[145.79341445119678,15.164427900121837],[145.79378763800366,15.164470359551615],[145.7941615266193,15.164713887190715],[145.794455759941,15.164824071165356],[145.7944924294486,15.164877057726812],[145.79458226096972,15.164877057726812],[145.79476192401148,15.164877057726812],[145.79476192401148,15.164966889247694],[145.7948517555326,15.164966889247694],[145.79507379027837,15.165104092859906],[145.79589218701574,15.165561672169815],[145.79587420316636,15.165863449935614],[145.79655855443139,15.165955035978357],[145.79664838595215,15.165955035978357],[145.79664838595215,15.166044867499409],[145.79678813362102,15.166084870598752],[145.79727062714187,15.166368401336683],[145.79740695349312,15.166768081424266],[145.79691788051514,15.166853351188308],[145.79686735028463,15.166909846793487],[145.79633143157207,15.16707547366019],[145.79606702512262,15.167170217842283],[145.79534319711513,15.167393743931655],[145.79453988926605,15.167978701531183],[145.79435513811052,15.168063620390853],[145.79384044911296,15.168422946474948],[145.79338997561638,15.169131422415603],[145.79237884464885,15.169500924726492],[145.7921416332888,15.16962970663377],[145.79189687748453,15.170014648737208],[145.79161782077722,15.170177117464561],[145.79161782077722,15.170266948985613],[145.7915279892561,15.170266948985613],[145.79147140592522,15.170358885932956],[145.79106944495936,15.170495738640568],[145.79098900013025,15.170626275069537],[145.79098900013025,15.170716106590419],[145.79089916860937,15.170716106590419],[145.79089916860937,15.170805938111528],[145.79079644135243,15.170934369114207],[145.79043378167682,15.171087012518967],[145.7899609380264,15.171484587180203],[145.78923570640143,15.171575471414542],[145.7886134652116,15.17184391326407],[145.78847371754273,15.171883916363413],[145.78847371754273,15.171973747884294],[145.78838388602185,15.171973747884294],[145.78832353046892,15.172093055373182],[145.78820422297986,15.172153410926228],[145.78820422297986,15.17242290548927],[145.7880245599381,15.17242290548927],[145.78793472841687,15.17242290548927],[145.7878892862998,15.172581865172901],[145.7870664155314,15.173081903912589],[145.78690666631292,15.173281217599708],[145.78677577897963,15.173386138009334],[145.78643627899328,15.173944777780207],[145.7863177610393,15.174039872866842],[145.78626679217814,15.174200937976764],[145.78537523187765,15.175885629899767],[145.78532961430847,15.175836503286405],[145.78523978278736,15.175836503286405],[145.78523978278736,15.176016166328566],[145.78514995126648,15.176016166328566],[145.78514995126648,15.176105997849618],[145.78510836909766,15.176154422653667],[145.78499309700908,15.176253728593167],[145.78474904301356,15.177591726989533],[145.78462113836758,15.177939824133318],[145.7843757684807,15.179285191521842],[145.7846321041294,15.179744876257985],[145.78476228965383,15.181020413675185],[145.78474211265222,15.181271310305931],[145.78475290296183,15.181406057587537],[145.7847358840994,15.181618354736827],[145.78443129909851,15.182304372797319],[145.78443129909851,15.1823942043182],[145.78434146757775,15.1823942043182],[145.78420496577417,15.182437365557064],[145.78393898025502,15.18262053764255],[145.7837558081693,15.182706860119708],[145.78329849203772,15.182986881814088],[145.782005848032,15.182933193444057],[145.7819160165111,15.182933193444057],[145.7818793470035,15.182986180005344],[145.78155669042724,15.18320268800727],[145.7815151082582,15.183340944332599],[145.78115648398307,15.184148726212356],[145.7810592834703,15.184232241454595],[145.78086593515752,15.184665608362423],[145.7804787121753,15.184999318426662],[145.7804787121753,15.185089149947885],[145.78043958633702,15.185229511699447],[145.78024123763691,15.185734112195917],[145.78002955457066,15.185897633636614],[145.78002955457066,15.185987465157666],[145.77993972304944,15.185987465157666],[145.77975321737222,15.186639796397685],[145.77967022848657,15.186706117325286],[145.77964741970186,15.186862971582684],[145.7794235427083,15.187088252193917],[145.77940073392358,15.187245106451371],[145.77935590588913,15.187685140542271],[145.77859225023485,15.188323084703256],[145.77859225023485,15.188412916224138],[145.77841258719275,15.188772242308232],[145.77841258719275,15.188862073829114],[145.77832275567187,15.188862073829114],[145.77818221846826,15.189081038161476],[145.778053261109,15.189401062954971],[145.77817221769328,15.189492999902086],[145.77830749133125,15.190289201937958],[145.77818221846826,15.190608174018166],[145.77808773746426,15.190947498552362],[145.7781360745422,15.19127419052927],[145.7786356746518,15.191659834441452],[145.77868208175573,15.191826514021272],[145.77865190397915,15.192155662328844],[145.77859225023485,15.192275671626248],[145.77859225023485,15.1923655031473],[145.77850241871374,15.1923655031473],[145.77855593163144,15.192809748090895],[145.77850241871374,15.19335364987819],[145.77850241871374,15.193443481399072],[145.77841258719275,15.193443481399072],[145.77841258719275,15.193712975962057],[145.77823292415076,15.193712975962057],[145.77823292415076,15.193802807482939],[145.77814309262988,15.193802807482939],[145.77814309262988,15.193892639004048],[145.77796342958777,15.193892639004048],[145.77773306086328,15.1940217718153],[145.77765480918686,15.194122832276491],[145.77754594110309,15.194207049327588],[145.77765480918686,15.194291266378514],[145.77773306086328,15.194571989881467],[145.7780141352706,15.195279413109176],[145.7781069494788,15.195612421364615],[145.77853856186482,15.195945780524823],[145.77869410023084,15.196504069391324],[145.7791703651991,15.196907609427058],[145.7793109024027,15.196946910717429],[145.77940073392358,15.196946910717429],[145.77940073392358,15.19703674223831],[145.7799648127126,15.197132539133747],[145.7800686804087,15.197266935510925],[145.78068381578476,15.197491514313242],[145.78132360219354,15.19833929929257],[145.7814161532234,15.198883902888724],[145.78151756458897,15.199052336990405],[145.7816232745331,15.199674841358444],[145.781594500374,15.19986924238458],[145.78191829738955,15.20058017465584],[145.78182513227694,15.201210749824668],[145.78164652194812,15.201348655245624],[145.78164652194812,15.201528318287728],[145.78155669042724,15.201528318287728],[145.78155669042724,15.20161814980844],[145.78146685890613,15.20161814980844],[145.7814190481845,15.201673592700502],[145.78123105116356,15.201658503811984],[145.78124780684766,15.201866239204207],[145.7814252767373,15.202018882609138],[145.78189820811383,15.202568047962018],[145.78219437140956,15.20323160814229],[145.7820407630179,15.203936224135248],[145.7819160165111,15.204043600874911],[145.7819160165111,15.204133432395963],[145.78182618499022,15.204133432395963],[145.78179600721353,15.204193086140322],[145.78155669042724,15.204313095438124],[145.78151651187568,15.2045120582207],[145.78137702738525,15.204582590000939],[145.78137702738525,15.204672421521877],[145.78128719586414,15.204672421521877],[145.78128719586414,15.2047622530431],[145.78128719586414,15.204852084563981],[145.78119736434314,15.204852084563981],[145.78119736434314,15.204941916084863],[145.78110753282226,15.204941916084863],[145.78110753282226,15.205031747605744],[145.7810177013015,15.205031747605744],[145.78085602210865,15.205312120204496],[145.7804512539078,15.20556582407039],[145.7803472984856,15.20579882457804],[145.7802240433224,15.206019543432205],[145.78007113673948,15.206151132574291],[145.77990480806386,15.206524143929073],[145.77968505419665,15.206917858641987],[145.7795321476134,15.207049447784073],[145.77942222681668,15.207177176978234],[145.77926932023365,15.207685286518654],[145.77917282152953,15.207857931473143],[145.778910257328,15.20873027975864],[145.77877191327661,15.20925382909195],[145.77877191327661,15.209343660613058],[145.77877191327661,15.20943349213394],[145.77868208175573,15.20943349213394],[145.77868208175573,15.209523323655162],[145.77859225023485,15.209523323655162],[145.77851048951447,15.209890369635445],[145.77900061520563,15.210103017688766],[145.77917203199468,15.210201270915093],[145.77945398366296,15.21032338563856],[145.77982708274385,15.210537086405338],[145.78012894823587,15.2109006233419],[145.78043791954133,15.2110911644196],[145.7805195048095,15.211189417645755],[145.78103814148153,15.21150944243908],[145.7813883440516,15.212316873415034],[145.78150765154032,15.212986048065488],[145.78187522387714,15.213247120923029],[145.78204664066618,15.213525037191346],[145.78237710486508,15.213942613401912],[145.7826613374117,15.214597751877307],[145.78239114103997,15.215069718266818],[145.782005848032,15.215182709477006],[145.782005848032,15.215272540997887],[145.7819160165111,15.215272540997887],[145.78187443434228,15.215320965802334],[145.78166792711534,15.21541290274945],[145.78149142221275,15.21561783090658],[145.78161450192363,15.216067690320301],[145.78218551107398,15.21602172184663],[145.78263466867895,15.216057864997708],[145.78298934527993,15.216029090838617],[145.7834918403505,15.215748718239865],[145.78378853000277,15.215772579737916],[145.78420338670446,15.216309112532997],[145.7848867729823,15.216897579176248],[145.78479062518272,15.217338665980492],[145.78479062518272,15.217428497501373],[145.7847007936615,15.217428497501373],[145.7847007936615,15.217518329022596],[145.78461096214062,15.217697992064359],[145.78461096214062,15.21778782358524],[145.7845211306195,15.21778782358524],[145.7845211306195,15.217967486627401],[145.78443129909851,15.217967486627401],[145.78437813708535,15.218196978091271],[145.78470316226617,15.218329970850675],[145.78506011974537,15.21859630727414],[145.78514995126648,15.21859630727414],[145.78514995126648,15.21877597031613],[145.7851915334353,15.21882439512035],[145.7858649189384,15.219404440058838],[145.78572911894366,15.219900618850204],[145.78587009477803,15.220075018326781],[145.78635934320812,15.21989535528462],[145.78684578440334,15.219812541851184],[145.78720274188288,15.220226609018425],[145.78744398864308,15.220434344410535],[145.7874855708119,15.220482769214755],[145.78757540233312,15.220482769214755],[145.787665233854,15.220482769214755],[145.787665233854,15.220572600735807],[145.78778454134272,15.22063295628891],[145.787844896896,15.220752263777968],[145.787844896896,15.220842095298849],[145.78791613048475,15.2208782384497],[145.78784568643084,15.221022460149356],[145.78793472841687,15.221201421382602],[145.78835081328407,15.22125581156132],[145.78906095602088,15.222051311788277],[145.78933799502784,15.222532050787095],[145.7896649501829,15.222813827003336],[145.78977294100537,15.22340580269065],[145.7901237576583,15.223562306043505],[145.7903068420179,15.224060590261502],[145.7903188604928,15.224210777335486],[145.79031166695302,15.224300608856709],[145.7903188604928,15.22439044037759],[145.7903114915008,15.224482377324705],[145.79055089601354,15.225050842418739],[145.78998137820645,15.225716157120758],[145.79040176165233,15.225831253756951],[145.79103724948232,15.225914067190388],[145.79138990838317,15.226190579841216],[145.79169308976645,15.226380419109944],[145.79200539466365,15.226742903333218],[145.79265842771258,15.227305403052583],[145.79264711104656,15.227446817517261],[145.79274448701165,15.22771210122761],[145.7927313280975,15.22787562266808],[145.79297345211876,15.228156697075747],[145.79337822031982,15.228189331182705],[145.79385176577898,15.22763981492551],[145.79430057247941,15.227603671774489],[145.7947068320242,15.227785089338454],[145.7948135946814,15.22790895858418],[145.79562532423574,15.228153188032024],[145.79597131595324,15.228346536344475],[145.79624747769935,15.228429349777969],[145.7968930540303,15.228666561138027],[145.79857046468726,15.228820608160277],[145.7990189204835,15.229341350258608],[145.7992601672438,15.22954908565083],[145.7993849137506,15.229694009159232],[145.79948141245472,15.229776822592669],[145.7995645767926,15.229963503722445],[145.79984758117428,15.230416872179887],[145.79983354499882,15.230591622560269],[145.80037060415066,15.231218688685374],[145.80073238656553,15.232029628704822],[145.80102811123072,15.23228438528389],[145.80146630307354,15.232894607998901],[145.801876948923,15.233077780084386],[145.80220583405207,15.233497812626126],[145.80269499475617,15.23437437176409],[145.8027335942378,15.23485440895439],[145.80261244450116,15.23518425907065],[145.8026343760248,15.2354565608685],[145.80199669504248,15.235949932425058],[145.8021010013689,15.236215567040176],[145.80262551568921,15.236334523624294],[145.8029622961667,15.23657348950644],[145.8034273321947,15.236611036274951],[145.80347558154676,15.236652442991613],[145.803565413068,15.236652442991613],[145.803565413068,15.236742274512835],[145.80361208335023,15.23678543575113],[145.8039437757143,15.237143358217565],[145.80459672103734,15.23687526727224],[145.80501640267437,15.236742274512835],[145.80540520472607,15.236878776315962],[145.80594770289576,15.23696509879312],[145.80627237717226,15.237078791811825],[145.80667661901668,15.237292843482976],[145.80729166666686,15.237956754568017],[145.8079705789138,15.238355732846514],[145.8084753548626,15.239214395861552],[145.8096932562355,15.240691703296477],[145.80998661229614,15.241190689323048],[145.8101231140996,15.241413513603675],[145.81016302947285,15.241463342025384],[145.81023689484448,15.242057072234388],[145.80968737858723,15.242744143008167],[145.80931463041077,15.242850817939654],[145.80926638105882,15.242892224656089],[145.80822489686216,15.243119610693554],[145.80780696974705,15.243604560545407],[145.80747641782216,15.244512701077781],[145.80775845721666,15.245543307238165],[145.8084008754082,15.246004746496396],[145.8087101098921,15.247031492708857],[145.80854772889086,15.247473632226217],[145.80846456455288,15.247801376916073],[145.80887064864544,15.24915692053139],[145.8092207634894,15.249988213004997],[145.8097222058467,15.250348240897665],[145.8099995957583,15.250670371117394],[145.81075158384203,15.251280242927919],[145.81111555940902,15.251702731800037],[145.81160200060424,15.252331552446776],[145.81169849930825,15.25241436588027],[145.81174008147718,15.25246279068449],[145.81174008147718,15.25264245372648],[145.8116502499563,15.25264245372648],[145.81149813290813,15.253029501256322],[145.81134162955505,15.253591299166885],[145.81129092387243,15.253720431978536],[145.81129092387243,15.253810263499247],[145.81120109235133,15.253810263499247],[145.81120109235133,15.25407975806229],[145.81120109235133,15.254169589583341],[145.81111126083044,15.254169589583341],[145.81096826729595,15.254386097584927],[145.81089492828073,15.25503105983313],[145.810733687719,15.25541494922362],[145.81086729456104,15.25601113576323],[145.81078649882772,15.256371865464814],[145.81095914378227,15.256928750713996],[145.81060578307267,15.257172980161727],[145.8106460493501,15.25735264320366],[145.81051910969109,15.257440369298308],[145.81041208385545,15.257595118129302],[145.81048244018348,15.25776285042241],[145.81052402235252,15.257811275226686],[145.81062104741306,15.257894790468868],[145.81060657260753,15.258074453510858],[145.81071035257753,15.258163583223336],[145.81103976406314,15.258546068996168],[145.81153339879802,15.25882152893331],[145.81263760715217,15.25912190308162],[145.81297570352115,15.259413504620454],[145.81333222237015,15.259909683412388],[145.81349565608468,15.260050746972695],[145.81348767301006,15.260149351102882],[145.81424510011163,15.260776066323558],[145.81487857024172,15.261129427032984],[145.81533334231665,15.261266279740994],[145.81585425986702,15.261379972759528],[145.81662282818263,15.261148375869425],[145.8171299727362,15.260727290615137],[145.81719050374147,15.260607632221706],[145.8177286156066,15.260337786754349],[145.81796863420163,15.26012864774475],[145.81820795098793,15.260008638446948],[145.81896134268948,15.25979493768034],[145.82004528631558,15.259905472559922],[145.82066472027032,15.25973247670089],[145.82146065912752,15.259813535612466],[145.82193183598224,15.25942052270807],[145.8230180604869,15.259339112892121],[145.82332834768408,15.259289986279157],[145.82368767376784,15.259289986279157],[145.8243954479001,15.259207874654464],[145.82553571167898,15.259378063278518],[145.82592381192194,15.259583342339852],[145.82664763992943,15.259698789880588],[145.82736102853164,15.260468674087633],[145.82833627952664,15.261978966534116],[145.82870078145004,15.262914828512805],[145.82902335030042,15.26352434941873],[145.82939022082837,15.264546884778554],[145.82948443865405,15.264634259968886],[145.82943689111073,15.26476970905901],[145.82961655415272,15.26476970905901],[145.82961655415272,15.264859540580119],[145.82961655415272,15.265308698185095],[145.82952672263184,15.265308698185095],[145.82952672263184,15.26557819274791],[145.82956909433562,15.26562556483907],[145.8296693652618,15.26571504545592],[145.82964848645122,15.266065598930197],[145.82976937300964,15.266173326574574],[145.82973831797233,15.266694419577277],[145.82985411641732,15.266797585464303],[145.82982306137967,15.267318678467007],[145.8299439479382,15.26742640611127],[145.8299179810141,15.267862229349703],[145.830073256202,15.268000836579404],[145.83046109326654,15.269667632378912],[145.83056811910205,15.270468396171623],[145.83055706561413,15.270653673683341],[145.83061347349303,15.27159865917588],[145.83046740954524,15.271729195604678],[145.83038266613778,15.272183265870865],[145.83027256988896,15.272594174898359],[145.8299820210633,15.27312895317175],[145.82952672263184,15.27321387203142],[145.82952672263184,15.273303703552529],[145.82934705958985,15.273303703552529],[145.82934705958985,15.27339353507341],[145.82916739654775,15.27339353507341],[145.82916739654775,15.273483366594633],[145.8289877335061,15.273483366594633],[145.8289877335061,15.273573198115344],[145.828808070464,15.273573198115344],[145.82781509879783,15.273624430154939],[145.82666272881795,15.274638192905115],[145.82606908633488,15.275685291571563],[145.8254843041875,15.276537638307673],[145.8254843041875,15.276627469828782],[145.82539447266652,15.276627469828782],[145.82539447266652,15.276717301350004],[145.82539447266652,15.276807132870886],[145.82530464114564,15.276807132870886],[145.82530464114564,15.276896964391767],[145.82524428559236,15.277016271880484],[145.82512497810364,15.277076627433757],[145.8250431296574,15.277335243961033],[145.82426982413233,15.278557093008033],[145.8241368313728,15.278783426332382],[145.8241368313728,15.278873257853263],[145.82404699985193,15.278873257853263],[145.82392734145867,15.278933964310909],[145.82377750528906,15.279232583937358],[145.82377750528906,15.279322415458239],[145.82368767376784,15.279322415458239],[145.82368767376784,15.27941224697912],[145.82368767376784,15.27950207850023],[145.82359784224695,15.27950207850023],[145.82359784224695,15.279591910021452],[145.82359784224695,15.279681741542163],[145.82350801072585,15.279681741542163],[145.82350801072585,15.279861404584096],[145.82341817920496,15.279861404584096],[145.82341817920496,15.279951236105205],[145.82288980493672,15.280758667080761],[145.82260969551612,15.281388540440844],[145.82210272641476,15.282349316630075],[145.8216779566642,15.282757418422818],[145.8214418857433,15.283185170860577],[145.8214418857433,15.283275002381458],[145.82135205422242,15.283275002381458],[145.82132187644572,15.283424487646869],[145.82081306509656,15.284442812154225],[145.82081306509656,15.284532643675107],[145.82072323357545,15.284532643675107],[145.82060392608662,15.28459299922838],[145.8205435705337,15.284712306717438],[145.8205435705337,15.28480213823832],[145.82045373901246,15.28480213823832],[145.82021407132174,15.285101459673513],[145.81946576773385,15.285700804352643],[145.81906635082464,15.286199439474615],[145.81889546039235,15.286336292182455],[145.8181630352276,15.286245407948286],[145.8177405463556,15.286297692700998],[145.8174454357727,15.286471390368263],[145.81717988888408,15.286369277194012],[145.81672073050447,15.286289270995724],[145.81659098361035,15.286239442573958],[145.81637465106064,15.286292429135074],[145.8160519944845,15.28632927409484],[145.81594926722755,15.28649595367483],[145.81548905613465,15.286652807932057],[145.81524351079554,15.286688600178934],[145.8151635923232,15.286788257022408],[145.8145248586278,15.286868263220697],[145.8145248586278,15.286958094741806],[145.81434519558582,15.286958094741806],[145.81426527711346,15.28705775158545]],[[145.81514490666507,15.271216173402877],[145.81509542914762,15.271614098968428],[145.81519359464778,15.271736564596495],[145.81524351079554,15.27177656769561],[145.81542317383753,15.27177656769561],[145.81542317383753,15.271866399216663],[145.81551300535864,15.271866399216663],[145.81551300535864,15.27177656769561],[145.81560283687952,15.27177656769561],[145.81566249062382,15.271656558398206],[145.8156926684004,15.271417241611687],[145.8156926684004,15.271147747049042],[145.81514490666507,15.271216173402877]],[[145.79571419076956,15.262477952561028],[145.79580437319498,15.26282920784422],[145.79623028338483,15.262715865729831],[145.7961093968264,15.26243408951359],[145.79571419076956,15.262477952561028]],[[145.79562111338305,15.261318564493195],[145.7957602469695,15.262114064720095],[145.79623835418556,15.261993353613775],[145.79614501362073,15.261601393422495],[145.7959297337843,15.261266279740994],[145.79562111338305,15.261318564493195]],[[145.7819551423495,15.22186954331994],[145.78187689067306,15.222240098343889],[145.78165459274885,15.222748909693223],[145.78169810489203,15.223042967562833],[145.781684419621,15.22313525541432],[145.7817363534691,15.22326754636532],[145.78182618499022,15.22326754636532],[145.78199277684394,15.223221226987107],[145.78213480539125,15.223037353092707],[145.7824478998233,15.22279557997581],[145.7826737945171,15.222220798603075],[145.78253957359232,15.221618295784594],[145.78232218832954,15.221586012582009],[145.7819551423495,15.22186954331994]],[[145.7834950862158,15.220216081886917],[145.78344894228997,15.220790512355052],[145.78374291243347,15.220814022948389],[145.78393178671536,15.22047575112714],[145.7838024784519,15.22012344313083],[145.7834950862158,15.220216081886917]],[[145.77176505464,15.17790262826918],[145.77176505464,15.177992459790232],[145.77176505464,15.178082291311114],[145.77203454920323,15.178082291311114],[145.77203454920323,15.177812796748071],[145.77176505464,15.177812796748071],[145.77176505464,15.17790262826918]],[[145.77544814700036,15.166763519667427],[145.7755355221907,15.166890196148131],[145.77598345163028,15.166788784782568],[145.77589730460534,15.166583856625323],[145.7755156083672,15.166521044741785],[145.77544814700036,15.166763519667427]],[[145.7762914579489,15.166086625120613],[145.77656630380363,15.166102766721906],[145.77661595677318,15.16541604685267],[145.77652612525208,15.16541604685267],[145.77652612525208,15.165326215331788],[145.77640094011497,15.164655637063674],[145.77585677514946,15.164623353860748],[145.77583379091277,15.165009699581844],[145.77609521467502,15.165243050993979],[145.7762914579489,15.166086625120613]],[[145.7140535659746,15.15672800533713],[145.71427560072038,15.15676099034846],[145.71463220729538,15.156702389317275],[145.7146705435988,15.156650806373818],[145.71494003816156,15.156450439973185],[145.71481748480733,15.155765825530182],[145.7144010490357,15.155842322684748],[145.71432437642898,15.155945488572172],[145.7142728812113,15.155983737149427],[145.7142728812113,15.156253231712299],[145.7141830496904,15.156253231712299],[145.7141830496904,15.156343063233521],[145.71409321816952,15.156343063233521],[145.71409321816952,15.156432894754403],[145.7140033866483,15.156432894754403],[145.7140535659746,15.15672800533713]],[[145.7111972043308,15.150004326534258],[145.71099069710385,15.150096263481373],[145.71067365499755,15.150464362174944],[145.71032029428807,15.151402329579298],[145.71032029428807,15.151761655663222],[145.7105446099123,15.152100980197588],[145.71062645835855,15.152645934698114],[145.71032029428807,15.15310912847815],[145.71038222891104,15.15384988762196],[145.71108175679024,15.154854526858287],[145.71170355934953,15.15520122038464],[145.7126606510427,15.155278419347951],[145.71287093049182,15.154579768729661],[145.71314551316846,15.15460187570551],[145.71315375942106,15.154499060722458],[145.71303094288862,15.154278692772607],[145.7135126468745,15.153696542408113],[145.71384574285617,15.153232646819333],[145.71431744606764,15.15282594864425],[145.7143627127324,15.15248030783107],[145.7143627127324,15.15230064478908],[145.71433253495582,15.152151159523669],[145.7142728812113,15.152031150226264],[145.7141830496904,15.152031150226264],[145.7141830496904,15.151941318705155],[145.71409321816952,15.151941318705155],[145.71409321816952,15.151851487184103],[145.7140033866483,15.151851487184103],[145.7140033866483,15.151761655663222],[145.71387846468963,15.151527251538312],[145.71369880164752,15.151412154901891],[145.7138232849759,15.150978787994063],[145.7140033866483,15.15086334045344],[145.7140033866483,15.15077350893256],[145.71409321816952,15.15077350893256],[145.71409321816952,15.150683677411678],[145.7141830496904,15.150683677411678],[145.7143260432248,15.150467169409922],[145.7143627127324,15.149875193722607],[145.7142822679034,15.149401472811405],[145.71405409233114,15.149106011324307],[145.7138628494447,15.149027408743507],[145.71382372360654,15.148976878512826],[145.71373389208543,15.148976878512826],[145.71373389208543,15.149066710033708],[145.71364406056455,15.149066710033708],[145.71341535863553,15.149107414941966],[145.71240466629843,15.149538325518904],[145.71202709318675,15.149605699159565],[145.71198551101782,15.149654123964012],[145.71139827254,15.149875193722607],[145.7113084410189,15.149875193722607],[145.7111972043308,15.150004326534258]],[[145.7083303155557,15.144503900395875],[145.70828083803838,15.144901825961426],[145.7084837484955,15.14506429468878],[145.7086276192906,15.14524395773077],[145.70888298995249,15.144936214590473],[145.70883219654354,15.144527761893528],[145.70888298995249,15.144395470942698],[145.70879315843138,15.144395470942698],[145.70879315843138,15.144125976379883],[145.70870332691038,15.144125976379883],[145.70870332691038,15.143946313337722],[145.70849076658294,15.143799635307516],[145.7083440008264,15.143586987253855],[145.70785492784853,15.143648044615645],[145.70796528727556,15.144004914368963],[145.70813065096422,15.143984211010832],[145.7083303155557,15.144503900395875]],[[145.73475446799534,15.125890177620306],[145.73472429021888,15.12621932592765],[145.73466463647435,15.126339335225282],[145.73466463647435,15.126518998267215],[145.73509352935162,15.126802529005317],[145.73574656240044,15.127005000832014],[145.7360145656197,15.12670848663197],[145.73613343447812,15.126178270115588],[145.73584867557486,15.125992641698929],[145.7351804659113,15.12578560811545],[145.73475446799534,15.125890177620306]],[[145.6946730294054,15.120184121516047],[145.69563108608577,15.11984339336442],[145.69554476360838,15.119375637827204],[145.69509209695968,15.119289315350045],[145.69504893572105,15.1192426450678],[145.6946472379335,15.119297386150777],[145.69437695383567,15.119808302926288],[145.6946730294054,15.120184121516047]],[[145.7176400719045,15.115579905161212],[145.71750681596666,15.115918878791376],[145.71750681596666,15.116188373354191],[145.71777631052964,15.116008710312258],[145.71779911931424,15.115672193012927],[145.71793316478693,15.115536743922917],[145.71795597357163,15.115379889665348],[145.71795597357163,15.115290058144467],[145.71795597357163,15.115200226623358],[145.71768647900865,15.115200226623358],[145.7176400719045,15.115579905161212]],[[145.77786193049633,15.161929811849063],[145.77796342958777,15.162002449055365],[145.77814309262988,15.162002449055365],[145.77814309262988,15.162092280576246],[145.77841258719275,15.162092280576246],[145.77869927607037,15.162056137425225],[145.77877191327661,15.161912617534313],[145.7787226112116,15.161725936404707],[145.7782045008961,15.161425562256397],[145.7780794034851,15.161228353995511],[145.77830792996178,15.160909732819448],[145.77862979700342,15.16067883773826],[145.77818063939844,15.160692523008947],[145.77788465155493,15.16088025685184],[145.77721126605184,15.16097149199021],[145.7769377360887,15.161329765361188],[145.77704660417214,15.161860332781941],[145.77728372780598,15.161749446997987],[145.77750734162146,15.161437843909596],[145.777977465763,15.161344854249364],[145.77786193049633,15.161929811849063]],[[145.77165162479957,15.159349962855629],[145.77155819650886,15.159557698247852],[145.77176505464,15.159666829509945],[145.77185488616112,15.15930750342585],[145.77165162479957,15.159349962855629]],[[145.77228825306884,15.158626047122027],[145.7720025291784,15.158968529795743],[145.7721243807241,15.159038008862865],[145.77236580293663,15.15915801816044],[145.77290268663626,15.159097662607167],[145.77302269593406,15.159038008862865],[145.77314516156207,15.15877588329181],[145.77305234735388,15.158556217150704],[145.77228825306884,15.158626047122027]]]]}}]}