{"type":"FeatureCollection","name":"pict_tkl_adm0","properties":{"country_id":"tkl","country_iso3":"TKL","country_name":"Tokelau","admin_level":"adm0","source":"geoBoundaries gbOpen"},"features":[{"type":"Feature","properties":{"shapeName":"Tokelau","shapeISO":"","shapeID":"11190911B60025350532660","shapeGroup":"TKL","shapeType":"ADM0","country_id":"tkl","country_iso3":"TKL","country_name":"Tokelau","admin_level":"adm0","admin_id":"tkl_adm0_11190911b60025350532660","admin_name":"Tokelau"},"geometry":{"type":"MultiPolygon","coordinates":[[[[-171.20197957663393,-9.4397469058988],[-171.2019105361917,-9.439726396351944],[-171.20186895401932,-9.439678800352453],[-171.20182070466325,-9.43963778124953],[-171.20177912249088,-9.439590185237819],[-171.2017308731348,-9.439549166124209],[-171.20168929096252,-9.43950157010022],[-171.20164104160645,-9.439460550976207],[-171.20159945943416,-9.439324339757036],[-171.20150970466602,-9.439248045441161],[-171.20162025052028,-9.439215214973842],[-171.20162025052028,-9.439126599740007],[-171.20162025052028,-9.439037984483377],[-171.20171008204872,-9.439037984483377],[-171.20171008204872,-9.438949369203897],[-171.20179991357705,-9.438949369203897],[-171.20179991357705,-9.438860753901508],[-171.20188974510558,-9.438860753901508],[-171.20188974510558,-9.438772138576496],[-171.20197957663393,-9.438772138576496],[-171.20197957663393,-9.438683523228747],[-171.20206940816237,-9.438683523228747],[-171.20206940816237,-9.438506292464695],[-171.20215923969081,-9.438506292464695],[-171.20215923969081,-9.438329061609636],[-171.20224907121917,-9.438329061609636],[-171.20224907121917,-9.438240446147859],[-171.20233890274758,-9.438240446147859],[-171.20233890274758,-9.438151830663287],[-171.20242873427594,-9.438151830663287],[-171.20242873427594,-9.438063215155978],[-171.20251856580447,-9.438063215155978],[-171.20251856580447,-9.437885984073034],[-171.20260839733282,-9.437885984073034],[-171.20260839733282,-9.437797368497343],[-171.20269822886127,-9.437797368497343],[-171.20269822886127,-9.43762013727769],[-171.20278806038962,-9.43762013727769],[-171.20278806038962,-9.436645363940613],[-171.20287789191804,-9.436645363940613],[-171.20287789191804,-9.436379516188538],[-171.20296772344648,-9.436379516188538],[-171.20296772344648,-9.436290900225629],[-171.20314738650328,-9.436290900225629],[-171.20314738650328,-9.436379516188538],[-171.2034168810885,-9.436379516188538],[-171.2034168810885,-9.436468132128653],[-171.20377620720217,-9.436468132128653],[-171.20377620720217,-9.436556748046087],[-171.2038660387306,-9.436556748046087],[-171.2038660387306,-9.436645363940613],[-171.20404570178738,-9.436645363940613],[-171.20404570178738,-9.436733979812516],[-171.20422536484426,-9.436733979812516],[-171.20422536484426,-9.436822595661567],[-171.20431519637262,-9.436822595661567],[-171.20431519637262,-9.436911211487711],[-171.2044948594295,-9.436911211487711],[-171.2044948594295,-9.436999827291288],[-171.20458469095783,-9.436999827291288],[-171.20458469095783,-9.437088443071957],[-171.2047643540147,-9.437088443071957],[-171.2047643540147,-9.437177058829889],[-171.2049440170715,-9.437177058829889],[-171.2049440170715,-9.437265674564912],[-171.20503384859995,-9.437265674564912],[-171.20503384859995,-9.43735429027737],[-171.20521351165672,-9.43735429027737],[-171.20521351165672,-9.437442905966918],[-171.20530334318508,-9.437442905966918],[-171.20530334318508,-9.437531521633616],[-171.2053931747136,-9.437531521633616],[-171.2053931747136,-9.437797368497343],[-171.20548300624205,-9.437797368497343],[-171.20548300624205,-9.437885984073034],[-171.2055728377704,-9.437885984073034],[-171.2055728377704,-9.437974599625875],[-171.20575250082717,-9.437974599625875],[-171.20575250082717,-9.438063215155978],[-171.20584233235562,-9.438063215155978],[-171.20584233235562,-9.438151830663287],[-171.20593216388397,-9.438151830663287],[-171.20593216388397,-9.438240446147859],[-171.2060219954125,-9.438240446147859],[-171.2060219954125,-9.438329061609636],[-171.20611182694086,-9.438329061609636],[-171.20611182694086,-9.43841767704862],[-171.20620165846927,-9.43841767704862],[-171.20620165846927,-9.438506292464695],[-171.2062914899977,-9.438506292464695],[-171.2062914899977,-9.438594907858146],[-171.20638132152615,-9.438594907858146],[-171.20638132152615,-9.438683523228747],[-171.2064711530545,-9.438683523228747],[-171.2064711530545,-9.438772138576496],[-171.20656098458295,-9.438772138576496],[-171.20656098458295,-9.438860753901508],[-171.2066508161114,-9.438860753901508],[-171.2066508161114,-9.438949369203897],[-171.20683047916816,-9.438949369203897],[-171.20683047916816,-9.439037984483377],[-171.2070999737534,-9.439037984483377],[-171.2070999737534,-9.439126599740007],[-171.2073694683386,-9.439126599740007],[-171.2073694683386,-9.439215214973842],[-171.20745929986697,-9.439215214973842],[-171.20745929986697,-9.439303830184997],[-171.2075491313955,-9.439303830184997],[-171.2075491313955,-9.439392445373187],[-171.20763896292385,-9.439392445373187],[-171.20763896292385,-9.439481060538867],[-171.2077287944523,-9.439481060538867],[-171.2077287944523,-9.43956967568164],[-171.20781862598074,-9.43956967568164],[-171.20781862598074,-9.439658290801617],[-171.20790845750915,-9.439658290801617],[-171.20790845750915,-9.4397469058988],[-171.2079982890375,-9.4397469058988],[-171.2079982890375,-9.439924136024842],[-171.20790845750915,-9.439924136024842],[-171.20790845750915,-9.44036721094102],[-171.20781862598074,-9.44036721094102],[-171.20781862598074,-9.441341973751207],[-171.20790845750915,-9.441341973751207],[-171.20790845750915,-9.441962275922094],[-171.20781862598074,-9.441962275922094],[-171.20781862598074,-9.442139504908596],[-171.2077287944523,-9.442139504908596],[-171.2077287944523,-9.442228119367542],[-171.2077287944523,-9.442316733803864],[-171.20763896292385,-9.442316733803864],[-171.20763896292385,-9.442405348217449],[-171.20763896292385,-9.442493962608125],[-171.2075491313955,-9.442493962608125],[-171.2075491313955,-9.442582576975951],[-171.2075491313955,-9.442671191321153],[-171.20745929986697,-9.442671191321153],[-171.20745929986697,-9.442937034219597],[-171.2073694683386,-9.442937034219597],[-171.2073694683386,-9.44311426270474],[-171.20727963681028,-9.44311426270474],[-171.20727963681028,-9.443202876913062],[-171.20718980528184,-9.443202876913062],[-171.20718980528184,-9.443291491098648],[-171.2070999737534,-9.443291491098648],[-171.2070999737534,-9.44338010526144],[-171.20683047916816,-9.44338010526144],[-171.20683047916816,-9.443468719401267],[-171.20593216388397,-9.443468719401267],[-171.20593216388397,-9.44338010526144],[-171.2055728377704,-9.44338010526144],[-171.2055728377704,-9.443291491098648],[-171.2053931747136,-9.443291491098648],[-171.2053931747136,-9.443202876913062],[-171.20512368012837,-9.443202876913062],[-171.20512368012837,-9.44311426270474],[-171.20503384859995,-9.44311426270474],[-171.20503384859995,-9.443025648473622],[-171.2049440170715,-9.443025648473622],[-171.2049440170715,-9.442937034219597],[-171.20485418554307,-9.442937034219597],[-171.20485418554307,-9.44284841994289],[-171.2047643540147,-9.44284841994289],[-171.2047643540147,-9.442759805643448],[-171.20467452248627,-9.442759805643448],[-171.20467452248627,-9.442493962608125],[-171.20458469095783,-9.442493962608125],[-171.20458469095783,-9.442405348217449],[-171.2044948594295,-9.442405348217449],[-171.2044948594295,-9.442228119367542],[-171.20440502790106,-9.442228119367542],[-171.20440502790106,-9.442139504908596],[-171.20422536484426,-9.442139504908596],[-171.20422536484426,-9.442050890426685],[-171.20413553331582,-9.442050890426685],[-171.20413553331582,-9.441962275922094],[-171.20404570178738,-9.441962275922094],[-171.20404570178738,-9.441873661394652],[-171.20395587025894,-9.441873661394652],[-171.20395587025894,-9.441785046844416],[-171.2038660387306,-9.441785046844416],[-171.2038660387306,-9.441696432271328],[-171.20377620720217,-9.441696432271328],[-171.20377620720217,-9.441607817675504],[-171.20368637567373,-9.441607817675504],[-171.20368637567373,-9.441519203056941],[-171.20359654414528,-9.441519203056941],[-171.20359654414528,-9.441430588415528],[-171.20350671261693,-9.441430588415528],[-171.20350671261693,-9.441341973751207],[-171.2034168810885,-9.441341973751207],[-171.2034168810885,-9.44125335906432],[-171.20332704956016,-9.44125335906432],[-171.20332704956016,-9.441164744354523],[-171.20314738650328,-9.441164744354523],[-171.20314738650328,-9.44107612962199],[-171.20296772344648,-9.44107612962199],[-171.20296772344648,-9.44098751486655],[-171.20287789191804,-9.44098751486655],[-171.20287789191804,-9.440898900088541],[-171.20278806038962,-9.440898900088541],[-171.20278806038962,-9.440810285287455],[-171.20269822886127,-9.440810285287455],[-171.20269822886127,-9.440721670463802],[-171.20260839733282,-9.440721670463802],[-171.20260839733282,-9.440633055617297],[-171.20251856580447,-9.440633055617297],[-171.20251856580447,-9.440544440747999],[-171.20242873427594,-9.440544440747999],[-171.20242873427594,-9.44045582585585],[-171.20233890274758,-9.44045582585585],[-171.20233890274758,-9.440278596003395],[-171.20224907121917,-9.440278596003395],[-171.20224907121917,-9.439924136024842],[-171.20233890274758,-9.439924136024842],[-171.20233890274758,-9.4397469058988],[-171.20242873427594,-9.4397469058988],[-171.20242873427594,-9.43956967568164],[-171.20224907121917,-9.43956967568164],[-171.20224907121917,-9.439658290801617],[-171.20215923969081,-9.439658290801617],[-171.20215923969081,-9.4397469058988],[-171.20206940816237,-9.4397469058988],[-171.20206940816237,-9.43983552097319],[-171.20197957663393,-9.43983552097319],[-171.20197957663393,-9.4397469058988]],[[-171.2062914899977,-9.439924136024842],[-171.20620165846927,-9.439924136024842],[-171.20620165846927,-9.43983552097319],[-171.20611182694086,-9.43983552097319],[-171.20611182694086,-9.4397469058988],[-171.2060219954125,-9.4397469058988],[-171.2060219954125,-9.439658290801617],[-171.20521351165672,-9.439658290801617],[-171.20521351165672,-9.43956967568164],[-171.20503384859995,-9.43956967568164],[-171.20503384859995,-9.4397469058988],[-171.2049440170715,-9.4397469058988],[-171.2049440170715,-9.439924136024842],[-171.20485418554307,-9.439924136024842],[-171.20485418554307,-9.440012751053587],[-171.2047643540147,-9.440012751053587],[-171.2047643540147,-9.440101366059594],[-171.20422536484426,-9.440101366059594],[-171.20422536484426,-9.440278596003395],[-171.20413553331582,-9.440278596003395],[-171.20413553331582,-9.440633055617297],[-171.20422536484426,-9.440633055617297],[-171.20422536484426,-9.44098751486655],[-171.20431519637262,-9.44098751486655],[-171.20431519637262,-9.441164744354523],[-171.20440502790106,-9.441164744354523],[-171.20440502790106,-9.44125335906432],[-171.2044948594295,-9.44125335906432],[-171.2044948594295,-9.441341973751207],[-171.2049440170715,-9.441341973751207],[-171.2049440170715,-9.441430588415528],[-171.20512368012837,-9.441430588415528],[-171.20512368012837,-9.441519203056941],[-171.20593216388397,-9.441519203056941],[-171.20593216388397,-9.441430588415528],[-171.20611182694086,-9.441430588415528],[-171.20611182694086,-9.441341973751207],[-171.2062914899977,-9.441341973751207],[-171.2062914899977,-9.44125335906432],[-171.20638132152615,-9.44125335906432],[-171.20638132152615,-9.441164744354523],[-171.2064711530545,-9.441164744354523],[-171.2064711530545,-9.44107612962199],[-171.20656098458295,-9.44107612962199],[-171.20656098458295,-9.440898900088541],[-171.2066508161114,-9.440898900088541],[-171.2066508161114,-9.440544440747999],[-171.20656098458295,-9.440544440747999],[-171.20656098458295,-9.440278596003395],[-171.2064711530545,-9.440278596003395],[-171.2064711530545,-9.440101366059594],[-171.20638132152615,-9.440101366059594],[-171.20638132152615,-9.440012751053587],[-171.2062914899977,-9.440012751053587],[-171.2062914899977,-9.439924136024842]]],[[[-171.20233890274758,-9.435847820069341],[-171.20242873427594,-9.435847820069341],[-171.20242873427594,-9.436290900225629],[-171.20233890274758,-9.436290900225629],[-171.20233890274758,-9.436379516188538],[-171.20242873427594,-9.436379516188538],[-171.20242873427594,-9.436468132128653],[-171.20233890274758,-9.436468132128653],[-171.20233890274758,-9.436556748046087],[-171.20233890274758,-9.436999827291288],[-171.20224907121917,-9.436999827291288],[-171.20224907121917,-9.437442905966918],[-171.20215923969081,-9.437442905966918],[-171.20215923969081,-9.437531521633616],[-171.20206940816237,-9.437531521633616],[-171.20206940816237,-9.437708752898857],[-171.20197957663393,-9.437708752898857],[-171.20197957663393,-9.437797368497343],[-171.20188974510558,-9.437797368497343],[-171.20188974510558,-9.437974599625875],[-171.20179991357705,-9.437974599625875],[-171.20179991357705,-9.438151830663287],[-171.20171008204872,-9.438151830663287],[-171.20171008204872,-9.438329061609636],[-171.20162025052028,-9.438329061609636],[-171.20162025052028,-9.438506292464695],[-171.20153041899192,-9.438506292464695],[-171.20153041899192,-9.438594907858146],[-171.2014405874634,-9.438594907858146],[-171.20126092440668,-9.438594907858146],[-171.20126092440668,-9.438683523228747],[-171.20090159829303,-9.438683523228747],[-171.20090159829303,-9.438594907858146],[-171.2008117667646,-9.438594907858146],[-171.2008117667646,-9.438506292464695],[-171.2005422721793,-9.438506292464695],[-171.2005422721793,-9.43841767704862],[-171.20045244065093,-9.43841767704862],[-171.20045244065093,-9.438240446147859],[-171.2003626091225,-9.438240446147859],[-171.2003626091225,-9.437797368497343],[-171.20045244065093,-9.437797368497343],[-171.20045244065093,-9.43762013727769],[-171.20063210370782,-9.43762013727769],[-171.2006528947939,-9.437552031311156],[-171.20079097567842,-9.437511011955053],[-171.2008325578507,-9.437463415649688],[-171.20088080720674,-9.437422396282898],[-171.20092238937912,-9.437374799965369],[-171.20097063873527,-9.43733378058812],[-171.20101222090756,-9.437286184258255],[-171.20115030179207,-9.437245164870546],[-171.20119188396436,-9.43719756852829],[-171.20124013332043,-9.43715654913018],[-171.2012817154928,-9.43702033700032],[-171.20132996484887,-9.436979317580949],[-171.20137154702124,-9.436931721202086],[-171.2014197963773,-9.436890701772256],[-171.20146137854957,-9.436754489537464],[-171.20150962790564,-9.436713470086318],[-171.201551210078,-9.436488641869403],[-171.20159945943416,-9.436447622386822],[-171.20164104160645,-9.436400025934518],[-171.20168929096252,-9.436359006441307],[-171.2017433631386,-9.436181850203809],[-171.20182070466325,-9.436270390473226],[-171.20188974510558,-9.436290900225629],[-171.20197957663393,-9.436290900225629],[-171.20197957663393,-9.436202284239982],[-171.20206940816237,-9.436202284239982],[-171.20206940816237,-9.436113668231371],[-171.20224907121917,-9.436113668231371],[-171.20224907121917,-9.436025052200193],[-171.20233890274758,-9.436025052200193],[-171.20233890274758,-9.435847820069341]]],[[[-171.20108126134983,-9.435050274352818],[-171.20117109287816,-9.435050274352818],[-171.20117109287816,-9.435316123130065],[-171.20126092440668,-9.435316123130065],[-171.20153041899192,-9.435316123130065],[-171.20153041899192,-9.435670587847255],[-171.20153041899192,-9.436025052200193],[-171.20153041899192,-9.436202284239982],[-171.2014405874634,-9.436202284239982],[-171.2014405874634,-9.436290900225629],[-171.20126092440668,-9.436290900225629],[-171.20126092440668,-9.436379516188538],[-171.20117109287816,-9.436379516188538],[-171.20117109287816,-9.436468132128653],[-171.20108126134983,-9.436468132128653],[-171.20108126134983,-9.436556748046087],[-171.20099142982139,-9.436556748046087],[-171.20099142982139,-9.436645363940613],[-171.20090159829303,-9.436645363940613],[-171.20090159829303,-9.436822595661567],[-171.20072193523615,-9.436822595661567],[-171.20072193523615,-9.436911211487711],[-171.20063210370782,-9.436911211487711],[-171.20063210370782,-9.436999827291288],[-171.2005422721793,-9.436999827291288],[-171.2005422721793,-9.437088443071957],[-171.20045244065093,-9.437088443071957],[-171.20045244065093,-9.437177058829889],[-171.2003626091225,-9.437177058829889],[-171.2003626091225,-9.437265674564912],[-171.2003626091225,-9.43735429027737],[-171.20027277759414,-9.43735429027737],[-171.20027277759414,-9.437442905966918],[-171.2001829460656,-9.437442905966918],[-171.2001829460656,-9.437531521633616],[-171.20000328300893,-9.437531521633616],[-171.20000328300893,-9.437442905966918],[-171.19982361995204,-9.437442905966918],[-171.19982361995204,-9.437265674564912],[-171.1997337884236,-9.437265674564912],[-171.1997337884236,-9.437088443071957],[-171.19964395689524,-9.437088443071957],[-171.19964395689524,-9.436733979812516],[-171.19982361995204,-9.436733979812516],[-171.19982361995204,-9.436556748046087],[-171.19991345148048,-9.436556748046087],[-171.19991345148048,-9.436468132128653],[-171.20000328300893,-9.436468132128653],[-171.20000328300893,-9.436379516188538],[-171.20009311453725,-9.436379516188538],[-171.20009311453725,-9.436290900225629],[-171.2001829460656,-9.436290900225629],[-171.2001829460656,-9.436202284239982],[-171.20027277759414,-9.436202284239982],[-171.20027277759414,-9.436113668231371],[-171.20045244065093,-9.436113668231371],[-171.20045244065093,-9.436025052200193],[-171.2005422721793,-9.436025052200193],[-171.2005422721793,-9.435759203969724],[-171.20063210370782,-9.435759203969724],[-171.20063210370782,-9.435670587847255],[-171.20072193523615,-9.435670587847255],[-171.20072193523615,-9.435493355534163],[-171.20090159829303,-9.435493355534163],[-171.20090159829303,-9.435316123130065],[-171.20099142982139,-9.435316123130065],[-171.20099142982139,-9.435227506893739],[-171.20108126134983,-9.435227506893739],[-171.20108126134983,-9.435050274352818]]],[[[-171.2010221668544,-9.434855593215389],[-171.20110123000376,-9.434930687769452],[-171.20099142982139,-9.434961658048394],[-171.2010221668544,-9.434855593215389]]],[[[-171.1991049677247,-9.434429959742488],[-171.1991049677247,-9.434607192602243],[-171.19892530466794,-9.434607192602243],[-171.19892530466794,-9.434429959742488],[-171.1991049677247,-9.434429959742488]]],[[[-171.1991049677247,-9.434429959742488],[-171.1991049677247,-9.434341343278447],[-171.19919479925315,-9.434341343278447],[-171.19919479925315,-9.434429959742488],[-171.1991049677247,-9.434429959742488]]],[[[-171.19919479925315,-9.434341343278447],[-171.19922553628615,-9.434235278254675],[-171.19930459943552,-9.434310372943912],[-171.19919479925315,-9.434341343278447]]],[[[-171.20108126134983,-9.434075493749845],[-171.20108126134983,-9.434164110282097],[-171.20099142982139,-9.434164110282097],[-171.20099142982139,-9.434341343278447],[-171.2008117667646,-9.434341343278447],[-171.2008117667646,-9.43425272679167],[-171.20072193523615,-9.43425272679167],[-171.20072193523615,-9.434429959742488],[-171.20063210370782,-9.434429959742488],[-171.20063210370782,-9.435050274352818],[-171.2005422721793,-9.435050274352818],[-171.2005422721793,-9.435138890634732],[-171.20045244065093,-9.435138890634732],[-171.20045244065093,-9.435316123130065],[-171.2003626091225,-9.435316123130065],[-171.2003626091225,-9.43540473934354],[-171.20027277759414,-9.43540473934354],[-171.20027277759414,-9.435493355534163],[-171.2001829460656,-9.435493355534163],[-171.2001829460656,-9.435581971702163],[-171.20009311453725,-9.435581971702163],[-171.20009311453725,-9.435759203969724],[-171.20000328300893,-9.435759203969724],[-171.20000328300893,-9.436025052200193],[-171.19991345148048,-9.436025052200193],[-171.19991345148048,-9.436113668231371],[-171.1997337884236,-9.436113668231371],[-171.1997337884236,-9.436025052200193],[-171.19964395689524,-9.436025052200193],[-171.19964395689524,-9.435847820069341],[-171.19937446231003,-9.435847820069341],[-171.19937446231003,-9.435759203969724],[-171.1992846307815,-9.435759203969724],[-171.1992846307815,-9.435581971702163],[-171.19919479925315,-9.435581971702163],[-171.19919479925315,-9.435493355534163],[-171.1991049677247,-9.435493355534163],[-171.1991049677247,-9.435227506893739],[-171.19919479925315,-9.435227506893739],[-171.19919479925315,-9.435138890634732],[-171.1992846307815,-9.435138890634732],[-171.1992846307815,-9.434961658048394],[-171.19937446231003,-9.434961658048394],[-171.19937446231003,-9.434873041720891],[-171.1994642938384,-9.434873041720891],[-171.1994642938384,-9.434784425370822],[-171.19964395689524,-9.434784425370822],[-171.19964395689524,-9.434695808997901],[-171.1997337884236,-9.434695808997901],[-171.1997337884236,-9.434607192602243],[-171.19991345148048,-9.434607192602243],[-171.19991345148048,-9.434518576183677],[-171.20000328300893,-9.434518576183677],[-171.20009311453725,-9.434518576183677],[-171.20009311453725,-9.434429959742488],[-171.2001829460656,-9.434429959742488],[-171.2001829460656,-9.434341343278447],[-171.20027277759414,-9.434341343278447],[-171.20027277759414,-9.43425272679167],[-171.2003626091225,-9.43425272679167],[-171.2003626091225,-9.434164110282097],[-171.2005422721793,-9.434164110282097],[-171.2005422721793,-9.434075493749845],[-171.20063210370782,-9.434075493749845],[-171.20063210370782,-9.433986877194684],[-171.2008117667646,-9.433986877194684],[-171.2008117667646,-9.434075493749845],[-171.20108126134983,-9.434075493749845]]],[[[-171.20108126134983,-9.434075493749845],[-171.20111199838274,-9.433969428644161],[-171.2011910615322,-9.434044523391378],[-171.20108126134983,-9.434075493749845]]],[[[-171.1971286740997,-9.43248039227359],[-171.19721850562814,-9.43248039227359],[-171.19721850562814,-9.433366560671232],[-171.19703884257126,-9.433366560671232],[-171.19703884257126,-9.433277943933945],[-171.19685917951446,-9.433277943933945],[-171.19685917951446,-9.433189327173807],[-171.19676934798602,-9.433189327173807],[-171.19676934798602,-9.433100710390931],[-171.1966795164576,-9.433100710390931],[-171.1966795164576,-9.432923476757026],[-171.19676934798602,-9.432923476757026],[-171.19676934798602,-9.432834859905824],[-171.19685917951446,-9.432834859905824],[-171.19685917951446,-9.432746243032],[-171.19694901104282,-9.432746243032],[-171.19694901104282,-9.432657626135267],[-171.19703884257126,-9.432657626135267],[-171.19703884257126,-9.43256900921574],[-171.1971286740997,-9.43256900921574],[-171.1971286740997,-9.43248039227359]]],[[[-171.1986558100826,-9.432125924276875],[-171.1988354731395,-9.432125924276875],[-171.19892530466794,-9.432125924276875],[-171.19892530466794,-9.432214541310145],[-171.19901513619635,-9.432214541310145],[-171.19901513619635,-9.432303158320678],[-171.19919479925315,-9.432303158320678],[-171.19919479925315,-9.43248039227359],[-171.1992846307815,-9.43248039227359],[-171.1992846307815,-9.43256900921574],[-171.19937446231003,-9.43256900921574],[-171.19937446231003,-9.432657626135267],[-171.1994642938384,-9.432657626135267],[-171.1994642938384,-9.432746243032],[-171.19964395689524,-9.432746243032],[-171.19964395689524,-9.433012093585376],[-171.19955412536672,-9.433012093585376],[-171.19955412536672,-9.433100710390931],[-171.1994642938384,-9.433100710390931],[-171.1994642938384,-9.433277943933945],[-171.19937446231003,-9.433277943933945],[-171.19937446231003,-9.433366560671232],[-171.1992846307815,-9.433366560671232],[-171.1992846307815,-9.433455177385781],[-171.19919479925315,-9.433455177385781],[-171.19919479925315,-9.43354379407748],[-171.19901513619635,-9.43354379407748],[-171.19901513619635,-9.433632410746497],[-171.1988354731395,-9.433632410746497],[-171.1988354731395,-9.433721027392608],[-171.19874564161105,-9.433721027392608],[-171.1986558100826,-9.433721027392608],[-171.1986558100826,-9.43380964401598],[-171.19874564161105,-9.43380964401598],[-171.19874564161105,-9.434164110282097],[-171.1988354731395,-9.434164110282097],[-171.1988354731395,-9.434518576183677],[-171.19874564161105,-9.434518576183677],[-171.19874564161105,-9.434607192602243],[-171.1986558100826,-9.434607192602243],[-171.1986558100826,-9.434518576183677],[-171.19856597855426,-9.434518576183677],[-171.1984761470259,-9.434518576183677],[-171.1984761470259,-9.434429959742488],[-171.19829648396905,-9.434429959742488],[-171.19829648396905,-9.434341343278447],[-171.1982066524406,-9.434341343278447],[-171.1982066524406,-9.43425272679167],[-171.19811682091216,-9.43425272679167],[-171.19811682091216,-9.433986877194684],[-171.19802698938372,-9.433986877194684],[-171.19802698938372,-9.43380964401598],[-171.19793715785536,-9.43380964401598],[-171.19793715785536,-9.433721027392608],[-171.19784732632692,-9.433721027392608],[-171.19784732632692,-9.433632410746497],[-171.1977574947986,-9.433632410746497],[-171.1977574947986,-9.433100710390931],[-171.19784732632692,-9.433100710390931],[-171.19784732632692,-9.432657626135267],[-171.19793715785536,-9.432657626135267],[-171.19793715785536,-9.43256900921574],[-171.19802698938372,-9.43256900921574],[-171.19802698938372,-9.43248039227359],[-171.19811682091216,-9.43248039227359],[-171.19811682091216,-9.432391775308531],[-171.19829648396905,-9.432391775308531],[-171.19829648396905,-9.432303158320678],[-171.1984761470259,-9.432303158320678],[-171.1984761470259,-9.432214541310145],[-171.1986558100826,-9.432214541310145],[-171.1986558100826,-9.432125924276875]]],[[[-171.2082461810702,-9.431615532126443],[-171.20819955464702,-9.43157291107002],[-171.20815634954167,-9.431526914939184],[-171.20806667153397,-9.431444939693733],[-171.20838581909294,-9.43139567665088],[-171.20846904923224,-9.43148429387179],[-171.2085156756554,-9.431526914939184],[-171.2085588807606,-9.431657817834207],[-171.20826778362274,-9.431682838768836],[-171.2082461810702,-9.431615532126443]]],[[[-171.2076173603713,-9.43134968049651],[-171.2074809024196,-9.431307059407175],[-171.20743769731442,-9.431261063240925],[-171.20739107089125,-9.431218442140676],[-171.20734786578598,-9.431172445962716],[-171.20721140783448,-9.431129824851439],[-171.2071682027292,-9.431083828661542],[-171.20712157630604,-9.431041207539465],[-171.20707837120077,-9.430817976621881],[-171.20699150042833,-9.43073856496818],[-171.2072180092236,-9.430686738063741],[-171.2073012393628,-9.430775355466835],[-171.20743769731442,-9.430817976621881],[-171.2074809024196,-9.430863972847192],[-171.2076173603713,-9.430906593991267],[-171.2076605654765,-9.430952590204754],[-171.20770719189974,-9.430995211337802],[-171.20775039700493,-9.431041207539465],[-171.2077970234281,-9.431083828661542],[-171.20784022853337,-9.431389856817873],[-171.20763896292385,-9.431416987190687],[-171.2076173603713,-9.43134968049651]]],[[[-171.20887785286737,-9.430815164058458],[-171.20882552424754,-9.430778168030542],[-171.20878802133893,-9.430726546665653],[-171.2087356927191,-9.430689550628244],[-171.2086981898105,-9.430637929250054],[-171.20864586119066,-9.430600933203095],[-171.20860835828205,-9.43054931181166],[-171.20846619813386,-9.430512315755209],[-171.20842869522528,-9.430460694350472],[-171.2083576151512,-9.43044219631804],[-171.20808812056595,-9.43044219631804],[-171.20808812056595,-9.43035357882934],[-171.2079982890375,-9.43035357882934],[-171.2079982890375,-9.430176343783728],[-171.20790845750915,-9.430176343783728],[-171.20790845750915,-9.430087726226816],[-171.2079272089634,-9.429928989105576],[-171.20797953758316,-9.429891992982618],[-171.20804391757633,-9.429803375352662],[-171.2086981898105,-9.429840371485056],[-171.2087356927191,-9.429891992982618],[-171.20887785286737,-9.429928989105576],[-171.20891535577587,-9.429980610589894],[-171.20896768439582,-9.430017606703359],[-171.2090051873044,-9.430069228174375],[-171.20914734745259,-9.430106224278347],[-171.2091848503612,-9.430157845736005],[-171.20923717898094,-9.430194841830485],[-171.20927468188955,-9.430246463274955],[-171.209364513418,-9.430309973218357],[-171.20932701050938,-9.430512315755209],[-171.20927468188955,-9.43054931181166],[-171.20923717898094,-9.430689550628244],[-171.20909501883276,-9.430726546665653],[-171.20905751592414,-9.430778168030542],[-171.2090051873044,-9.430815164058458],[-171.2089415200858,-9.430902797031592],[-171.20887785286737,-9.430815164058458]]],[[[-171.19614052728716,-9.428847078039325],[-171.196320190344,-9.428847078039325],[-171.196320190344,-9.428935695914959],[-171.1964998534008,-9.428935695914959],[-171.1964998534008,-9.429024313767854],[-171.19694901104282,-9.429024313767854],[-171.1969822921328,-9.428915261448367],[-171.19705963365743,-9.429003803583157],[-171.19719771454194,-9.429044823951074],[-171.19723929671423,-9.429168696346323],[-171.1971286740997,-9.429201549405263],[-171.1971286740997,-9.429290167189777],[-171.1971286740997,-9.429378784951723],[-171.19721850562814,-9.429378784951723],[-171.19721850562814,-9.429467402690705],[-171.19730833715647,-9.429467402690705],[-171.19730833715647,-9.429556020407063],[-171.19739816868483,-9.429556020407063],[-171.19739816868483,-9.429733255771339],[-171.19730833715647,-9.429733255771339],[-171.19730833715647,-9.429821873419371],[-171.19739816868483,-9.429821873419371],[-171.19748800021335,-9.429821873419371],[-171.19748800021335,-9.429910491044609],[-171.19746720912718,-9.42997859852045],[-171.1974189597711,-9.430019618772576],[-171.19734161824647,-9.430108160624002],[-171.19730833715647,-9.42999910864711],[-171.19721850562814,-9.42999910864711],[-171.19721850562814,-9.430087726226816],[-171.19703884257126,-9.430087726226816],[-171.19703884257126,-9.430176343783728],[-171.19685917951446,-9.430176343783728],[-171.19685917951446,-9.43026496131796],[-171.1966795164576,-9.43026496131796],[-171.1966795164576,-9.43035357882934],[-171.1964998534008,-9.43035357882934],[-171.1964998534008,-9.43044219631804],[-171.19623035881557,-9.43044219631804],[-171.19623035881557,-9.43035357882934],[-171.19614052728716,-9.43035357882934],[-171.19614052728716,-9.430176343783728],[-171.19579995262782,-9.430157845736005],[-171.1957624497192,-9.430106224278347],[-171.19562028957094,-9.430069228174375],[-171.19558278666236,-9.430017606703359],[-171.1955304580426,-9.429980610589894],[-171.19549295513391,-9.429840371485056],[-171.19540412149001,-9.429777564598226],[-171.19549295513391,-9.429714757699912],[-171.1955304580426,-9.429663136175805],[-171.19558278666236,-9.429626140024368],[-171.19562028957094,-9.429574518487016],[-171.19567261819088,-9.429537522325973],[-171.19571012109938,-9.429485900775546],[-171.19578120117347,-9.429467402690705],[-171.19578120117347,-9.429290167189777],[-171.19587103270192,-9.429290167189777],[-171.19587103270192,-9.429024313767854],[-171.19596086423027,-9.429024313767854],[-171.19596086423027,-9.428935695914959],[-171.19614052728716,-9.428935695914959],[-171.19614052728716,-9.428847078039325]]],[[[-171.2097050880773,-9.427960898031017],[-171.20981260738108,-9.427991219877299],[-171.2097364830561,-9.428069215052858],[-171.2097050880773,-9.427960898031017]]],[[[-171.2097050880773,-9.427960898031017],[-171.20961525654894,-9.427960898031017],[-171.20961525654894,-9.427783661756393],[-171.2097050880773,-9.427783661756393],[-171.2097050880773,-9.427960898031017]]],[[[-171.21408482468377,-9.421602046204612],[-171.21403900972695,-9.421558623391263],[-171.21401700144108,-9.421491715034449],[-171.21392716991275,-9.421491715034449],[-171.21392716991275,-9.421314475437953],[-171.21395306007858,-9.421027272238916],[-171.21403900972695,-9.421115524315155],[-171.2141746562121,-9.42115894718438],[-171.21421867278383,-9.421204144175931],[-171.21462381385422,-9.421247567033959],[-171.21466783042584,-9.4212927640138],[-171.21471364538255,-9.421336186860742],[-171.2147576619542,-9.421428279193265],[-171.21466783042584,-9.42151342644604],[-171.21462381385422,-9.421647243138182],[-171.2145779988974,-9.421690665940332],[-171.21453398232578,-9.42173586286242],[-171.21414312964416,-9.4217792856536],[-171.21408482468377,-9.421602046204612]]],[[[-171.2132795977595,-9.420978494512724],[-171.21322726913976,-9.420941497430249],[-171.21318976623115,-9.420889874594025],[-171.21304760608288,-9.420852877502227],[-171.21301010317427,-9.420801254652758],[-171.21286794302608,-9.420764257551411],[-171.2128304401175,-9.420712634688698],[-171.21277811149764,-9.420675637577801],[-171.21274060858906,-9.420624014701787],[-171.21268827996923,-9.420587017581397],[-171.21265077706062,-9.420451480436157],[-171.21298322608982,-9.420409777520547],[-171.21304760608288,-9.420498397562369],[-171.2132795977595,-9.420535394692251],[-171.2133171006681,-9.420587017581397],[-171.21336942928795,-9.420624014701787],[-171.21340693219653,-9.420675637577801],[-171.2134592608164,-9.420712634688698],[-171.2134967637249,-9.420852877502227],[-171.213585597369,-9.420915686013188],[-171.2134967637249,-9.420978494512724],[-171.2134592608164,-9.421030117335704],[-171.21329834921386,-9.421048615872621],[-171.2132795977595,-9.420978494512724]]],[[[-171.2159932950662,-9.417858285124055],[-171.21653228423665,-9.417858285124055],[-171.21653228423665,-9.417946905820543],[-171.21671194729342,-9.417946905820543],[-171.21671194729342,-9.41803552649435],[-171.21680177882186,-9.41803552649435],[-171.21680177882186,-9.418212767773639],[-171.2168916103503,-9.418212767773639],[-171.2168916103503,-9.418301388379234],[-171.21698144187866,-9.418301388379234],[-171.21698144187866,-9.418390008962035],[-171.21725093646398,-9.418390008962035],[-171.21725093646398,-9.418478629522042],[-171.2173407679923,-9.418478629522042],[-171.2173407679923,-9.418567250059368],[-171.2175204310492,-9.418567250059368],[-171.2175204310492,-9.418833111535037],[-171.21743059952075,-9.418833111535037],[-171.21743059952075,-9.419010352405053],[-171.2173407679923,-9.419010352405053],[-171.2173407679923,-9.419187593184063],[-171.21725093646398,-9.419187593184063],[-171.21725093646398,-9.419364833872237],[-171.21716110493554,-9.419364833872237],[-171.21716110493554,-9.41945345418219],[-171.21698144187866,-9.41945345418219],[-171.21698144187866,-9.419542074469348],[-171.21671194729342,-9.419542074469348],[-171.21671194729342,-9.419630694733826],[-171.2164424527083,-9.419630694733826],[-171.2164424527083,-9.419542074469348],[-171.21635262117977,-9.419542074469348],[-171.21635262117977,-9.419364833872237],[-171.2162627896514,-9.419364833872237],[-171.2162627896514,-9.419187593184063],[-171.21617295812297,-9.419187593184063],[-171.21617295812297,-9.419098972805898],[-171.2159932950662,-9.419098972805898],[-171.2159932950662,-9.419010352405053],[-171.2158136320094,-9.419010352405053],[-171.2158136320094,-9.418921731981413],[-171.21572380048096,-9.418921731981413],[-171.21572380048096,-9.418744491065866],[-171.2155441374242,-9.418744491065866],[-171.2155441374242,-9.418655870574014],[-171.21545430589575,-9.418655870574014],[-171.21545430589575,-9.418567250059368],[-171.2153644743673,-9.418567250059368],[-171.2153644743673,-9.418478629522042],[-171.21527464283886,-9.418478629522042],[-171.21527464283886,-9.418390008962035],[-171.2151848113105,-9.418390008962035],[-171.2151848113105,-9.418212767773639],[-171.21527464283886,-9.418212767773639],[-171.21527464283886,-9.418124147145363],[-171.21563396895252,-9.418124147145363],[-171.21563396895252,-9.41803552649435],[-171.2158136320094,-9.41803552649435],[-171.2158136320094,-9.417946905820543],[-171.2159932950662,-9.417946905820543],[-171.2159932950662,-9.417858285124055]]],[[[-171.19635092737693,-9.417131869332025],[-171.19642999052638,-9.41720696774263],[-171.196320190344,-9.41723793961188],[-171.19635092737693,-9.417131869332025]]],[[[-171.19730833715647,-9.415111032256732],[-171.1973390741895,-9.415004961323632],[-171.19741813733884,-9.415080060196715],[-171.19730833715647,-9.415111032256732]]],[[[-171.19730833715647,-9.415111032256732],[-171.19730833715647,-9.415288275036517],[-171.19721850562814,-9.415288275036517],[-171.19721850562814,-9.415465517725181],[-171.1971286740997,-9.415465517725181],[-171.1971286740997,-9.415554139035578],[-171.19703884257126,-9.415554139035578],[-171.19703884257126,-9.415731381587932],[-171.19694901104282,-9.415731381587932],[-171.19694901104282,-9.415820002830003],[-171.19685917951446,-9.415820002830003],[-171.19685917951446,-9.41599724524599],[-171.19676934798602,-9.41599724524599],[-171.19676934798602,-9.416263108699525],[-171.1966795164576,-9.416263108699525],[-171.1966795164576,-9.416440350888251],[-171.19658968492925,-9.416440350888251],[-171.19658968492925,-9.416617592985972],[-171.1964998534008,-9.416617592985972],[-171.1964998534008,-9.416794834992857],[-171.19641002187237,-9.416794834992857],[-171.19641002187237,-9.416972076908735],[-171.196320190344,-9.416972076908735],[-171.196320190344,-9.417060697832483],[-171.19623035881557,-9.417060697832483],[-171.19623035881557,-9.417149318733664],[-171.19614052728716,-9.417149318733664],[-171.19614052728716,-9.4173265604677],[-171.1960506957588,-9.4173265604677],[-171.1960506957588,-9.417415181300555],[-171.1960506957588,-9.417681043662924],[-171.1961201419342,-9.41766093306893],[-171.19619435821645,-9.41757280992556],[-171.19625074416845,-9.41771615876911],[-171.1961609126401,-9.4177897749924],[-171.1961201419342,-9.417838174540577],[-171.1960506957588,-9.417858285124055],[-171.19596086423027,-9.417858285124055],[-171.19596086423027,-9.41803552649435],[-171.19587103270192,-9.41803552649435],[-171.19587103270192,-9.418124147145363],[-171.19578120117347,-9.418124147145363],[-171.19578120117347,-9.418212767773639],[-171.19569136964503,-9.418212767773639],[-171.19569136964503,-9.418390008962035],[-171.1956015381167,-9.418390008962035],[-171.1956015381167,-9.418744491065866],[-171.19569136964503,-9.418744491065866],[-171.19569136964503,-9.418921731981413],[-171.19578120117347,-9.418921731981413],[-171.19578120117347,-9.419187593184063],[-171.19569136964503,-9.419187593184063],[-171.19569136964503,-9.419542074469348],[-171.1956015381167,-9.419542074469348],[-171.1956015381167,-9.419719314975623],[-171.19569136964503,-9.419719314975623],[-171.19569136964503,-9.419985175564364],[-171.1956015381167,-9.419985175564364],[-171.1956015381167,-9.42007379571504],[-171.1956015381167,-9.420162415843095],[-171.19551170658835,-9.420162415843095],[-171.19551170658835,-9.420251035948468],[-171.19551170658835,-9.420339656030876],[-171.19542187505982,-9.420339656030876],[-171.19542187505982,-9.420516896127879],[-171.19533204353147,-9.420516896127879],[-171.19533204353147,-9.421225855605599],[-171.19515238047458,-9.421225855605599],[-171.19515238047458,-9.42113723575045],[-171.19506254894625,-9.42113723575045],[-171.19506254894625,-9.421048615872621],[-171.19461339130422,-9.421048615872621],[-171.19461339130422,-9.42113723575045],[-171.1945235597757,-9.42113723575045],[-171.1945235597757,-9.421225855605599],[-171.19443372824736,-9.421225855605599],[-171.19443372824736,-9.421580334798591],[-171.1945235597757,-9.421580334798591],[-171.1945235597757,-9.421757574258663],[-171.19470322283257,-9.421757574258663],[-171.19470322283257,-9.421846193954593],[-171.19479305436093,-9.421846193954593],[-171.19479305436093,-9.421934813627729],[-171.1949727174178,-9.421934813627729],[-171.1949727174178,-9.422023433278127],[-171.19506254894625,-9.422023433278127],[-171.19506254894625,-9.422200672510712],[-171.1949727174178,-9.422200672510712],[-171.1949727174178,-9.422289292092955],[-171.19470322283257,-9.422289292092955],[-171.19470322283257,-9.422821009108361],[-171.19479305436093,-9.422821009108361],[-171.19479305436093,-9.422909628531272],[-171.1949727174178,-9.422909628531272],[-171.19506254894625,-9.422909628531272],[-171.19506254894625,-9.422998247931446],[-171.19524221200302,-9.422998247931446],[-171.19524221200302,-9.423264105995543],[-171.19533204353147,-9.423264105995543],[-171.19533204353147,-9.423618583095958],[-171.19524221200302,-9.423618583095958],[-171.19524221200302,-9.423795821509486],[-171.19515238047458,-9.423795821509486],[-171.19515238047458,-9.423884440682286],[-171.19506254894625,-9.423884440682286],[-171.19506254894625,-9.424150298063978],[-171.19515238047458,-9.424150298063978],[-171.19515238047458,-9.424238917145658],[-171.19524221200302,-9.424238917145658],[-171.19524221200302,-9.424416155240806],[-171.19533204353147,-9.424416155240806],[-171.19533204353147,-9.424770631158196],[-171.19524221200302,-9.424770631158196],[-171.19524221200302,-9.424947868980325],[-171.19515238047458,-9.424947868980325],[-171.19515238047458,-9.425036487857255],[-171.19506254894625,-9.425036487857255],[-171.19506254894625,-9.425479581900674],[-171.19515238047458,-9.425479581900674],[-171.19515238047458,-9.425568200641123],[-171.19524221200302,-9.425568200641123],[-171.19524221200302,-9.425656819358835],[-171.19542187505982,-9.425656819358835],[-171.19542187505982,-9.425745438053752],[-171.19551170658835,-9.425745438053752],[-171.19551170658835,-9.425922675375375],[-171.1956015381167,-9.425922675375375],[-171.1956015381167,-9.426277149745431],[-171.19569136964503,-9.426277149745431],[-171.19569136964503,-9.426454386793921],[-171.19578120117347,-9.426454386793921],[-171.19578120117347,-9.426543005284088],[-171.19587103270192,-9.426543005284088],[-171.19587103270192,-9.426631623751405],[-171.19596086423027,-9.426631623751405],[-171.19596086423027,-9.426720242195984],[-171.1960506957588,-9.426720242195984],[-171.1960506957588,-9.426808860617939],[-171.19623035881557,-9.426808860617939],[-171.19623035881557,-9.426897479017043],[-171.19641002187237,-9.426897479017043],[-171.19641002187237,-9.426986097393296],[-171.1964998534008,-9.426986097393296],[-171.1964998534008,-9.427251952385802],[-171.19641002187237,-9.427251952385802],[-171.19641002187237,-9.427340570671163],[-171.196320190344,-9.427340570671163],[-171.19630143888978,-9.427410690738668],[-171.19624911026983,-9.427447687127653],[-171.19621160736125,-9.427676545403983],[-171.1961592787414,-9.427713541764547],[-171.1961217758329,-9.427765163580318],[-171.19606944721306,-9.427802159931389],[-171.19603194430445,-9.427853781733859],[-171.1955304580426,-9.427890778075323],[-171.19549295513391,-9.427942399864548],[-171.1951980090134,-9.42797939619652],[-171.19513362902035,-9.427890778075323],[-171.19499146887205,-9.427853781733859],[-171.19495396596346,-9.427802159931389],[-171.19490163734372,-9.427765163580318],[-171.1948641344351,-9.427713541764547],[-171.19472197428684,-9.427676545403983],[-171.19468447137822,-9.427624923575024],[-171.19454231123004,-9.427587927205082],[-171.19450480832145,-9.427536305362707],[-171.1944524797017,-9.427499308983158],[-171.194414976793,-9.427447687127653],[-171.19436264817318,-9.427410690738668],[-171.19432514526457,-9.427359068869919],[-171.19427281664483,-9.42732207247144],[-171.19423531373621,-9.42727045058939],[-171.19418298511638,-9.427233454181362],[-171.19414548220777,-9.426384266532068],[-171.19409315358794,-9.426347270029055],[-171.19405565067933,-9.426118410871197],[-171.1940033220595,-9.426081414339592],[-171.193965819151,-9.42585255500535],[-171.19391349053114,-9.425815558445379],[-171.19387598762256,-9.425498080199304],[-171.19382365900282,-9.425461083601249],[-171.19378615609412,-9.424168796433776],[-171.1937338274743,-9.42413179969327],[-171.19369632456568,-9.42275088810834],[-171.19364399594593,-9.422713891215835],[-171.19360649303732,-9.422422924581497],[-171.19369632456568,-9.422359413186598],[-171.1937338274743,-9.421155734281626],[-171.19378615609412,-9.42111873721825],[-171.19382365900282,-9.420358154604912],[-171.19387598762256,-9.420321157456044],[-171.19391349053114,-9.419915053988461],[-171.193965819151,-9.419878056792129],[-171.1940033220595,-9.419649193345776],[-171.19405565067933,-9.419612196120966],[-171.19409315358794,-9.419117471446327],[-171.19414548220777,-9.41908047416456],[-171.19418298511638,-9.418674369238033],[-171.19423531373621,-9.418637371908858],[-171.19427281664483,-9.418319887062353],[-171.19432514526457,-9.41828288969515],[-171.19436264817318,-9.41796540452259],[-171.194414976793,-9.417928407117529],[-171.1944524797017,-9.417610921619314],[-171.19450480832145,-9.41757392417611],[-171.19454231123004,-9.417079196582108],[-171.1945946398499,-9.417042199082061],[-171.1946321427584,-9.416636091759244],[-171.19468447137822,-9.416599094211733],[-171.19472197428684,-9.416370228592825],[-171.19477430290667,-9.416333231016722],[-171.19481180581528,-9.416104365221713],[-171.1948641344351,-9.416067367617245],[-171.19490163734372,-9.415838501645908],[-171.19495396596346,-9.415801504012961],[-171.19499146887205,-9.41557263786575],[-171.195043797492,-9.415535640204325],[-171.19508130040057,-9.415218152507123],[-171.19522346054868,-9.415181154807783],[-171.1952609634573,-9.41495228824948],[-171.19531329207712,-9.414915290521662],[-171.19535079498573,-9.414775045297517],[-171.19540312360556,-9.41473804755077],[-171.19544062651417,-9.414420559120742],[-171.19549295513391,-9.41438356133591],[-171.1955304580426,-9.414154694249476],[-171.19558278666236,-9.414117696436222],[-171.19562028957094,-9.41397745088824],[-171.19567261819088,-9.413940453056057],[-171.19571012109938,-9.413800207436225],[-171.19585228124765,-9.413763209585056],[-171.19588978415618,-9.413711585676083],[-171.195942112776,-9.413674587815478],[-171.19597961568462,-9.413534342087758],[-171.19603194430445,-9.413497344208054],[-171.19606944721306,-9.413091232718898],[-171.1961217758329,-9.413054234791787],[-171.1961592787414,-9.413002610777028],[-171.19630143888978,-9.41296561284048],[-171.1963651061082,-9.4128779753147],[-171.19642877332663,-9.41296561284048],[-171.19663388791886,-9.413002610777028],[-171.19669826791193,-9.41291398881242],[-171.19685917951446,-9.412895489839855],[-171.1975778317417,-9.412895489839855],[-171.1975778317417,-9.412806867847792],[-171.19811682091216,-9.412806867847792],[-171.19811682091216,-9.41271824583282],[-171.1983863154975,-9.41271824583282],[-171.1983863154975,-9.412629623795283],[-171.19901513619635,-9.412629623795283],[-171.19901513619635,-9.41271824583282],[-171.1991049677247,-9.41271824583282],[-171.19912923495772,-9.412431868483054],[-171.19953333428063,-9.4124728908198],[-171.19957491645292,-9.41252049057141],[-171.199623165809,-9.412561512897469],[-171.19966474798144,-9.412609112636915],[-171.1997129973375,-9.412650134952571],[-171.1997545795098,-9.412697734679682],[-171.19980282886584,-9.41273875698488],[-171.19984441103813,-9.412786356699883],[-171.19993424256666,-9.412862710956233],[-171.19989266039428,-9.413140844553027],[-171.19984441103813,-9.41318186680553],[-171.19980282886584,-9.413229466459427],[-171.1997545795098,-9.413270488701471],[-171.1997129973375,-9.41331808834326],[-171.19966474798144,-9.413359110574731],[-171.19961067580527,-9.413536278526294],[-171.19953333428063,-9.413447732425198],[-171.19948508492456,-9.413406710204299],[-171.1994435027522,-9.413270488701471],[-171.19937446231003,-9.413249977581074],[-171.19937446231003,-9.413604464958723],[-171.1992846307815,-9.413604464958723],[-171.1992846307815,-9.41369308674632],[-171.19919479925315,-9.41369308674632],[-171.19919479925315,-9.41378170851118],[-171.1988354731395,-9.41378170851118],[-171.1988354731395,-9.413870330253303],[-171.1986558100826,-9.413870330253303],[-171.1986558100826,-9.414047573669336],[-171.19856597855426,-9.414047573669336],[-171.19856597855426,-9.414136195343247],[-171.1983863154975,-9.414136195343247],[-171.1983863154975,-9.414224816994533],[-171.1982066524406,-9.414224816994533],[-171.1982066524406,-9.414313438623026],[-171.19793715785536,-9.414313438623026],[-171.19793715785536,-9.414402060228895],[-171.19766766327015,-9.414402060228895],[-171.19766766327015,-9.414490681811856],[-171.1975778317417,-9.414490681811856],[-171.1975778317417,-9.414756546424599],[-171.19748800021335,-9.414756546424599],[-171.19748800021335,-9.41484516791678],[-171.19730833715647,-9.41484516791678],[-171.19730833715647,-9.414933789386168],[-171.19721850562814,-9.414933789386168],[-171.19721850562814,-9.415111032256732],[-171.19730833715647,-9.415111032256732]],[[-171.19793715785536,-9.414313438623026],[-171.19793715785536,-9.414224816994533],[-171.19802698938372,-9.414224816994533],[-171.19802698938372,-9.414047573669336],[-171.19811682091216,-9.414047573669336],[-171.19811682091216,-9.413870330253303],[-171.1982066524406,-9.413870330253303],[-171.1982066524406,-9.41378170851118],[-171.19874564161105,-9.41378170851118],[-171.19874564161105,-9.41369308674632],[-171.1984761470259,-9.41369308674632],[-171.1984761470259,-9.413604464958723],[-171.1975778317417,-9.413604464958723],[-171.1975778317417,-9.41369308674632],[-171.19739816868483,-9.41369308674632],[-171.19739816868483,-9.413870330253303],[-171.19748800021335,-9.413870330253303],[-171.19748800021335,-9.414047573669336],[-171.19766766327015,-9.414047573669336],[-171.19766766327015,-9.414136195343247],[-171.1977574947986,-9.414136195343247],[-171.1977574947986,-9.414224816994533],[-171.19784732632692,-9.414224816994533],[-171.19784732632692,-9.414313438623026],[-171.19793715785536,-9.414313438623026]]],[[[-171.19863380179683,-9.410835466191088],[-171.19867781836857,-9.41079026784314],[-171.19926262249572,-9.410746843670779],[-171.19930663906746,-9.410701645311235],[-171.19944228555252,-9.410658221127846],[-171.19950920960264,-9.410589504023164],[-171.19957613365258,-9.410658221127846],[-171.19980161166617,-9.410701645311235],[-171.1998456282379,-9.410835466191088],[-171.19989144319462,-9.410878890352251],[-171.19993545976635,-9.410924088688716],[-171.20002411795807,-9.411008124258615],[-171.19957613365258,-9.411056135302431],[-171.19953211708096,-9.411101333615647],[-171.19948630212423,-9.411144757743386],[-171.19944228555252,-9.411189956045007],[-171.19930663906746,-9.411233380161661],[-171.19926262249572,-9.411278578451686],[-171.19903714448222,-9.411322002557256],[-171.1989931279105,-9.411367200835684],[-171.19874564161105,-9.41138891288358],[-171.19856597855426,-9.41138891288358],[-171.19856597855426,-9.411477535239271],[-171.1984761470259,-9.411477535239271],[-171.1984761470259,-9.411566157572224],[-171.19829648396905,-9.411566157572224],[-171.19829648396905,-9.411654779882383],[-171.19802698938372,-9.411654779882383],[-171.19802698938372,-9.411743402169975],[-171.19784732632692,-9.411743402169975],[-171.19784732632692,-9.411832024434773],[-171.1971286740997,-9.411832024434773],[-171.1971286740997,-9.411743402169975],[-171.19694901104282,-9.411743402169975],[-171.19694901104282,-9.411654779882383],[-171.19676934798602,-9.411654779882383],[-171.19676934798602,-9.411566157572224],[-171.19658968492925,-9.411566157572224],[-171.19641002187237,-9.411566157572224],[-171.19641002187237,-9.411477535239271],[-171.196320190344,-9.411477535239271],[-171.196320190344,-9.411123045680199],[-171.19623035881557,-9.411123045680199],[-171.19623035881557,-9.41076855575767],[-171.196320190344,-9.41076855575767],[-171.196320190344,-9.41067993322008],[-171.19658968492925,-9.41067993322008],[-171.19658968492925,-9.41076855575767],[-171.1966795164576,-9.41076855575767],[-171.19694901104282,-9.41076855575767],[-171.19694901104282,-9.41067993322008],[-171.19730833715647,-9.41067993322008],[-171.19730833715647,-9.41076855575767],[-171.1975778317417,-9.41076855575767],[-171.1975778317417,-9.410857178272408],[-171.19802698938372,-9.410857178272408],[-171.19802698938372,-9.41094580076441],[-171.1982066524406,-9.41094580076441],[-171.19829648396905,-9.41094580076441],[-171.19829648396905,-9.410857178272408],[-171.19856597855426,-9.410857178272408],[-171.19863380179683,-9.410835466191088]]],[[[-171.19629939925784,-9.407380371896352],[-171.19634098143013,-9.406889654119539],[-171.19638923078628,-9.40684863112051],[-171.19644330296234,-9.406671459741574],[-171.19652064448698,-9.406760007578328],[-171.19674855689985,-9.406801030587985],[-171.19679013907222,-9.40684863112051],[-171.1971078830135,-9.406889654119539],[-171.19714946518587,-9.406937254639956],[-171.1972875460703,-9.406978277628525],[-171.19730833715647,-9.407046389626316],[-171.1975778317417,-9.407046389626316],[-171.1975778317417,-9.407135013095058],[-171.19766766327015,-9.407135013095058],[-171.19766766327015,-9.407223636541062],[-171.1977574947986,-9.407223636541062],[-171.1977574947986,-9.407312259964442],[-171.19784732632692,-9.407312259964442],[-171.19784732632692,-9.407400883364971],[-171.19802698938372,-9.407400883364971],[-171.19811682091216,-9.407400883364971],[-171.19811682091216,-9.407312259964442],[-171.1982066524406,-9.407312259964442],[-171.1982066524406,-9.407223636541062],[-171.1983863154975,-9.407223636541062],[-171.1983863154975,-9.407312259964442],[-171.19856597855426,-9.407312259964442],[-171.19856597855426,-9.407400883364971],[-171.1986558100826,-9.407400883364971],[-171.1986558100826,-9.407489506742934],[-171.19874564161105,-9.407489506742934],[-171.19874564161105,-9.407666753430647],[-171.1988354731395,-9.407666753430647],[-171.1988354731395,-9.407844000027524],[-171.19874564161105,-9.407844000027524],[-171.19874564161105,-9.408109869752423],[-171.1986558100826,-9.408109869752423],[-171.1986558100826,-9.4081984929486],[-171.19856597855426,-9.4081984929486],[-171.19856597855426,-9.40837573927297],[-171.1984761470259,-9.40837573927297],[-171.1984761470259,-9.40855298550639],[-171.1983863154975,-9.40855298550639],[-171.1983863154975,-9.408907477700666],[-171.1984761470259,-9.408907477700666],[-171.1984761470259,-9.409084723661522],[-171.1983863154975,-9.409084723661522],[-171.1983863154975,-9.409350592432475],[-171.19856597855426,-9.409350592432475],[-171.19856597855426,-9.409439215310613],[-171.1986558100826,-9.409439215310613],[-171.1986558100826,-9.409527838166127],[-171.19874564161105,-9.409527838166127],[-171.19874564161105,-9.409705083809001],[-171.1986558100826,-9.409705083809001],[-171.1986558100826,-9.409793706596247],[-171.19829648396905,-9.409793706596247],[-171.1982066524406,-9.409793706596247],[-171.1982066524406,-9.409882329360926],[-171.19793715785536,-9.409882329360926],[-171.19791840640113,-9.409952452972732],[-171.19723725708238,-9.409989451231866],[-171.19717358986387,-9.410077089490017],[-171.19708304556087,-9.409952452972732],[-171.19696776249717,-9.409989451231866],[-171.19693025958856,-9.410041075696654],[-171.1964998534008,-9.4100595748219],[-171.19634098143013,-9.410039063511135],[-171.19629939925784,-9.409991463417839],[-171.19625114990168,-9.409950440786588],[-171.1962095677294,-9.409902840681127],[-171.19616131837333,-9.409861818039474],[-171.19611973620096,-9.408342959960748],[-171.1962095677294,-9.408266604706057],[-171.19625114990168,-9.407421394832511],[-171.19629939925784,-9.407380371896352]]],[[[-171.22542560554945,-9.405894282465795],[-171.22614425777667,-9.405894282465795],[-171.22614425777667,-9.40607152997103],[-171.22650358389035,-9.40607152997103],[-171.22650358389035,-9.406160153689598],[-171.22677307847556,-9.406160153689598],[-171.22677307847556,-9.406248777385542],[-171.22695274153244,-9.406248777385542],[-171.22695274153244,-9.406337401058636],[-171.22704257306088,-9.406337401058636],[-171.22704257306088,-9.406426024709049],[-171.22713240458924,-9.406426024709049],[-171.22713240458924,-9.406514648336838],[-171.22722223611777,-9.406514648336838],[-171.22722223611777,-9.406869142620621],[-171.22713240458924,-9.406869142620621],[-171.22713240458924,-9.406957766134838],[-171.22695274153244,-9.406957766134838],[-171.22695274153244,-9.407046389626316],[-171.2265934154188,-9.407046389626316],[-171.2265934154188,-9.407489506742934],[-171.22650358389035,-9.407489506742934],[-171.22650358389035,-9.407578130098159],[-171.2259645947199,-9.407578130098159],[-171.2259645947199,-9.407489506742934],[-171.22587476319146,-9.407489506742934],[-171.22587476319146,-9.407400883364971],[-171.22569510013466,-9.407400883364971],[-171.22569510013466,-9.407312259964442],[-171.22560526860633,-9.407312259964442],[-171.22560526860633,-9.407223636541062],[-171.2255154370778,-9.407223636541062],[-171.2255154370778,-9.407135013095058],[-171.22542560554945,-9.407135013095058],[-171.22542560554945,-9.406957766134838],[-171.225335774021,-9.406957766134838],[-171.225335774021,-9.406869142620621],[-171.22524594249256,-9.406869142620621],[-171.22524594249256,-9.40669189552409],[-171.2251561109642,-9.40669189552409],[-171.2251561109642,-9.406603271941833],[-171.22506627943577,-9.406603271941833],[-171.22506627943577,-9.406337401058636],[-171.2251561109642,-9.406337401058636],[-171.2251561109642,-9.406248777385542],[-171.22524594249256,-9.406248777385542],[-171.22524594249256,-9.406160153689598],[-171.225335774021,-9.406160153689598],[-171.225335774021,-9.40607152997103],[-171.22542560554945,-9.40607152997103],[-171.22542560554945,-9.405894282465795]]],[[[-171.19856597855426,-9.406780519083668],[-171.1984761470259,-9.406780519083668],[-171.1984761470259,-9.405894282465795],[-171.19856597855426,-9.405894282465795],[-171.19856597855426,-9.406248777385542],[-171.1986558100826,-9.406248777385542],[-171.1986558100826,-9.406337401058636],[-171.19874564161105,-9.406337401058636],[-171.19874564161105,-9.406426024709049],[-171.19892530466794,-9.406426024709049],[-171.19892530466794,-9.406514648336838],[-171.1991049677247,-9.406514648336838],[-171.1991049677247,-9.406603271941833],[-171.19937446231003,-9.406603271941833],[-171.19937446231003,-9.406780519083668],[-171.1992846307815,-9.406780519083668],[-171.1992846307815,-9.406957766134838],[-171.19919479925315,-9.406957766134838],[-171.19919479925315,-9.407046389626316],[-171.19874564161105,-9.407046389626316],[-171.19874564161105,-9.406869142620621],[-171.19856597855426,-9.406869142620621],[-171.19856597855426,-9.406780519083668]]],[[[-171.19642877332663,-9.40640752538934],[-171.1963912704181,-9.405584802305214],[-171.19648110194646,-9.405521287815645],[-171.19651860485507,-9.405292414862402],[-171.1965709334749,-9.405255416100772],[-171.1966084363835,-9.405203790921519],[-171.19681355097566,-9.40516679215034],[-171.19687793096872,-9.405255416100772],[-171.19703884257126,-9.405273915482098],[-171.19730833715647,-9.405273915482098],[-171.19730833715647,-9.405362539405019],[-171.19766766327015,-9.405362539405019],[-171.19766766327015,-9.405451163305258],[-171.19784732632692,-9.405451163305258],[-171.19784732632692,-9.405539787182818],[-171.19802698938372,-9.405539787182818],[-171.19802698938372,-9.40562841103764],[-171.19811682091216,-9.40562841103764],[-171.19811682091216,-9.405805658679128],[-171.1982066524406,-9.405805658679128],[-171.1982066524406,-9.405894282465795],[-171.19829648396905,-9.405894282465795],[-171.19829648396905,-9.406514648336838],[-171.1982066524406,-9.406514648336838],[-171.1982066524406,-9.406603271941833],[-171.19793715785536,-9.406603271941833],[-171.19793715785536,-9.406514648336838],[-171.19748800021335,-9.406514648336838],[-171.19748800021335,-9.406426024709049],[-171.1971286740997,-9.406426024709049],[-171.1966084363835,-9.406444524027734],[-171.19654476916497,-9.406532163184352],[-171.19648110194646,-9.406444524027734],[-171.19642877332663,-9.40640752538934]]],[[[-171.2316547180429,-9.401179740277598],[-171.23173378119228,-9.401254842153264],[-171.2316239810099,-9.401285815451672],[-171.2316547180429,-9.401179740277598]]],[[[-171.19793715785536,-9.40066544020442],[-171.1982066524406,-9.40066544020442],[-171.1982066524406,-9.400842690388458],[-171.19829648396905,-9.400842690388458],[-171.19829648396905,-9.400931315446428],[-171.1984761470259,-9.400931315446428],[-171.1984761470259,-9.40101994048183],[-171.19856597855426,-9.40101994048183],[-171.19856597855426,-9.401108565494496],[-171.1986558100826,-9.401108565494496],[-171.1986558100826,-9.401197190484424],[-171.1988354731395,-9.401197190484424],[-171.19901513619635,-9.401197190484424],[-171.19901513619635,-9.401285815451672],[-171.19919479925315,-9.401285815451672],[-171.19919479925315,-9.401374440396125],[-171.1992846307815,-9.401374440396125],[-171.1992846307815,-9.401463065318012],[-171.1992846307815,-9.401906189586668],[-171.19919479925315,-9.401906189586668],[-171.19919479925315,-9.40234931328797],[-171.1991049677247,-9.40234931328797],[-171.1991049677247,-9.402437937960087],[-171.19901513619635,-9.402437937960087],[-171.19901513619635,-9.40252656260958],[-171.19892530466794,-9.40252656260958],[-171.19892530466794,-9.402615187236165],[-171.19874564161105,-9.402615187236165],[-171.1984761470259,-9.402615187236165],[-171.1983863154975,-9.402615187236165],[-171.1983863154975,-9.402703811840354],[-171.1982066524406,-9.402703811840354],[-171.1982066524406,-9.402792436421691],[-171.19793715785536,-9.402792436421691],[-171.19793715785536,-9.402881060980235],[-171.1975778317417,-9.402881060980235],[-171.1975778317417,-9.402969685516211],[-171.19748800021335,-9.402969685516211],[-171.19748800021335,-9.403412807855489],[-171.19739816868483,-9.403412807855489],[-171.19739816868483,-9.403590056632197],[-171.19730833715647,-9.403590056632197],[-171.19730833715647,-9.403678680986559],[-171.19730833715647,-9.404033178176917],[-171.1975778317417,-9.404033178176917],[-171.1975778317417,-9.403944553913334],[-171.19766766327015,-9.403944553913334],[-171.19766766327015,-9.40376730531824],[-171.19766766327015,-9.403678680986559],[-171.1977574947986,-9.403678680986559],[-171.19784732632692,-9.403678680986559],[-171.19784732632692,-9.403590056632197],[-171.19802698938372,-9.403590056632197],[-171.19802698938372,-9.403501432255155],[-171.19811682091216,-9.403501432255155],[-171.19811682091216,-9.403412807855489],[-171.1984761470259,-9.403412807855489],[-171.1984761470259,-9.403324183433028],[-171.19874564161105,-9.403324183433028],[-171.19874564161105,-9.403412807855489],[-171.19881672168523,-9.40339430837463],[-171.19885422459384,-9.40334268291764],[-171.19899638474203,-9.403305683947508],[-171.19903388765061,-9.403254058477216],[-171.19908621627036,-9.403217059497592],[-171.19914988348899,-9.403129419501113],[-171.1992135507075,-9.403217059497592],[-171.19926587932724,-9.403254058477216],[-171.19930338223585,-9.403456416861673],[-171.1992135507075,-9.40351993173033],[-171.1991760477989,-9.403660181519967],[-171.19912371917897,-9.403697180452184],[-171.19908621627036,-9.403837430170029],[-171.19903388765061,-9.403874429083316],[-171.19899638474203,-9.403926054460953],[-171.19894405612217,-9.403963053364805],[-171.19890655321367,-9.40401467872914],[-171.19876876840468,-9.4040516776235],[-171.19874564161105,-9.403855929627127],[-171.1986558100826,-9.403855929627127],[-171.1986558100826,-9.403944553913334],[-171.19856597855426,-9.403944553913334],[-171.19856597855426,-9.404033178176917],[-171.1984761470259,-9.404033178176917],[-171.1984761470259,-9.404121802417649],[-171.1983863154975,-9.404121802417649],[-171.1983863154975,-9.404210426635757],[-171.19829648396905,-9.404210426635757],[-171.1982066524406,-9.404210426635757],[-171.1982066524406,-9.404299050831185],[-171.19802698938372,-9.404299050831185],[-171.19802698938372,-9.404387675003932],[-171.19793715785536,-9.404387675003932],[-171.19742017697078,-9.404365962516295],[-171.19737616039907,-9.404320763322914],[-171.19697101932869,-9.404277338338147],[-171.19692700275704,-9.404232139133],[-171.19683955079918,-9.40414924866542],[-171.19719649734228,-9.404100089913527],[-171.1972405139139,-9.40405960750303],[-171.1967913562719,-9.404011465667168],[-171.19674733970018,-9.403966266427176],[-171.196611693215,-9.40392284139807],[-171.19656767664338,-9.40387764214654],[-171.19652186168668,-9.40383421710618],[-171.19647784511503,-9.403121743833083],[-171.19656767664338,-9.403036597458595],[-171.196611693215,-9.402725524432185],[-171.19665750817174,-9.402682099247102],[-171.19670152474336,-9.402282401212688],[-171.19674733970018,-9.402238975972068],[-171.1967913562719,-9.401484777987662],[-171.1968371712287,-9.401441352646998],[-171.19688118780024,-9.401307528132293],[-171.19710666581383,-9.40126410276946],[-171.19718492846255,-9.401183737705765],[-171.19721850562814,-9.401285815451672],[-171.19730833715647,-9.401285815451672],[-171.19730833715647,-9.401197190484424],[-171.1975778317417,-9.401197190484424],[-171.1975778317417,-9.401108565494496],[-171.19748800021335,-9.401108565494496],[-171.19748800021335,-9.400931315446428],[-171.19739816868483,-9.400931315446428],[-171.19739816868483,-9.400842690388458],[-171.1977574947986,-9.400842690388458],[-171.19793715785536,-9.400842690388458],[-171.19793715785536,-9.40066544020442]]],[[[-171.23369010616335,-9.398981558927517],[-171.23369010616335,-9.398892933370291],[-171.2336002746349,-9.398892933370291],[-171.23351044310655,-9.398892933370291],[-171.23351044310655,-9.398715682187628],[-171.23352919456082,-9.398556930654536],[-171.2338241406814,-9.398519931172814],[-171.23388852067447,-9.398608556825593],[-171.23394084929424,-9.398645556297879],[-171.23397835220283,-9.398697182455635],[-171.23406718584692,-9.398759994991792],[-171.23397835220283,-9.398822807516467],[-171.23394084929424,-9.398874433647848],[-171.23388852067447,-9.398911433091712],[-171.2338510177659,-9.398963059209677],[-171.2337799376917,-9.398981558927517],[-171.23369010616335,-9.398981558927517]]],[[[-171.23297145393602,-9.398095302333559],[-171.23297145393602,-9.3980066765493],[-171.23279179087925,-9.3980066765493],[-171.23279179087925,-9.397918050742362],[-171.23261212782236,-9.397918050742362],[-171.23261212782236,-9.397829424912914],[-171.23315111699281,-9.397829424912914],[-171.23315111699281,-9.398095302333559],[-171.23297145393602,-9.398095302333559]]],[[[-171.19739816868483,-9.397652173185577],[-171.1977574947986,-9.397652173185577],[-171.1977574947986,-9.397740799060557],[-171.19793715785536,-9.397740799060557],[-171.19793715785536,-9.397829424912914],[-171.19802698938372,-9.397829424912914],[-171.19802698938372,-9.397918050742362],[-171.1983863154975,-9.397918050742362],[-171.1983863154975,-9.3980066765493],[-171.19856597855426,-9.3980066765493],[-171.19856597855426,-9.398095302333559],[-171.19874564161105,-9.398095302333559],[-171.19874564161105,-9.398183928095023],[-171.19892530466794,-9.398183928095023],[-171.19892530466794,-9.398272553833863],[-171.1991049677247,-9.398272553833863],[-171.1991049677247,-9.398361179549966],[-171.1992846307815,-9.398361179549966],[-171.1992846307815,-9.398449805243388],[-171.19937446231003,-9.398449805243388],[-171.1994642938384,-9.398449805243388],[-171.1994642938384,-9.39853843091413],[-171.19955412536672,-9.39853843091413],[-171.19955412536672,-9.398715682187628],[-171.19964395689524,-9.398715682187628],[-171.19964395689524,-9.398804307790272],[-171.1997337884236,-9.398804307790272],[-171.1997337884236,-9.398981558927517],[-171.19982361995204,-9.398981558927517],[-171.19982361995204,-9.398804307790272],[-171.19991345148048,-9.398804307790272],[-171.19991345148048,-9.398981558927517],[-171.20000328300893,-9.398981558927517],[-171.20000328300893,-9.399513311794749],[-171.19991345148048,-9.399513311794749],[-171.19991345148048,-9.399779187922036],[-171.19982361995204,-9.399779187922036],[-171.19982361995204,-9.399690562568992],[-171.19964395689524,-9.399690562568992],[-171.19964395689524,-9.399779187922036],[-171.19955412536672,-9.399779187922036],[-171.1992846307815,-9.399779187922036],[-171.1992846307815,-9.399690562568992],[-171.19901513619635,-9.399690562568992],[-171.19901513619635,-9.399601937193154],[-171.1986558100826,-9.399601937193154],[-171.1986558100826,-9.399513311794749],[-171.19811682091216,-9.399513311794749],[-171.19811682091216,-9.39942468637355],[-171.1977574947986,-9.39942468637355],[-171.1975778317417,-9.39942468637355],[-171.1975778317417,-9.39933606092984],[-171.19748800021335,-9.39933606092984],[-171.19748800021335,-9.399070184462175],[-171.19739816868483,-9.399070184462175],[-171.19739816868483,-9.398804307790272],[-171.19739816868483,-9.398361179549966],[-171.19739816868483,-9.3980066765493],[-171.19730833715647,-9.3980066765493],[-171.19730833715647,-9.397740799060557],[-171.19739816868483,-9.397740799060557],[-171.19739816868483,-9.397652173185577]]],[[[-171.23501882763523,-9.39586115103856],[-171.2350563305438,-9.395809524457945],[-171.23528832222044,-9.395772524682457],[-171.23535198943895,-9.395684882800879],[-171.2354156566575,-9.395772524682457],[-171.23555781680577,-9.395809524457945],[-171.23559531971435,-9.39586115103856],[-171.23566639978836,-9.39587965092204],[-171.23569968087833,-9.395770582735054],[-171.235777022403,-9.39585914417978],[-171.23591510328748,-9.39590015766305],[-171.23595668545977,-9.395947770513772],[-171.23609476634437,-9.395988783986581],[-171.23613634851665,-9.396036396824968],[-171.23618459787272,-9.396077410287262],[-171.236226180045,-9.396125023113598],[-171.23627442940116,-9.396166036565319],[-171.23631601157354,-9.396302275622702],[-171.23636426092952,-9.396343289053505],[-171.2364058431019,-9.396390901843176],[-171.23645409245793,-9.396431915263406],[-171.2364956746303,-9.39656815421614],[-171.23654392398637,-9.396609167615509],[-171.23658550615866,-9.39665678036863],[-171.23663375551473,-9.396697793757482],[-171.23665454660102,-9.396765913188176],[-171.23674437812934,-9.396765913188176],[-171.23674437812934,-9.396943165369123],[-171.23665454660102,-9.396943165369123],[-171.23665454660102,-9.397031791425661],[-171.23656471507257,-9.397031791425661],[-171.23656471507257,-9.397120417459462],[-171.23647488354413,-9.397120417459462],[-171.23647488354413,-9.397209043470525],[-171.2363850520157,-9.397209043470525],[-171.2363850520157,-9.397297669458851],[-171.2362053889589,-9.397297669458851],[-171.2362053889589,-9.397209043470525],[-171.23593589437368,-9.397209043470525],[-171.23593589437368,-9.397120417459462],[-171.23584606284524,-9.397120417459462],[-171.23584606284524,-9.397031791425661],[-171.23575623131688,-9.397031791425661],[-171.23575623131688,-9.396943165369123],[-171.23566639978836,-9.396943165369123],[-171.23566639978836,-9.396765913188176],[-171.23557656826003,-9.396765913188176],[-171.23557656826003,-9.39667728706354],[-171.2354867367316,-9.39667728706354],[-171.2354867367316,-9.396588660916507],[-171.23539690520323,-9.396588660916507],[-171.23539690520323,-9.396411408553945],[-171.2353070736748,-9.396411408553945],[-171.2353070736748,-9.396322782338586],[-171.235127410618,-9.396322782338586],[-171.235127410618,-9.396145529840112],[-171.2350563305438,-9.396127029970842],[-171.23501882763523,-9.395986777128428],[-171.23492999399122,-9.395923964089206],[-171.23501882763523,-9.39586115103856]]],[[[-171.19730833715647,-9.395525145380418],[-171.19802698938372,-9.395525145380418],[-171.19802698938372,-9.395613771799844],[-171.1983863154975,-9.395613771799844],[-171.1983863154975,-9.39570239819659],[-171.1986558100826,-9.39570239819659],[-171.1986558100826,-9.395791024570656],[-171.1991049677247,-9.395791024570656],[-171.1992846307815,-9.395791024570656],[-171.1992846307815,-9.39587965092204],[-171.1994642938384,-9.39587965092204],[-171.1994642938384,-9.395968277250802],[-171.1994642938384,-9.396056903556769],[-171.1994642938384,-9.396145529840112],[-171.19919479925315,-9.396145529840112],[-171.19919479925315,-9.396234156100775],[-171.1991049677247,-9.396234156100775],[-171.1988354731395,-9.396234156100775],[-171.1988354731395,-9.396322782338586],[-171.1983863154975,-9.396322782338586],[-171.1983863154975,-9.39650003474651],[-171.19829648396905,-9.39650003474651],[-171.19793715785536,-9.39650003474651],[-171.19793715785536,-9.396588660916507],[-171.1977574947986,-9.396588660916507],[-171.1977574947986,-9.39650003474651],[-171.1975778317417,-9.39650003474651],[-171.1975778317417,-9.396411408553945],[-171.19748800021335,-9.396411408553945],[-171.19748800021335,-9.396234156100775],[-171.19739816868483,-9.396234156100775],[-171.19739816868483,-9.396145529840112],[-171.19730833715647,-9.396145529840112],[-171.19730833715647,-9.395968277250802],[-171.19721850562814,-9.395968277250802],[-171.19721850562814,-9.39570239819659],[-171.19730833715647,-9.39570239819659],[-171.19730833715647,-9.395525145380418]]],[[[-171.23737319882824,-9.394284373126595],[-171.23764269341348,-9.394284373126595],[-171.23764269341348,-9.394372999863549],[-171.23782235647025,-9.394372999863549],[-171.2379121879987,-9.394372999863549],[-171.2379121879987,-9.394461626577765],[-171.23800201952713,-9.394461626577765],[-171.23800201952713,-9.394550253269529],[-171.23807309960122,-9.39456875322304],[-171.23811060250983,-9.394620379988623],[-171.23816293112966,-9.394657379887235],[-171.23820043403828,-9.39470900663963],[-171.23825276265802,-9.394746006528749],[-171.2382902655666,-9.394886259873601],[-171.23834259418646,-9.394923259743791],[-171.23838009709505,-9.39506351301685],[-171.23846893073906,-9.395126326212221],[-171.23838009709505,-9.395189139396223],[-171.23834259418646,-9.395329392561564],[-171.23818168258393,-9.395347892473467],[-171.23809185105557,-9.395347892473467],[-171.23809185105557,-9.395436518938311],[-171.2379121879987,-9.395436518938311],[-171.2379121879987,-9.395525145380418],[-171.23773252494192,-9.395525145380418],[-171.23773252494192,-9.395436518938311],[-171.23764269341348,-9.395436518938311],[-171.23746303035668,-9.395436518938311],[-171.23746303035668,-9.395347892473467],[-171.23719353577147,-9.395347892473467],[-171.23719353577147,-9.395259265985999],[-171.23701387271458,-9.395259265985999],[-171.23701387271458,-9.39517063947585],[-171.2368342096577,-9.39517063947585],[-171.2368342096577,-9.395082012942908],[-171.23674437812934,-9.395082012942908],[-171.23674437812934,-9.394993386387398],[-171.23665454660102,-9.394993386387398],[-171.23665454660102,-9.394816133208224],[-171.23656471507257,-9.394816133208224],[-171.23656471507257,-9.394638879938498],[-171.23665454660102,-9.394638879938498],[-171.23665454660102,-9.394550253269529],[-171.23692404118614,-9.394550253269529],[-171.23692404118614,-9.394461626577765],[-171.23701387271458,-9.394461626577765],[-171.23719353577147,-9.394461626577765],[-171.23719353577147,-9.394372999863549],[-171.23737319882824,-9.394372999863549],[-171.23737319882824,-9.394284373126595]]],[[[-171.19755704065562,-9.393152730385452],[-171.1974807847414,-9.39308790995733],[-171.19755704065562,-9.3930230895171],[-171.19759862282788,-9.392975476264212],[-171.19764687218395,-9.392934462434539],[-171.19772421370863,-9.392845900241866],[-171.1977574947986,-9.39295496935],[-171.19784732632692,-9.39295496935],[-171.19829648396905,-9.39295496935],[-171.19829648396905,-9.393132223481757],[-171.1983863154975,-9.393132223481757],[-171.1983863154975,-9.393220850513558],[-171.19892530466794,-9.393220850513558],[-171.19892530466794,-9.393132223481757],[-171.19955412536672,-9.393132223481757],[-171.19955412536672,-9.39304359642722],[-171.19991345148048,-9.39304359642722],[-171.19991345148048,-9.39295496935],[-171.2001829460656,-9.39295496935],[-171.20027277759414,-9.39295496935],[-171.2003626091225,-9.39295496935],[-171.2003626091225,-9.392866342250215],[-171.20045244065093,-9.392866342250215],[-171.20045244065093,-9.39304359642722],[-171.2003626091225,-9.39304359642722],[-171.2003626091225,-9.393132223481757],[-171.20027277759414,-9.393132223481757],[-171.20027277759414,-9.393220850513558],[-171.20009311453725,-9.393220850513558],[-171.20000328300893,-9.393220850513558],[-171.20000328300893,-9.393309477522678],[-171.19955412536672,-9.393309477522678],[-171.19955412536672,-9.393398104509231],[-171.1992846307815,-9.393398104509231],[-171.1992846307815,-9.393486731473047],[-171.19856597855426,-9.393486731473047],[-171.19856597855426,-9.393575358414125],[-171.1984761470259,-9.393575358414125],[-171.19822744352678,-9.393595865291559],[-171.1981858613544,-9.393643478459126],[-171.19804778047,-9.39368449220467],[-171.19800619829763,-9.393732105360016],[-171.19770096629156,-9.393773119095272],[-171.19764687218395,-9.393595865291559],[-171.19759862282788,-9.39355485153527],[-171.19755704065562,-9.393152730385452]]],[[[-171.1992846307815,-9.39171418788817],[-171.19955412536672,-9.39171418788817],[-171.19955412536672,-9.391802815282915],[-171.1997337884236,-9.391802815282915],[-171.1997337884236,-9.391891442654924],[-171.19998453155458,-9.39190994275043],[-171.20002203446316,-9.39213882455249],[-171.20011086810717,-9.392201638278266],[-171.20002203446316,-9.392264451992673],[-171.19998453155458,-9.392316079101931],[-171.19993220293475,-9.392353079246675],[-171.19989470002614,-9.392404706342518],[-171.19982361995204,-9.392423206410626],[-171.19982361995204,-9.392511833623928],[-171.1997337884236,-9.392511833623928],[-171.19964395689524,-9.392511833623928],[-171.19964395689524,-9.392600460814492],[-171.19955412536672,-9.392600460814492],[-171.19955412536672,-9.392689087982433],[-171.19937446231003,-9.392689087982433],[-171.19937446231003,-9.392777715127579],[-171.1986558100826,-9.392777715127579],[-171.1986558100826,-9.392866342250215],[-171.19856597855426,-9.392866342250215],[-171.19827484851908,-9.392840799205999],[-171.19836430721162,-9.392756001911948],[-171.1983863154975,-9.392689087982433],[-171.19829648396905,-9.392689087982433],[-171.19829648396905,-9.392423206410626],[-171.19829648396905,-9.392245951916152],[-171.19811682091216,-9.392245951916152],[-171.1977574947986,-9.392245951916152],[-171.1977574947986,-9.392334579174758],[-171.1975778317417,-9.392334579174758],[-171.1975778317417,-9.391891442654924],[-171.19766766327015,-9.391891442654924],[-171.1977574947986,-9.391891442654924],[-171.1982066524406,-9.391891442654924],[-171.19856597855426,-9.391891442654924],[-171.19874564161105,-9.391891442654924],[-171.19874564161105,-9.391802815282915],[-171.19919479925315,-9.391802815282915],[-171.1992846307815,-9.391802815282915],[-171.1992846307815,-9.39171418788817]]],[[[-171.19737778333197,-9.391235932784014],[-171.19749715662525,-9.391138109270287],[-171.19741855403788,-9.39107368876057],[-171.19739816868483,-9.39100516791467],[-171.19739816868483,-9.390650657383787],[-171.1975778317417,-9.390650657383787],[-171.19818626708764,-9.39067076413852],[-171.19822703779357,-9.390807805948953],[-171.19830564038094,-9.390872226508066],[-171.19822703779357,-9.390936647055298],[-171.19818626708764,-9.390985061179379],[-171.19795754320825,-9.391025274648825],[-171.1979167725025,-9.39107368876057],[-171.19777788015153,-9.391113902219786],[-171.19773710944554,-9.391162316319082],[-171.19759821709468,-9.391202529768009],[-171.1975245819978,-9.391289983455067],[-171.19737778333197,-9.391235932784014]]],[[[-171.20063210370782,-9.38852358658039],[-171.20063210370782,-9.38843495834692],[-171.2008117667646,-9.38843495834692],[-171.2008117667646,-9.38852358658039],[-171.20063210370782,-9.38852358658039]]],[[[-171.19710666581383,-9.385266040532258],[-171.19701921385598,-9.385183145524536],[-171.19737616039907,-9.385133984080369],[-171.19743627471047,-9.385072250971632],[-171.1976896715559,-9.385092260679187],[-171.19759984002758,-9.38517741146569],[-171.19755582345593,-9.385222613157964],[-171.19751000849914,-9.385266040532258],[-171.1974659919275,-9.385311242212879],[-171.19733034544225,-9.385354669576031],[-171.19728632887072,-9.38539987124517],[-171.1971286740997,-9.385421584921914],[-171.19710666581383,-9.385266040532258]]],[[[-171.24959028669218,-9.384180776485493],[-171.24969780599605,-9.384211107579631],[-171.249621681671,-9.384289112628437],[-171.24959028669218,-9.384180776485493]]],[[[-171.24959028669218,-9.384180776485493],[-171.24914112905017,-9.384180776485493],[-171.24914112905017,-9.38409214714153],[-171.24887163446496,-9.38409214714153],[-171.24887163446496,-9.384180776485493],[-171.24905129752182,-9.384180776485493],[-171.24905129752182,-9.384269405806776],[-171.24923096057861,-9.384269405806776],[-171.24923096057861,-9.384358035105436],[-171.24932079210706,-9.384358035105436],[-171.24932079210706,-9.384446664381414],[-171.24950045516383,-9.384446664381414],[-171.24950045516383,-9.384535293634713],[-171.24959028669218,-9.384535293634713],[-171.24959028669218,-9.38506706867895],[-171.24950045516383,-9.38506706867895],[-171.24950045516383,-9.385155697773712],[-171.2494106236355,-9.385155697773712],[-171.2494106236355,-9.385332955895194],[-171.24923096057861,-9.385332955895194],[-171.24923096057861,-9.385421584921914],[-171.24914112905017,-9.385421584921914],[-171.24914112905017,-9.385864729715763],[-171.24905129752182,-9.385864729715763],[-171.24905129752182,-9.38595335860657],[-171.24869197140816,-9.38595335860657],[-171.24869197140816,-9.386041987474641],[-171.24860213987972,-9.386041987474641],[-171.24860213987972,-9.386130616320031],[-171.24851230835128,-9.386130616320031],[-171.24851230835128,-9.386219245142911],[-171.24842247682292,-9.386219245142911],[-171.24842247682292,-9.386307873942997],[-171.24815298223763,-9.386307873942997],[-171.24815298223763,-9.386396502720402],[-171.2478834876524,-9.386396502720402],[-171.2478834876524,-9.386307873942997],[-171.24680550931149,-9.386307873942997],[-171.24680550931149,-9.386219245142911],[-171.24662584625472,-9.386219245142911],[-171.24662584625472,-9.386130616320031],[-171.24653601472627,-9.386130616320031],[-171.24653601472627,-9.386041987474641],[-171.24644618319783,-9.386041987474641],[-171.24644618319783,-9.385776100802275],[-171.2463563516694,-9.385776100802275],[-171.2463563516694,-9.385598842907427],[-171.24626652014103,-9.385598842907427],[-171.24626652014103,-9.385510213925954],[-171.2461766886126,-9.385510213925954],[-171.2461766886126,-9.384978439561621],[-171.24626652014103,-9.384978439561621],[-171.24626652014103,-9.384889810421555],[-171.2463563516694,-9.384889810421555],[-171.2463563516694,-9.384801181258808],[-171.24644618319783,-9.384801181258808],[-171.24644618319783,-9.384712552073495],[-171.24662584625472,-9.384712552073495],[-171.24662584625472,-9.384535293634713],[-171.24680550931149,-9.384535293634713],[-171.24680550931149,-9.384446664381414],[-171.24689534083984,-9.384446664381414],[-171.24689534083984,-9.384358035105436],[-171.24698517236828,-9.384358035105436],[-171.24698517236828,-9.384269405806776],[-171.24707500389673,-9.384269405806776],[-171.24707500389673,-9.38409214714153],[-171.24716483542517,-9.38409214714153],[-171.24716483542517,-9.384003517774943],[-171.2472546669536,-9.384003517774943],[-171.2472546669536,-9.383914888385561],[-171.24734449848194,-9.383914888385561],[-171.24734449848194,-9.383826258973613],[-171.24743433001038,-9.383826258973613],[-171.24743433001038,-9.383737629539041],[-171.24761399306718,-9.383737629539041],[-171.24761399306718,-9.383826258973613],[-171.24770382459562,-9.383826258973613],[-171.24770382459562,-9.383914888385561],[-171.2478834876524,-9.383914888385561],[-171.2478834876524,-9.384003517774943],[-171.24797331918083,-9.384003517774943],[-171.24797331918083,-9.38409214714153],[-171.24806315070927,-9.38409214714153],[-171.24806315070927,-9.384180776485493],[-171.24815298223763,-9.384180776485493],[-171.24815298223763,-9.384269405806776],[-171.24842247682292,-9.384269405806776],[-171.24842247682292,-9.383914888385561],[-171.24851230835128,-9.383914888385561],[-171.24851230835128,-9.383737629539041],[-171.24860213987972,-9.383737629539041],[-171.24860213987972,-9.383560370601913],[-171.2487818029366,-9.383560370601913],[-171.2487818029366,-9.383471741099356],[-171.24923096057861,-9.383471741099356],[-171.24923096057861,-9.383560370601913],[-171.2494106236355,-9.383560370601913],[-171.2494106236355,-9.383737629539041],[-171.24932079210706,-9.383737629539041],[-171.24932079210706,-9.383914888385561],[-171.24950045516383,-9.383914888385561],[-171.24950045516383,-9.384003517774943],[-171.24959028669218,-9.384003517774943],[-171.24959028669218,-9.384180776485493]]],[[[-171.19569136964503,-9.383383111574119],[-171.19614052728716,-9.383383111574119],[-171.19614052728716,-9.383560370601913],[-171.1960506957588,-9.383560370601913],[-171.1960506957588,-9.383737629539041],[-171.19596086423027,-9.383737629539041],[-171.19596086423027,-9.383914888385561],[-171.19587103270192,-9.383914888385561],[-171.19587103270192,-9.38409214714153],[-171.19569136964503,-9.38409214714153],[-171.19569136964503,-9.384180776485493],[-171.19551170658835,-9.384180776485493],[-171.19551170658835,-9.38409214714153],[-171.19542187505982,-9.38409214714153],[-171.19542187505982,-9.383914888385561],[-171.19533204353147,-9.383914888385561],[-171.19533204353147,-9.383649000081675],[-171.19524221200302,-9.383649000081675],[-171.19524221200302,-9.383560370601913],[-171.19542187505982,-9.383560370601913],[-171.19542187505982,-9.383471741099356],[-171.19569136964503,-9.383471741099356],[-171.19569136964503,-9.383383111574119]]],[[[-171.1949727174178,-9.381433256287607],[-171.1949727174178,-9.381344626241287],[-171.19533204353147,-9.381344626241287],[-171.19533204353147,-9.381433256287607],[-171.1956015381167,-9.381433256287607],[-171.1956015381167,-9.381521886311305],[-171.19569136964503,-9.381521886311305],[-171.1960506957588,-9.381521886311305],[-171.1960506957588,-9.38161051631215],[-171.19596086423027,-9.38161051631215],[-171.19596086423027,-9.381787776246085],[-171.19578120117347,-9.381787776246085],[-171.19578120117347,-9.381876406179174],[-171.1956015381167,-9.381876406179174],[-171.19542187505982,-9.381876406179174],[-171.19542187505982,-9.381965036089412],[-171.19524221200302,-9.381965036089412],[-171.19524221200302,-9.381876406179174],[-171.19506254894625,-9.381876406179174],[-171.19506254894625,-9.381787776246085],[-171.1949727174178,-9.381787776246085],[-171.1949727174178,-9.38169914629043],[-171.1949727174178,-9.381433256287607]]],[[[-171.19811682091216,-9.380724215283294],[-171.1984761470259,-9.380724215283294],[-171.1984761470259,-9.380812845488208],[-171.19856597855426,-9.380812845488208],[-171.19856597855426,-9.380901475670385],[-171.1986558100826,-9.380901475670385],[-171.1987240390585,-9.380880162017775],[-171.1988059094431,-9.380792992410875],[-171.19885707569213,-9.381057422325],[-171.1989037021153,-9.381100049607085],[-171.19894690722046,-9.381283817491067],[-171.19885707569213,-9.381365939865418],[-171.19881387058695,-9.38150057269678],[-171.1987672441637,-9.381543199924408],[-171.1987240390585,-9.381589202703253],[-171.1986558100826,-9.38161051631215],[-171.19856597855426,-9.38161051631215],[-171.19856597855426,-9.38169914629043],[-171.1983863154975,-9.38169914629043],[-171.1983863154975,-9.381787776246085],[-171.19829648396905,-9.381787776246085],[-171.19829648396905,-9.381876406179174],[-171.19811682091216,-9.381876406179174],[-171.19811682091216,-9.381965036089412],[-171.1977574947986,-9.381965036089412],[-171.19766766327015,-9.381965036089412],[-171.1975778317417,-9.381965036089412],[-171.19739816868483,-9.381965036089412],[-171.19739816868483,-9.382053665977196],[-171.1971286740997,-9.382053665977196],[-171.1971286740997,-9.382142295842243],[-171.19694901104282,-9.382142295842243],[-171.19694901104282,-9.382230925684553],[-171.1966795164576,-9.382230925684553],[-171.1966795164576,-9.382319555504296],[-171.19641002187237,-9.382319555504296],[-171.19641002187237,-9.382408185301415],[-171.196320190344,-9.382408185301415],[-171.196320190344,-9.382496815075854],[-171.19614052728716,-9.382496815075854],[-171.19614052728716,-9.382408185301415],[-171.1960506957588,-9.382408185301415],[-171.1960506957588,-9.382319555504296],[-171.1960506957588,-9.382230925684553],[-171.1960506957588,-9.382053665977196],[-171.19623035881557,-9.382053665977196],[-171.19641002187237,-9.382053665977196],[-171.19641002187237,-9.382142295842243],[-171.19658968492925,-9.382142295842243],[-171.19658968492925,-9.382053665977196],[-171.1966795164576,-9.382053665977196],[-171.1966795164576,-9.381965036089412],[-171.19676934798602,-9.381965036089412],[-171.19676934798602,-9.381876406179174],[-171.19694901104282,-9.381876406179174],[-171.19694901104282,-9.381787776246085],[-171.19703884257126,-9.381787776246085],[-171.19703884257126,-9.38169914629043],[-171.19721850562814,-9.38169914629043],[-171.19721850562814,-9.381255996172513],[-171.19730833715647,-9.381255996172513],[-171.19730833715647,-9.381167366080888],[-171.19748800021335,-9.381167366080888],[-171.19748800021335,-9.381078735966696],[-171.1975778317417,-9.381078735966696],[-171.1975778317417,-9.38099010582988],[-171.1977574947986,-9.38099010582988],[-171.1977574947986,-9.380901475670385],[-171.19793715785536,-9.380901475670385],[-171.19793715785536,-9.380812845488208],[-171.19811682091216,-9.380812845488208],[-171.19811682091216,-9.380724215283294]]],[[[-171.25474142084474,-9.379731830248545],[-171.2548204839941,-9.379806936773718],[-171.25471068381174,-9.379837911989625],[-171.25474142084474,-9.379731830248545]]],[[[-171.19398457060535,-9.379572020559863],[-171.1938265101011,-9.379550706825626],[-171.19378330499583,-9.379335578685073],[-171.19405279958104,-9.379284815175595],[-171.19409600468632,-9.379238812091216],[-171.19440537078484,-9.37919618458045],[-171.1944553307999,-9.379511211498766],[-171.19436549927156,-9.37959333429285],[-171.19432229416628,-9.379639337330332],[-171.19418583621467,-9.379681964786641],[-171.1941145806883,-9.379757839482068],[-171.1938731365242,-9.379721460093947],[-171.19396296805272,-9.379639337330332],[-171.19398457060535,-9.379572020559863]]],[[[-171.19558115276374,-9.37902012965958],[-171.19562192346964,-9.378971713864473],[-171.19567098429218,-9.378931498996678],[-171.195711754998,-9.378883083189237],[-171.1959404788774,-9.378842868311153],[-171.19601411397426,-9.37875541148395],[-171.1961609126401,-9.378809464100982],[-171.19607108111165,-9.378883083189237],[-171.19603031040575,-9.37902012965958],[-171.19598124958333,-9.379060344517086],[-171.1959404788774,-9.379108760299744],[-171.19589141805488,-9.379148975147018],[-171.19585064734895,-9.37919739091734],[-171.19562192346964,-9.379237605754327],[-171.19558115276374,-9.379286021512314],[-171.1954422604128,-9.379326236339068],[-171.19540148970685,-9.379374652084607],[-171.195262597356,-9.379414866901072],[-171.19518896225912,-9.379502323562008],[-171.19504216359329,-9.37944827105298],[-171.19513199512173,-9.379374652084607],[-171.19517276582764,-9.379237605754327],[-171.19524221200302,-9.379217498336459],[-171.19524221200302,-9.379128867724035],[-171.19533204353147,-9.379128867724035],[-171.19533204353147,-9.37904023708893],[-171.19542187505982,-9.37904023708893],[-171.19551170658835,-9.37904023708893],[-171.19558115276374,-9.37902012965958]]],[[[-171.197020091117,-9.377869535927914],[-171.1970575940256,-9.377817906667246],[-171.1971997541738,-9.377780904971019],[-171.1972634213923,-9.377693258539978],[-171.19732708861082,-9.377780904971019],[-171.19748800021335,-9.377799405819644],[-171.19766766327015,-9.377799405819644],[-171.19766766327015,-9.378065298608135],[-171.1975778317417,-9.378065298608135],[-171.1975778317417,-9.377888036771708],[-171.19748800021335,-9.377888036771708],[-171.197469248759,-9.378224059528975],[-171.19741692013918,-9.378261061177852],[-171.19737941723056,-9.378312690372525],[-171.19732708861082,-9.378349692011966],[-171.19728958570224,-9.378401321193508],[-171.1970575940256,-9.37843832282357],[-171.197020091117,-9.378489951991867],[-171.1969048080533,-9.37852695361238],[-171.1968404280601,-9.37843832282357],[-171.1966084363835,-9.378401321193508],[-171.1965709334749,-9.37809356376988],[-171.19675059653179,-9.378046797773663],[-171.19678809944028,-9.377995168539428],[-171.19693025958856,-9.377958166862186],[-171.19696776249717,-9.377906537614535],[-171.197020091117,-9.377869535927914]]],[[[-171.19333495882017,-9.377908544577394],[-171.1932867094641,-9.377867528964998],[-171.19324512729182,-9.377743632790668],[-171.19342479034862,-9.37769026702756],[-171.1934663725209,-9.377642651668737],[-171.1936044534054,-9.377601636024849],[-171.19364603557779,-9.377554020653918],[-171.19374830228114,-9.377513004999571],[-171.19382569863456,-9.377601636024849],[-171.19400528493105,-9.37765498557286],[-171.193915530163,-9.377731282660875],[-171.1938739479907,-9.377867528964998],[-171.1937358671062,-9.377908544577394],[-171.19369428493394,-9.377956159899725],[-171.19355620404934,-9.377997175501491],[-171.19351462187706,-9.37804479081177],[-171.19335574990646,-9.378065298608135],[-171.19333495882017,-9.377908544577394]]],[[[-171.19524221200302,-9.376913095052998],[-171.19524221200302,-9.37700172623147],[-171.19506254894625,-9.37700172623147],[-171.19506254894625,-9.376913095052998],[-171.19524221200302,-9.376913095052998]]],[[[-171.19524221200302,-9.376913095052998],[-171.19527294903602,-9.3768070124176],[-171.1953520121854,-9.376882119575782],[-171.19524221200302,-9.376913095052998]]],[[[-171.25776495577776,-9.376026782022109],[-171.2578547873061,-9.376026782022109],[-171.25812428189133,-9.376026782022109],[-171.25812428189133,-9.376115413427158],[-171.25821411341985,-9.376115413427158],[-171.2583039449482,-9.376115413427158],[-171.2583039449482,-9.376292676169157],[-171.25837298539045,-9.376272168268088],[-171.2584503269151,-9.376183601818695],[-171.25850439909127,-9.376360799610381],[-171.25864247997566,-9.376401815400925],[-171.25868406214795,-9.376449430930052],[-171.2587323115041,-9.376490446709909],[-171.25877389367648,-9.376538062226928],[-171.25882214303246,-9.376579077996553],[-171.25886372520483,-9.376803955982155],[-171.258911974561,-9.376844971720232],[-171.25895355673327,-9.377158480671994],[-171.25902981264738,-9.377223304078825],[-171.25895355673327,-9.377288127473548],[-171.258911974561,-9.377335742881087],[-171.25868406214795,-9.377376758556295],[-171.2586067206234,-9.37746532470112],[-171.25855264844733,-9.377288127473548],[-171.25850439909127,-9.37724711178788],[-171.25848360800498,-9.377090357387374],[-171.25839377647662,-9.377090357387374],[-171.25839377647662,-9.37700172623147],[-171.2583039449482,-9.37700172623147],[-171.2583039449482,-9.376913095052998],[-171.25812428189133,-9.376913095052998],[-171.25812428189133,-9.376824463851847],[-171.25803445036297,-9.376824463851847],[-171.25803445036297,-9.376735832627958],[-171.25794461883453,-9.376735832627958],[-171.25794461883453,-9.376558570112365],[-171.2578547873061,-9.376558570112365],[-171.2578547873061,-9.376469938820549],[-171.25776495577776,-9.376469938820549],[-171.25776495577776,-9.376381307506165],[-171.25776495577776,-9.376026782022109]]],[[[-171.1952774888618,-9.375030521061774],[-171.19593926167772,-9.375073149084358],[-171.1959824667829,-9.37511915272114],[-171.19620875626305,-9.375161780732924],[-171.1962519613682,-9.37520778435794],[-171.19629858779138,-9.37525041235881],[-171.19634179289656,-9.375296415972059],[-171.19638841931973,-9.375339043962072],[-171.19643162442492,-9.375385047563555],[-171.19647825084817,-9.375427675542653],[-171.19652145595336,-9.37547367913237],[-171.19656808237661,-9.375516307100554],[-171.1966112874818,-9.375562310678674],[-171.19670111901024,-9.375644434407377],[-171.19665791390506,-9.375739573703186],[-171.1966112874818,-9.375782201638685],[-171.19656808237661,-9.375828205181449],[-171.19652145595336,-9.375870833106092],[-171.19647825084817,-9.375916836637202],[-171.19643162442492,-9.375959464550931],[-171.19638841931973,-9.376005468070161],[-171.19630006816934,-9.37608623928628],[-171.1966112874818,-9.376144863456943],[-171.19656808237661,-9.376271362233467],[-171.19652145595336,-9.376313990103597],[-171.19647825084817,-9.376359993575818],[-171.19643162442492,-9.376402621435204],[-171.19638841931973,-9.376448624895716],[-171.19634179289656,-9.376491252744188],[-171.19629858779138,-9.376537256192933],[-171.19607229831135,-9.376579884030491],[-171.19602909320616,-9.376625887467526],[-171.19580280372602,-9.376668515294114],[-171.1957195735869,-9.37675714653517],[-171.19544347761246,-9.376714518719382],[-171.19540027250727,-9.376668515294114],[-171.19526381455566,-9.376625887467526],[-171.19522060945047,-9.376579884030491],[-171.19506254894625,-9.376558570112365],[-171.19479305436093,-9.376558570112365],[-171.19443372824736,-9.376558570112365],[-171.19434389671892,-9.376558570112365],[-171.19434389671892,-9.376647201381445],[-171.19425406519048,-9.376647201381445],[-171.19425406519048,-9.376735832627958],[-171.19407440213368,-9.376735832627958],[-171.19407440213368,-9.376824463851847],[-171.19389473907682,-9.376824463851847],[-171.19389473907682,-9.376913095052998],[-171.19362524449167,-9.376913095052998],[-171.19362524449167,-9.37700172623147],[-171.19353541296314,-9.37700172623147],[-171.19351462187706,-9.377069849533484],[-171.1934663725209,-9.377110865240127],[-171.19342479034862,-9.377158480671994],[-171.19337654099255,-9.377199496368178],[-171.19333495882017,-9.37724711178788],[-171.1932867094641,-9.377288127473548],[-171.19322100261374,-9.37736336976809],[-171.19315529576338,-9.377288127473548],[-171.19310704640733,-9.37724711178788],[-171.19306546423505,-9.377110865240127],[-171.19292738335045,-9.377069849533484],[-171.19288580117816,-9.377022234089566],[-171.1928375518221,-9.37698121837235],[-171.19279596964972,-9.376756340501515],[-171.19270621488167,-9.376680043199144],[-171.19288580117816,-9.37662669350135],[-171.19292738335045,-9.376579077996553],[-171.19308625532113,-9.376558570112365],[-171.19335574990646,-9.376558570112365],[-171.1934455814348,-9.376558570112365],[-171.1934455814348,-9.376469938820549],[-171.19362524449167,-9.376469938820549],[-171.19362524449167,-9.376381307506165],[-171.19371507602003,-9.376381307506165],[-171.19371507602003,-9.376204044809583],[-171.19371507602003,-9.376115413427158],[-171.19362524449167,-9.376115413427158],[-171.19362524449167,-9.376026782022109],[-171.19353541296314,-9.376026782022109],[-171.19353541296314,-9.375938150594664],[-171.1934455814348,-9.375938150594664],[-171.1934455814348,-9.375672256176074],[-171.19335574990646,-9.375672256176074],[-171.19335574990646,-9.375406361553758],[-171.1934455814348,-9.375406361553758],[-171.1934455814348,-9.375317729967776],[-171.19371507602003,-9.375317729967776],[-171.19371507602003,-9.375406361553758],[-171.19380490754847,-9.375406361553758],[-171.19398457060535,-9.375406361553758],[-171.19398457060535,-9.375317729967776],[-171.19416423366212,-9.375317729967776],[-171.19416423366212,-9.375229098359],[-171.19443372824736,-9.375229098359],[-171.19443372824736,-9.375140466727714],[-171.19515238047458,-9.375140466727714],[-171.19524221200302,-9.375140466727714],[-171.1952774888618,-9.375030521061774]]],[[[-171.19185935095638,-9.373882169930994],[-171.19193841410572,-9.373957277722525],[-171.19182861392335,-9.373988253460595],[-171.19185935095638,-9.373882169930994]]],[[[-171.26405316276654,-9.372924668588155],[-171.26468198346544,-9.372924668588155],[-171.26468198346544,-9.373013300785374],[-171.2650413095791,-9.373013300785374],[-171.2650413095791,-9.373101932959969],[-171.26540063569277,-9.373101932959969],[-171.26540063569277,-9.373190565111884],[-171.2654904672212,-9.373190565111884],[-171.2654904672212,-9.373279197241061],[-171.26567013027798,-9.373279197241061],[-171.26567013027798,-9.373367829347785],[-171.26593962486322,-9.373367829347785],[-171.26593962486322,-9.373456461431772],[-171.26629895097687,-9.373456461431772],[-171.26629895097687,-9.373545093493135],[-171.26656844556211,-9.373545093493135],[-171.26656844556211,-9.373633725531874],[-171.26674810861897,-9.373633725531874],[-171.26674810861897,-9.373722357548104],[-171.26683794014733,-9.373722357548104],[-171.26683794014733,-9.373810989541596],[-171.26737692931786,-9.373810989541596],[-171.26737692931786,-9.373722357548104],[-171.26755659237466,-9.373722357548104],[-171.26755659237466,-9.373633725531874],[-171.26773625543146,-9.373633725531874],[-171.26773625543146,-9.373545093493135],[-171.2680955815451,-9.373545093493135],[-171.2680955815451,-9.373456461431772],[-171.2682752446019,-9.373456461431772],[-171.2682752446019,-9.373367829347785],[-171.2693532229429,-9.373367829347785],[-171.2693532229429,-9.373456461431772],[-171.26944305447134,-9.373456461431772],[-171.26944305447134,-9.373545093493135],[-171.26953288599967,-9.373545093493135],[-171.26953288599967,-9.374254149169417],[-171.2696227175282,-9.374254149169417],[-171.2696227175282,-9.374520044674568],[-171.26971254905655,-9.374520044674568],[-171.26971254905655,-9.374785939975993],[-171.269802380585,-9.374785939975993],[-171.269802380585,-9.375051835073691],[-171.26989221211343,-9.375051835073691],[-171.26989221211343,-9.375229098359],[-171.2699820436418,-9.375229098359],[-171.2699820436418,-9.375317729967776],[-171.2700718751702,-9.375317729967776],[-171.2700718751702,-9.375406361553758],[-171.27016170669856,-9.375406361553758],[-171.27016170669856,-9.375494993117172],[-171.270251538227,-9.375494993117172],[-171.270251538227,-9.375583624657963],[-171.27034136975544,-9.375583624657963],[-171.27034136975544,-9.37576088767156],[-171.27043120128388,-9.37576088767156],[-171.27043120128388,-9.375938150594664],[-171.27052103281233,-9.375938150594664],[-171.27052103281233,-9.376115413427158],[-171.27061086434065,-9.376115413427158],[-171.27061086434065,-9.376913095052998],[-171.27052103281233,-9.376913095052998],[-171.27052103281233,-9.377090357387374],[-171.27043120128388,-9.377090357387374],[-171.27043120128388,-9.377178988520768],[-171.27034136975544,-9.377178988520768],[-171.27034136975544,-9.377267619631311],[-171.270251538227,-9.377267619631311],[-171.270251538227,-9.377356250719345],[-171.2700718751702,-9.377356250719345],[-171.2700718751702,-9.377444881784697],[-171.26989221211343,-9.377444881784697],[-171.26989221211343,-9.37753351282737],[-171.26971254905655,-9.37753351282737],[-171.26971254905655,-9.377622143847418],[-171.26944305447134,-9.377622143847418],[-171.26944305447134,-9.377710774844786],[-171.26818541307355,-9.377710774844786],[-171.26818541307355,-9.377622143847418],[-171.26791591848823,-9.377622143847418],[-171.26791591848823,-9.37753351282737],[-171.26764642390302,-9.37753351282737],[-171.26764642390302,-9.377444881784697],[-171.267197266261,-9.377444881784697],[-171.267197266261,-9.377356250719345],[-171.26665827709044,-9.377356250719345],[-171.26665827709044,-9.377267619631311],[-171.26638878250523,-9.377267619631311],[-171.26638878250523,-9.377178988520768],[-171.2661192879201,-9.377178988520768],[-171.2661192879201,-9.377090357387374],[-171.26567013027798,-9.377090357387374],[-171.26567013027798,-9.37700172623147],[-171.2652209726359,-9.37700172623147],[-171.2652209726359,-9.376913095052998],[-171.26486164652232,-9.376913095052998],[-171.26486164652232,-9.376824463851847],[-171.26432265735187,-9.376824463851847],[-171.26432265735187,-9.376735832627958],[-171.26387349970986,-9.376735832627958],[-171.26387349970986,-9.376647201381445],[-171.2635141735961,-9.376647201381445],[-171.2635141735961,-9.376558570112365],[-171.26315484748244,-9.376558570112365],[-171.26315484748244,-9.376469938820549],[-171.26306501595408,-9.376469938820549],[-171.26306501595408,-9.376292676169157],[-171.2628853528972,-9.376292676169157],[-171.2628853528972,-9.376204044809583],[-171.26279552136876,-9.376204044809583],[-171.26279552136876,-9.376115413427158],[-171.26270568984043,-9.376115413427158],[-171.26270568984043,-9.376026782022109],[-171.2624361952552,-9.376026782022109],[-171.2624361952552,-9.375938150594664],[-171.2622565321983,-9.375938150594664],[-171.2622565321983,-9.37584951914448],[-171.2619870376131,-9.37584951914448],[-171.2619870376131,-9.37576088767156],[-171.2615378799711,-9.37576088767156],[-171.2615378799711,-9.375672256176074],[-171.2613582169142,-9.375672256176074],[-171.261088722329,-9.375672256176074],[-171.261088722329,-9.37576088767156],[-171.26099889080055,-9.37576088767156],[-171.26081922774375,-9.37576088767156],[-171.26047865308445,-9.375742386714364],[-171.26044115017584,-9.375690757137136],[-171.26029899002756,-9.375653755214103],[-171.26026148711904,-9.375602125623686],[-171.26020915849912,-9.37556512369116],[-171.2601716555905,-9.375513494087613],[-171.26011932697077,-9.375476492145765],[-171.26008182406218,-9.375424862528916],[-171.26002949544232,-9.375387860577632],[-171.25999199253374,-9.375336230947653],[-171.259939663914,-9.375299228986762],[-171.25990216100539,-9.375247599343709],[-171.25984983238556,-9.375210597373439],[-171.25981232947694,-9.375158967717084],[-171.2597600008571,-9.375121965737378],[-171.2597224979485,-9.375070336067836],[-171.25967016932867,-9.375033334078637],[-171.25963266642015,-9.374981704395964],[-171.25958033780023,-9.374944702397272],[-171.25954283489162,-9.374893072701468],[-171.25949050627187,-9.37485607069334],[-171.2594530033633,-9.374627177482012],[-171.25936416971928,-9.374564360572379],[-171.2594530033633,-9.374501543651206],[-171.25949050627187,-9.37444991388935],[-171.25989226988733,-9.374412911834042],[-171.25992091245965,-9.374520044674568],[-171.2601005755165,-9.374520044674568],[-171.2607293962154,-9.374520044674568],[-171.2607293962154,-9.374431412862236],[-171.261088722329,-9.374431412862236],[-171.261088722329,-9.374342781027167],[-171.2613582169142,-9.374342781027167],[-171.2613582169142,-9.374254149169417],[-171.26162771149944,-9.374254149169417],[-171.26162771149944,-9.3741655172891],[-171.2618073745563,-9.3741655172891],[-171.2618073745563,-9.374076885386216],[-171.2622565321983,-9.374076885386216],[-171.2622565321983,-9.373988253460595],[-171.2624361952552,-9.373988253460595],[-171.2624361952552,-9.373899621512408],[-171.26270568984043,-9.373899621512408],[-171.26270568984043,-9.373810989541596],[-171.2628853528972,-9.373810989541596],[-171.2628853528972,-9.373722357548104],[-171.26306501595408,-9.373722357548104],[-171.26306501595408,-9.373633725531874],[-171.26324467901097,-9.373633725531874],[-171.26324467901097,-9.373545093493135],[-171.26333451053932,-9.373545093493135],[-171.26333451053932,-9.373456461431772],[-171.26342434206765,-9.373456461431772],[-171.26342434206765,-9.373367829347785],[-171.2635141735961,-9.373367829347785],[-171.2635141735961,-9.373279197241061],[-171.26360400512453,-9.373279197241061],[-171.26360400512453,-9.373190565111884],[-171.2636938366529,-9.373190565111884],[-171.2636938366529,-9.373101932959969],[-171.26387349970986,-9.373101932959969],[-171.26387349970986,-9.373013300785374],[-171.26405316276654,-9.373013300785374],[-171.26405316276654,-9.372924668588155]]],[[[-171.19117819067193,-9.372680086018477],[-171.19110639782318,-9.372614455719884],[-171.19117819067193,-9.372548825408899],[-171.19123183518323,-9.372381660644464],[-171.19149089036233,-9.372420696959182],[-171.19140105883397,-9.372502821431397],[-171.1913578537287,-9.372548825408899],[-171.19131122730545,-9.372591453736163],[-171.19126802220026,-9.372726089972446],[-171.19119979322446,-9.37274740412596],[-171.19117819067193,-9.372680086018477]]],[[[-171.19082171565654,-9.370601722287233],[-171.19085921856515,-9.37055009194546],[-171.191360704827,-9.3705130894744],[-171.1913982077356,-9.370461459119383],[-171.19154036788387,-9.370424456638943],[-171.19157787079249,-9.370372826270682],[-171.19163019941223,-9.370335823780806],[-171.1916677023208,-9.370284193399357],[-171.191809862469,-9.370247190900045],[-171.1918473653776,-9.370195560505522],[-171.19198952552588,-9.370158557996717],[-171.1920270284345,-9.37010692758895],[-171.1922590201112,-9.370069925070652],[-171.1922965230197,-9.370018294649753],[-171.1924386831679,-9.36998129212202],[-171.1924761860765,-9.36992966168799],[-171.19270817775322,-9.369892659150764],[-171.19274568066183,-9.369752395696423],[-171.19288784081002,-9.369715393140439],[-171.1929253437186,-9.36966376266679],[-171.1931573353953,-9.369626760101312],[-171.19322100261374,-9.369539111611061],[-171.19328466983228,-9.369626760101312],[-171.19337350347627,-9.369689577904524],[-171.19328466983228,-9.369752395696423],[-171.19324716692367,-9.369892659150764],[-171.19319483830392,-9.36992966168799],[-171.1931573353953,-9.36998129212202],[-171.1931050067754,-9.370018294649753],[-171.19306750386679,-9.370069925070652],[-171.19301517524704,-9.37010692758895],[-171.19297767233843,-9.370158557996717],[-171.1929253437186,-9.370195560505522],[-171.19288784081002,-9.370247190900045],[-171.19283551219016,-9.370284193399357],[-171.19279800928157,-9.370335823780806],[-171.19274568066183,-9.370372826270682],[-171.19270817775322,-9.370424456638943],[-171.1926558491334,-9.370461459119383],[-171.19261834622478,-9.3705130894744],[-171.19256601760495,-9.37055009194546],[-171.19252851469642,-9.370601722287233],[-171.19238635454815,-9.370638724748858],[-171.19234885163957,-9.3706903550775],[-171.1922965230197,-9.370727357529631],[-171.1922590201112,-9.370778987845199],[-171.19220669149138,-9.370815990287895],[-171.19216918858277,-9.370867620590161],[-171.1920270284345,-9.370904623023364],[-171.19198952552588,-9.370956253312556],[-171.1918473653776,-9.370993255736266],[-171.191809862469,-9.371044886012328],[-171.19175753384926,-9.371081888426602],[-171.19172003094067,-9.371133518689419],[-171.19157787079249,-9.371170521094314],[-171.19154036788387,-9.371222151343886],[-171.1913982077356,-9.371259153739345],[-171.191360704827,-9.371310783975787],[-171.19121854467872,-9.371347786361753],[-171.19118104177014,-9.37139941658495],[-171.1910201301677,-9.371417917773726],[-171.1910201301677,-9.371506550355718],[-171.19093029863924,-9.371506550355718],[-171.19093029863924,-9.37159518291486],[-171.1908404671108,-9.37159518291486],[-171.1908404671108,-9.371683815451547],[-171.190660804054,-9.371683815451547],[-171.190660804054,-9.371506550355718],[-171.19048114099724,-9.371506550355718],[-171.19048114099724,-9.371417917773726],[-171.1903913094687,-9.371417917773726],[-171.1903913094687,-9.371329285169168],[-171.1902116464119,-9.371329285169168],[-171.1902116464119,-9.37115201989235],[-171.19003198335514,-9.37115201989235],[-171.19003198335514,-9.370886121807246],[-171.1902116464119,-9.370886121807246],[-171.1902116464119,-9.370797489067002],[-171.19048114099724,-9.370797489067002],[-171.19048114099724,-9.370708856304077],[-171.190660804054,-9.370708856304077],[-171.190660804054,-9.370620223518642],[-171.19075063558236,-9.370620223518642],[-171.19082171565654,-9.370601722287233]]],[[[-171.19023324896455,-9.369489309601363],[-171.19027987538772,-9.369446680893077],[-171.190323080493,-9.369400676504483],[-171.1904595384446,-9.369358047785283],[-171.19050274354987,-9.369312043385094],[-171.19063920150137,-9.369269414654923],[-171.19068240660656,-9.36922341024291],[-171.19081886455825,-9.369180781501939],[-171.19086206966344,-9.369134777078273],[-171.1910883591435,-9.369092148326388],[-171.19115961466977,-9.369016271299131],[-171.19140105883397,-9.369052651809398],[-171.19131122730545,-9.369134777078273],[-171.19126802220026,-9.369180781501939],[-171.1912213957771,-9.36922341024291],[-171.19117819067193,-9.369269414654923],[-171.19104173272024,-9.369312043385094],[-171.19099852761505,-9.369358047785283],[-171.19095190119188,-9.369400676504483],[-171.1909086960866,-9.369446680893077],[-171.19086206966344,-9.369489309601363],[-171.19081886455825,-9.369535313978133],[-171.19068240660656,-9.369577942675562],[-171.19063920150137,-9.369623947040623],[-171.1902116464119,-9.369645261384562],[-171.19012181488347,-9.369645261384562],[-171.19012181488347,-9.3698225274307],[-171.19003198335514,-9.3698225274307],[-171.19003198335514,-9.369911160419804],[-171.19001323190088,-9.36998129212202],[-171.18992439825678,-9.370044109861055],[-171.19004973692503,-9.370132742793771],[-171.18996090328093,-9.370195560505522],[-171.18992340037235,-9.370335823780806],[-171.18978124022416,-9.370372826270682],[-171.18974373731555,-9.370424456638943],[-171.18960363873083,-9.370461459119383],[-171.1895828257131,-9.370088426330199],[-171.1895828257131,-9.369999793386398],[-171.1895828257131,-9.369911160419804],[-171.18967265724146,-9.369911160419804],[-171.18967265724146,-9.3698225274307],[-171.1897624887699,-9.3698225274307],[-171.1899421518267,-9.3698225274307],[-171.1899421518267,-9.369645261384562],[-171.19003198335514,-9.369645261384562],[-171.19003198335514,-9.369556628327416],[-171.1902116464119,-9.369556628327416],[-171.19023324896455,-9.369489309601363]]],[[[-171.19238635454815,-9.368688797847142],[-171.1924386831679,-9.368651795177868],[-171.1924761860765,-9.368600164546024],[-171.19252851469642,-9.3685631618672],[-171.19256601760495,-9.36842289787586],[-171.19261834622478,-9.368385895178164],[-171.1926558491334,-9.368245631115201],[-171.19270817775322,-9.368208628398577],[-171.19274568066183,-9.368068364264047],[-171.19279800928157,-9.368031361528494],[-171.19283551219016,-9.36797973080462],[-171.19288784081002,-9.367942728059688],[-171.1929253437186,-9.367802463817668],[-171.19297767233843,-9.36776546105392],[-171.19304133955697,-9.367677812093916],[-171.1931050067754,-9.36776546105392],[-171.1931573353953,-9.367802463817668],[-171.19319483830392,-9.368031361528494],[-171.19324716692367,-9.368068364264047],[-171.19328466983228,-9.368270737780733],[-171.19319483830392,-9.36833426450687],[-171.1931573353953,-9.368474528533909],[-171.1931050067754,-9.368511531222225],[-171.19306750386679,-9.3685631618672],[-171.19301517524704,-9.368600164546024],[-171.19297767233843,-9.368651795177868],[-171.19283551219016,-9.368688797847142],[-171.19279800928157,-9.368740428465685],[-171.19236760309389,-9.368758929796286],[-171.19238635454815,-9.368688797847142]]],[[[-171.19182861392335,-9.366986259833311],[-171.19218794003703,-9.366986259833311],[-171.19218794003703,-9.367518061772216],[-171.1920981085086,-9.367518061772216],[-171.1920981085086,-9.367695328904233],[-171.19200827698015,-9.367695328904233],[-171.19200827698015,-9.367783962436363],[-171.1919184454518,-9.367783962436363],[-171.1919184454518,-9.367872595945812],[-171.19182861392335,-9.367872595945812],[-171.19182861392335,-9.367961229432638],[-171.19173878239502,-9.367961229432638],[-171.19173878239502,-9.36804986289684],[-171.1916489508665,-9.36804986289684],[-171.1916489508665,-9.368138496338418],[-171.19155911933814,-9.368138496338418],[-171.19155911933814,-9.368227129757258],[-171.19137945628125,-9.368227129757258],[-171.19137945628125,-9.368315763153703],[-171.1912896247529,-9.368315763153703],[-171.1912896247529,-9.36840439652741],[-171.19110996169613,-9.36840439652741],[-171.19110996169613,-9.368493029878664],[-171.19093029863924,-9.368493029878664],[-171.19093029863924,-9.368581663207124],[-171.1905709725256,-9.368581663207124],[-171.1905709725256,-9.368670296512903],[-171.1902116464119,-9.368670296512903],[-171.1902116464119,-9.368758929796286],[-171.18985232029834,-9.368758929796286],[-171.18985232029834,-9.368670296512903],[-171.18967265724146,-9.368670296512903],[-171.18967265724146,-9.368315763153703],[-171.1897624887699,-9.368315763153703],[-171.1897624887699,-9.368227129757258],[-171.1899421518267,-9.368227129757258],[-171.1899421518267,-9.368138496338418],[-171.19012181488347,-9.368138496338418],[-171.19012181488347,-9.36804986289684],[-171.1902116464119,-9.36804986289684],[-171.1902116464119,-9.367961229432638],[-171.1903913094687,-9.367961229432638],[-171.1903913094687,-9.367872595945812],[-171.190660804054,-9.367872595945812],[-171.190660804054,-9.367783962436363],[-171.1908404671108,-9.367783962436363],[-171.1908404671108,-9.367695328904233],[-171.19093029863924,-9.367695328904233],[-171.19093029863924,-9.36760669534948],[-171.19110996169613,-9.36760669534948],[-171.19110996169613,-9.367518061772216],[-171.19119979322446,-9.367518061772216],[-171.19119979322446,-9.367429428172272],[-171.1912896247529,-9.367429428172272],[-171.1912896247529,-9.367340794549705],[-171.19137945628125,-9.367340794549705],[-171.19137945628125,-9.36725216090457],[-171.1914692878097,-9.36725216090457],[-171.1914692878097,-9.367163527236812],[-171.1916489508665,-9.367163527236812],[-171.1916489508665,-9.367074893546373],[-171.19182861392335,-9.367074893546373],[-171.19182861392335,-9.366986259833311]]],[[[-171.18895400501424,-9.36663172475511],[-171.18904383654257,-9.36663172475511],[-171.18904383654257,-9.366897626097739],[-171.1893133311278,-9.366897626097739],[-171.1893133311278,-9.366808992339429],[-171.18949299418458,-9.366808992339429],[-171.18949299418458,-9.366720358558496],[-171.18967265724146,-9.366720358558496],[-171.18967265724146,-9.36663172475511],[-171.19048114099724,-9.36663172475511],[-171.19048114099724,-9.366543090928872],[-171.1908404671108,-9.366543090928872],[-171.1908404671108,-9.36663172475511],[-171.19093029863924,-9.36663172475511],[-171.19091154718498,-9.366790490905089],[-171.19085921856515,-9.366827493772746],[-171.19082171565654,-9.366879124668117],[-171.19058972397983,-9.366916127526281],[-171.19055222107133,-9.366967758408464],[-171.19041006092306,-9.367004761257249],[-171.19037255801445,-9.367145025821287],[-171.1903202293947,-9.367182028651257],[-171.1902827264861,-9.367322293143786],[-171.19023039786626,-9.36735929595477],[-171.19019289495765,-9.367410926770901],[-171.19014056633782,-9.367447929572506],[-171.19010306342932,-9.36749956037562],[-171.18996090328093,-9.367536563167732],[-171.18992340037235,-9.367588193957715],[-171.1893419737002,-9.367625196740391],[-171.18929457967354,-9.367447929572506],[-171.18915241952527,-9.367410926770901],[-171.18908875230684,-9.367323277721539],[-171.18899892077832,-9.367446944995152],[-171.1889352535599,-9.36735929595477],[-171.18888292494003,-9.367322293143786],[-171.18884542203145,-9.367270662314297],[-171.1887930934117,-9.367233659493763],[-171.1887555905031,-9.367031285372832],[-171.18884542203145,-9.366967758408464],[-171.18888292494003,-9.366827493772746],[-171.1889352535599,-9.366790490905089],[-171.18895400501424,-9.36663172475511]]],[[[-171.19093029863924,-9.36663172475511],[-171.19096103567225,-9.366525638977862],[-171.1910400988217,-9.366600748360668],[-171.19093029863924,-9.36663172475511]]],[[[-171.1911794078716,-9.366345715045327],[-171.19122017857742,-9.366297297482447],[-171.19135907092837,-9.36625708114616],[-171.1913998416343,-9.366208663570887],[-171.19144890245673,-9.366168447224538],[-171.19148967316266,-9.366120029636818],[-171.19161661283218,-9.36607981328018],[-171.1916489508665,-9.36618855539831],[-171.19173878239502,-9.36618855539831],[-171.19173878239502,-9.36636582320881],[-171.19155911933814,-9.36636582320881],[-171.19131001010578,-9.366385931371212],[-171.191236375009,-9.366473391314969],[-171.19108957634307,-9.366419336777028],[-171.1911794078716,-9.366345715045327]]],[[[-171.18789477812757,-9.366118422930299],[-171.18794710674743,-9.36608141998704],[-171.18798460965593,-9.366029788973151],[-171.18821660133256,-9.365992786020456],[-171.18828026855107,-9.365905136613208],[-171.18834393576958,-9.365992786020456],[-171.18848609591788,-9.366029788973151],[-171.18852359882638,-9.366071655320809],[-171.18834393576958,-9.366118422930299],[-171.188306432861,-9.366170053930944],[-171.1881642727128,-9.366207056864653],[-171.1881267698042,-9.366258687852223],[-171.18798460965593,-9.36629569077661],[-171.18794710674743,-9.366347321750936],[-171.18787602667322,-9.36636582320881],[-171.18787602667322,-9.366543090928872],[-171.1877861951448,-9.366543090928872],[-171.1877861951448,-9.366720358558496],[-171.18751670055957,-9.366720358558496],[-171.18751670055957,-9.366543090928872],[-171.1874268690312,-9.366543090928872],[-171.1874268690312,-9.366277189314985],[-171.18751670055957,-9.366277189314985],[-171.18751670055957,-9.36618855539831],[-171.18769636361645,-9.36618855539831],[-171.1877861951448,-9.36618855539831],[-171.18787602667322,-9.36618855539831],[-171.18789477812757,-9.366118422930299]]],[[[-171.18895400501424,-9.36663172475511],[-171.18879594451,-9.366653039282596],[-171.18871544484563,-9.366738757210896],[-171.18866290787636,-9.366515268428657],[-171.18875273940472,-9.366433142540416],[-171.18879594451,-9.366298503864243],[-171.18884257093316,-9.366255874764306],[-171.18888577603843,-9.366121236019353],[-171.1889699163359,-9.366044319663672],[-171.18879594451,-9.365989972930436],[-171.18872942619316,-9.365919142559278],[-171.18862561331727,-9.366029686187233],[-171.18857307634792,-9.365806196948824],[-171.18866290787636,-9.365724070893009],[-171.18870611298155,-9.365451660666167],[-171.1886162814531,-9.365369534526508],[-171.18857307634792,-9.36527439238904],[-171.18866290787636,-9.365192266207544],[-171.18870611298155,-9.365057627050362],[-171.18902094003,-9.365014997798085],[-171.1890654390952,-9.366482279585341],[-171.18897560756676,-9.36656440546193],[-171.18895400501424,-9.36663172475511]]],[[[-171.1914692878097,-9.363884065629804],[-171.1919184454518,-9.363884065629804],[-171.1919184454518,-9.364061334616338],[-171.19182861392335,-9.364061334616338],[-171.19182861392335,-9.364238603512263],[-171.19173878239502,-9.364238603512263],[-171.19173878239502,-9.364415872317807],[-171.1916489508665,-9.364415872317807],[-171.1916489508665,-9.364504506686671],[-171.19137945628125,-9.364504506686671],[-171.19137945628125,-9.364593141032913],[-171.1910201301677,-9.364593141032913],[-171.1910201301677,-9.364504506686671],[-171.1908404671108,-9.364504506686671],[-171.1908404671108,-9.364327237926375],[-171.19093029863924,-9.364327237926375],[-171.19093029863924,-9.364238603512263],[-171.1910201301677,-9.364238603512263],[-171.1910201301677,-9.36414996907547],[-171.19110996169613,-9.36414996907547],[-171.19110996169613,-9.364061334616338],[-171.1912896247529,-9.364061334616338],[-171.1912896247529,-9.363972700134354],[-171.1914692878097,-9.363972700134354],[-171.1914692878097,-9.363884065629804]]],[[[-171.1876776121621,-9.365143448158449],[-171.18762528354236,-9.36510644511145],[-171.18758778063375,-9.36496617972415],[-171.18753545201392,-9.364929176658222],[-171.1874979491053,-9.364700276903136],[-171.18744562048548,-9.364663273808844],[-171.18740811757687,-9.364372263810424],[-171.1874979491053,-9.36430873635976],[-171.18753545201392,-9.364257105082459],[-171.18758778063375,-9.3642201019411],[-171.18762528354236,-9.364168470650498],[-171.187857275219,-9.364131467499647],[-171.18789477812757,-9.36407983619597],[-171.1881267698042,-9.364042833035626],[-171.1881642727128,-9.363991201718704],[-171.1887555905031,-9.363954198549038],[-171.1887930934117,-9.363902567219043],[-171.1889352535599,-9.36386556403977],[-171.18897275646847,-9.363813932696473],[-171.18911491661675,-9.363776929507878],[-171.18915241952527,-9.36372529815145],[-171.18929457967354,-9.36368829495342],[-171.18933208258215,-9.363636663583918],[-171.18947424273034,-9.363599660376394],[-171.18951174563892,-9.363548028993705],[-171.18956407425878,-9.363511025776688],[-171.18960157716737,-9.363459394380811],[-171.18974373731555,-9.363422391154359],[-171.18978124022416,-9.36337075974535],[-171.18992340037235,-9.363333756509576],[-171.18996090328093,-9.363282125087323],[-171.1902827264861,-9.363245121842056],[-171.19034639370463,-9.363157471741488],[-171.19041006092306,-9.363245121842056],[-171.19049889456704,-9.363307940799416],[-171.19041006092306,-9.36337075974535],[-171.19037255801445,-9.363511025776688],[-171.1903202293947,-9.363548028993705],[-171.1902827264861,-9.36368829495342],[-171.19023039786626,-9.36372529815145],[-171.19019289495765,-9.363776929507878],[-171.19014056633782,-9.363813932696473],[-171.19010306342932,-9.36386556403977],[-171.19005073480946,-9.363902567219043],[-171.19001323190088,-9.363954198549038],[-171.1898710717526,-9.363991201718704],[-171.189833568844,-9.364042833035626],[-171.1896914086958,-9.36407983619597],[-171.1896539057872,-9.364131467499647],[-171.18951174563892,-9.364168470650498],[-171.18947424273034,-9.3642201019411],[-171.1892422510537,-9.364257105082459],[-171.1892047481451,-9.36430873635976],[-171.18906258799691,-9.364345739491796],[-171.18902508508833,-9.36448600512955],[-171.1887930934117,-9.36452300824277],[-171.1887555905031,-9.364574639480452],[-171.18870326188326,-9.364611642584293],[-171.18866575897465,-9.364663273808844],[-171.18861343035482,-9.364700276903136],[-171.1885759274462,-9.364751908114613],[-171.18852359882638,-9.364788911199469],[-171.18848609591788,-9.364840542397815],[-171.18843376729802,-9.364877545473178],[-171.18839626438952,-9.364929176658222],[-171.18825410424117,-9.36496617972415],[-171.18821660133256,-9.365017810896177],[-171.1881642727128,-9.36505481395261],[-171.1881267698042,-9.36510644511145],[-171.18798460965593,-9.365143448158449],[-171.18794710674743,-9.365283713474184],[-171.18769636361645,-9.36530221498873],[-171.1876776121621,-9.365143448158449]]],[[[-171.186708216804,-9.360338666910764],[-171.186708216804,-9.360250031479495],[-171.18688787986068,-9.360250031479495],[-171.18688787986068,-9.360338666910764],[-171.186708216804,-9.360338666910764]]],[[[-171.186708216804,-9.360250031479495],[-171.18661838527547,-9.360250031479495],[-171.18661838527547,-9.36016139602549],[-171.186708216804,-9.36016139602549],[-171.186708216804,-9.360250031479495]]],[[[-171.18661838527547,-9.36016139602549],[-171.18651086597168,-9.360131062829964],[-171.18658699029675,-9.360053052352441],[-171.18661838527547,-9.36016139602549]]],[[[-171.18518108082088,-9.358743225688272],[-171.18528860012458,-9.358773559004817],[-171.1852124757997,-9.358851569769513],[-171.18518108082088,-9.358743225688272]]],[[[-171.18518108082088,-9.358743225688272],[-171.18498916900708,-9.358717344718343],[-171.18502962170587,-9.358456003076867],[-171.18511285184508,-9.358544638965611],[-171.18515947826825,-9.358587269011593],[-171.18518108082088,-9.358743225688272]]],[[[-171.186708216804,-9.360338666910764],[-171.186708216804,-9.36087047902447],[-171.18661838527547,-9.36087047902447],[-171.18661838527547,-9.361225019981418],[-171.186708216804,-9.361225019981418],[-171.186708216804,-9.361313655164167],[-171.18688787986068,-9.361313655164167],[-171.18688787986068,-9.36140229032435],[-171.18697771138912,-9.36140229032435],[-171.18697771138912,-9.361313655164167],[-171.187157374446,-9.361313655164167],[-171.187157374446,-9.361225019981418],[-171.18724720597436,-9.361225019981418],[-171.18724720597436,-9.361136384776103],[-171.18733703750277,-9.361136384776103],[-171.18733703750277,-9.361047749547993],[-171.1874268690312,-9.361047749547993],[-171.1874268690312,-9.360959114297657],[-171.18751670055957,-9.360959114297657],[-171.18751670055957,-9.36087047902447],[-171.187606532088,-9.36087047902447],[-171.187606532088,-9.360604573069338],[-171.1877861951448,-9.360604573069338],[-171.1877861951448,-9.36051593770577],[-171.18787602667322,-9.36051593770577],[-171.18787602667322,-9.360427302319465],[-171.18805568973002,-9.360427302319465],[-171.18805568973002,-9.360338666910764],[-171.18859467890056,-9.360338666910764],[-171.18859467890056,-9.360250031479495],[-171.18895400501424,-9.360250031479495],[-171.18895400501424,-9.36016139602549],[-171.18922349959945,-9.36016139602549],[-171.18922349959945,-9.360250031479495],[-171.18940316265625,-9.360250031479495],[-171.18940316265625,-9.360338666910764],[-171.18949299418458,-9.360338666910764],[-171.1895828257131,-9.360338666910764],[-171.1895828257131,-9.360250031479495],[-171.1897624887699,-9.360250031479495],[-171.1897624887699,-9.360338666910764],[-171.18985232029834,-9.360338666910764],[-171.18985232029834,-9.360427302319465],[-171.1899421518267,-9.360427302319465],[-171.1899421518267,-9.36051593770577],[-171.19003198335514,-9.36051593770577],[-171.19003198335514,-9.360604573069338],[-171.19012181488347,-9.360604573069338],[-171.19012181488347,-9.360693208410282],[-171.1902116464119,-9.360693208410282],[-171.1902116464119,-9.360959114297657],[-171.19030147794035,-9.360959114297657],[-171.19030147794035,-9.361047749547993],[-171.1903913094687,-9.361047749547993],[-171.1903913094687,-9.361225019981418],[-171.19030147794035,-9.361225019981418],[-171.19030147794035,-9.361313655164167],[-171.1902116464119,-9.361313655164167],[-171.1902116464119,-9.36140229032435],[-171.19012181488347,-9.36140229032435],[-171.19012181488347,-9.361490925461737],[-171.19003198335514,-9.361490925461737],[-171.19003198335514,-9.361579560576786],[-171.1899421518267,-9.361579560576786],[-171.1899421518267,-9.36166819566904],[-171.18985232029834,-9.36166819566904],[-171.18985232029834,-9.361845465785962],[-171.1895828257131,-9.361845465785962],[-171.18949299418458,-9.361845465785962],[-171.18940316265625,-9.361845465785962],[-171.18940316265625,-9.361934100810402],[-171.1893133311278,-9.361934100810402],[-171.1893133311278,-9.362022735812332],[-171.189133668071,-9.362022735812332],[-171.189133668071,-9.362111370791581],[-171.18904383654257,-9.362111370791581],[-171.1888641734858,-9.362111370791581],[-171.1888641734858,-9.36220000574832],[-171.1886845104289,-9.36220000574832],[-171.1886845104289,-9.362288640682266],[-171.18841501584367,-9.362288640682266],[-171.18832518431535,-9.362288640682266],[-171.18832518431535,-9.362377275593758],[-171.18814552125846,-9.362377275593758],[-171.18814552125846,-9.36246591048274],[-171.18796585820166,-9.36246591048274],[-171.18796585820166,-9.362554545348985],[-171.18787602667322,-9.362554545348985],[-171.18769636361645,-9.362554545348985],[-171.18769636361645,-9.36264318019255],[-171.1874268690312,-9.36264318019255],[-171.18688787986068,-9.36264318019255],[-171.18688787986068,-9.36273181501366],[-171.186708216804,-9.36273181501366],[-171.186708216804,-9.362820449812148],[-171.18679804833232,-9.362820449812148],[-171.18679804833232,-9.36290908458784],[-171.186708216804,-9.36290908458784],[-171.186708216804,-9.362997719341081],[-171.18661838527547,-9.362997719341081],[-171.18661838527547,-9.363086354071754],[-171.18652855374702,-9.363086354071754],[-171.18652855374702,-9.36317498877969],[-171.18643872221867,-9.36317498877969],[-171.18643872221867,-9.363263623465059],[-171.18634889069023,-9.363263623465059],[-171.18634889069023,-9.363352258127861],[-171.18625905916178,-9.363352258127861],[-171.18625905916178,-9.363440892768097],[-171.18616922763346,-9.363440892768097],[-171.18616922763346,-9.363529527385651],[-171.18589973304822,-9.363529527385651],[-171.18589973304822,-9.363440892768097],[-171.18580990151978,-9.363440892768097],[-171.18580990151978,-9.363263623465059],[-171.18572006999142,-9.363263623465059],[-171.18572006999142,-9.36317498877969],[-171.1856302384629,-9.36317498877969],[-171.1856302384629,-9.363086354071754],[-171.18554040693456,-9.363086354071754],[-171.18554040693456,-9.362997719341081],[-171.18545057540612,-9.362997719341081],[-171.18545057540612,-9.36290908458784],[-171.18536074387768,-9.36290908458784],[-171.18536074387768,-9.36273181501366],[-171.18545057540612,-9.36273181501366],[-171.18545057540612,-9.36264318019255],[-171.18572006999142,-9.36264318019255],[-171.18572006999142,-9.362554545348985],[-171.18589973304822,-9.362554545348985],[-171.18589973304822,-9.36246591048274],[-171.1860793961051,-9.36246591048274],[-171.1860793961051,-9.362377275593758],[-171.1860793961051,-9.36220000574832],[-171.18598956457657,-9.36220000574832],[-171.18598956457657,-9.362022735812332],[-171.18589973304822,-9.362022735812332],[-171.18589973304822,-9.361845465785962],[-171.18580990151978,-9.361845465785962],[-171.18580990151978,-9.361756830738727],[-171.18572006999142,-9.361756830738727],[-171.18572006999142,-9.361579560576786],[-171.1856302384629,-9.361579560576786],[-171.1856302384629,-9.361490925461737],[-171.18554040693456,-9.361490925461737],[-171.18554040693456,-9.36140229032435],[-171.18545057540612,-9.36140229032435],[-171.18545057540612,-9.361313655164167],[-171.18536074387768,-9.361313655164167],[-171.18536074387768,-9.361225019981418],[-171.18527091234932,-9.361225019981418],[-171.18527091234932,-9.361047749547993],[-171.18509124929255,-9.361047749547993],[-171.18509124929255,-9.360959114297657],[-171.18500141776403,-9.360959114297657],[-171.18500141776403,-9.36087047902447],[-171.18491158623567,-9.36087047902447],[-171.18491158623567,-9.360693208410282],[-171.18482175470723,-9.360693208410282],[-171.18482175470723,-9.360604573069338],[-171.18464209165043,-9.360604573069338],[-171.18464209165043,-9.36051593770577],[-171.1841031024799,-9.36051593770577],[-171.1841031024799,-9.360604573069338],[-171.18401327095154,-9.360604573069338],[-171.18401327095154,-9.36087047902447],[-171.18401327095154,-9.360959114297657],[-171.18392343942313,-9.360959114297657],[-171.18365394483789,-9.360959114297657],[-171.18365394483789,-9.36087047902447],[-171.18356411330944,-9.36087047902447],[-171.18356411330944,-9.36078184372866],[-171.183474281781,-9.36078184372866],[-171.183474281781,-9.360604573069338],[-171.18338445025267,-9.360604573069338],[-171.18338445025267,-9.36051593770577],[-171.18329461872423,-9.36051593770577],[-171.18329461872423,-9.360427302319465],[-171.18320478719588,-9.360427302319465],[-171.18320478719588,-9.360338666910764],[-171.18311495566735,-9.360338666910764],[-171.18311495566735,-9.36016139602549],[-171.183025124139,-9.36016139602549],[-171.183025124139,-9.360072760548917],[-171.18293529261055,-9.360072760548917],[-171.18293529261055,-9.359895489527958],[-171.1828454610821,-9.359895489527958],[-171.1828454610821,-9.35980685398357],[-171.18275562955378,-9.35980685398357],[-171.18275562955378,-9.359718218416674],[-171.18266579802534,-9.359718218416674],[-171.18266579802534,-9.35962958282704],[-171.18257596649698,-9.35962958282704],[-171.18257596649698,-9.359540947214839],[-171.18248613496846,-9.359540947214839],[-171.1823963034401,-9.359540947214839],[-171.1823963034401,-9.359452311580014],[-171.18230647191166,-9.359452311580014],[-171.18230647191166,-9.359363675922737],[-171.18221664038325,-9.359363675922737],[-171.18221664038325,-9.359275040242665],[-171.1821268088549,-9.359275040242665],[-171.1821268088549,-9.359186404540083],[-171.1821268088549,-9.35909776881499],[-171.18203697732645,-9.35909776881499],[-171.18203697732645,-9.358920497296765],[-171.1819471457981,-9.358920497296765],[-171.1819471457981,-9.358300046271324],[-171.18203697732645,-9.358300046271324],[-171.18203697732645,-9.357768230225474],[-171.1821268088549,-9.357768230225474],[-171.1821268088549,-9.357325049565759],[-171.18221664038325,-9.357325049565759],[-171.18221664038325,-9.356881868341247],[-171.18230647191166,-9.356881868341247],[-171.18230647191166,-9.356615959335386],[-171.1823963034401,-9.356615959335386],[-171.1823963034401,-9.356350050126082],[-171.18248613496846,-9.356350050126082],[-171.18248613496846,-9.356172777207007],[-171.18257596649698,-9.356172777207007],[-171.18257596649698,-9.355995504197551],[-171.18266579802534,-9.355995504197551],[-171.18266579802534,-9.355906867658916],[-171.18266579802534,-9.355818231097714],[-171.18275562955378,-9.355818231097714],[-171.18275562955378,-9.355729594513775],[-171.1828454610821,-9.355729594513775],[-171.1828454610821,-9.355640957907553],[-171.1828454610821,-9.35555232127848],[-171.18293529261055,-9.35555232127848],[-171.18293529261055,-9.355463684626955],[-171.18293529261055,-9.355375047952748],[-171.183025124139,-9.355375047952748],[-171.183025124139,-9.355286411256031],[-171.18311495566735,-9.355286411256031],[-171.18311495566735,-9.355109137794614],[-171.18320478719588,-9.355109137794614],[-171.18320478719588,-9.355020501030197],[-171.18329461872423,-9.355020501030197],[-171.18329461872423,-9.35484322743332],[-171.18338445025267,-9.35484322743332],[-171.18338445025267,-9.354665953746121],[-171.183474281781,-9.354665953746121],[-171.183474281781,-9.354577316868642],[-171.183474281781,-9.354400043045985],[-171.18356411330944,-9.354400043045985],[-171.18356411330944,-9.354134132142462],[-171.18365394483789,-9.354134132142462],[-171.18365394483789,-9.353956858093795],[-171.18374377636624,-9.353956858093795],[-171.18374377636624,-9.353779583954974],[-171.18383360789477,-9.353779583954974],[-171.18383360789477,-9.353690946851543],[-171.18392343942313,-9.353690946851543],[-171.18392343942313,-9.353602309725602],[-171.18401327095154,-9.353602309725602],[-171.18401327095154,-9.353513672577094],[-171.1841031024799,-9.353513672577094],[-171.1841031024799,-9.353425035405962],[-171.18419293400834,-9.353425035405962],[-171.18419293400834,-9.353336398212264],[-171.18428276553678,-9.353336398212264],[-171.18428276553678,-9.353159123757166],[-171.18437259706513,-9.353159123757166],[-171.18437259706513,-9.353070486495653],[-171.184552260122,-9.353070486495653],[-171.184552260122,-9.35298184921163],[-171.18464209165043,-9.35298184921163],[-171.18464209165043,-9.35280457457577],[-171.1847319231788,-9.35280457457577],[-171.1847319231788,-9.352627299849587],[-171.18482175470723,-9.352627299849587],[-171.18482175470723,-9.352538662452616],[-171.18491158623567,-9.352538662452616],[-171.18491158623567,-9.352272750126247],[-171.18500141776403,-9.352272750126247],[-171.18500141776403,-9.352184112638952],[-171.18500141776403,-9.352095475128976],[-171.18509124929255,-9.352095475128976],[-171.18509124929255,-9.351829562463934],[-171.18518108082088,-9.351829562463934],[-171.18518108082088,-9.351652287240881],[-171.18527091234932,-9.351652287240881],[-171.18527091234932,-9.351563649595562],[-171.18536074387768,-9.351563649595562],[-171.18536074387768,-9.351475011927448],[-171.18545057540612,-9.351475011927448],[-171.18545057540612,-9.351386374236995],[-171.18554040693456,-9.351386374236995],[-171.18554040693456,-9.351297736523918],[-171.1856302384629,-9.351297736523918],[-171.1856302384629,-9.351209098788217],[-171.18572006999142,-9.351209098788217],[-171.18572006999142,-9.351120461029893],[-171.18580990151978,-9.351120461029893],[-171.18580990151978,-9.350943185445544],[-171.18589973304822,-9.350943185445544],[-171.18589973304822,-9.350765909770871],[-171.18598956457657,-9.350765909770871],[-171.18598956457657,-9.350677271899826],[-171.1860793961051,-9.350677271899826],[-171.1860793961051,-9.350499996089582],[-171.18616922763346,-9.350499996089582],[-171.18616922763346,-9.350411358150723],[-171.18625905916178,-9.350411358150723],[-171.18625905916178,-9.350234082205077],[-171.18634889069023,-9.350234082205077],[-171.18634889069023,-9.35014544419846],[-171.18643872221867,-9.35014544419846],[-171.18643872221867,-9.350056806169277],[-171.18652855374702,-9.350056806169277],[-171.18652855374702,-9.34996816811747],[-171.18661838527547,-9.34996816811747],[-171.18661838527547,-9.349790891946043],[-171.186708216804,-9.349790891946043],[-171.186708216804,-9.349702253826422],[-171.18679804833232,-9.349702253826422],[-171.18679804833232,-9.349524977519707],[-171.18688787986068,-9.349524977519707],[-171.18688787986068,-9.349436339332442],[-171.18697771138912,-9.349436339332442],[-171.18697771138912,-9.34934770112261],[-171.18706754291756,-9.34934770112261],[-171.18706754291756,-9.349259062890098],[-171.187157374446,-9.349259062890098],[-171.187157374446,-9.349170424635076],[-171.18724720597436,-9.349170424635076],[-171.18724720597436,-9.348993148057275],[-171.18733703750277,-9.348993148057275],[-171.18733703750277,-9.348904509734552],[-171.1874268690312,-9.348904509734552],[-171.1874268690312,-9.34872723302135],[-171.18751670055957,-9.34872723302135],[-171.18751670055957,-9.348638594630927],[-171.187606532088,-9.348638594630927],[-171.187606532088,-9.348461317782267],[-171.187606532088,-9.348372679324086],[-171.18769636361645,-9.348372679324086],[-171.18769636361645,-9.348284040843282],[-171.18769636361645,-9.348195402339968],[-171.1877861951448,-9.348195402339968],[-171.1877861951448,-9.348106763814144],[-171.18787602667322,-9.348106763814144],[-171.18787602667322,-9.34801812526564],[-171.18796585820166,-9.34801812526564],[-171.18796585820166,-9.347929486694397],[-171.18805568973002,-9.347929486694397],[-171.18805568973002,-9.347752209484668],[-171.18814552125846,-9.347752209484668],[-171.18814552125846,-9.347663570845953],[-171.1882353527869,-9.347663570845953],[-171.1882353527869,-9.347486293500708],[-171.18832518431535,-9.347486293500708],[-171.18832518431535,-9.347397654794179],[-171.18841501584367,-9.347397654794179],[-171.18841501584367,-9.347309016065026],[-171.18841501584367,-9.347220377313477],[-171.18850484737212,-9.347220377313477],[-171.18850484737212,-9.347131738539304],[-171.18859467890056,-9.347131738539304],[-171.18859467890056,-9.34704309974245],[-171.1886845104289,-9.34704309974245],[-171.1886845104289,-9.346954460923143],[-171.18877434195736,-9.346954460923143],[-171.18877434195736,-9.34686582208127],[-171.1888641734858,-9.34686582208127],[-171.1888641734858,-9.346777183216716],[-171.1888641734858,-9.346688544329595],[-171.18895400501424,-9.346688544329595],[-171.18895400501424,-9.346599905420078],[-171.18904383654257,-9.346599905420078],[-171.18904383654257,-9.346511266487767],[-171.189133668071,-9.346511266487767],[-171.189133668071,-9.346333988555728],[-171.18922349959945,-9.346333988555728],[-171.18922349959945,-9.34624534955583],[-171.18922349959945,-9.346156710533307],[-171.1893133311278,-9.346156710533307],[-171.1893133311278,-9.346068071488162],[-171.18940316265625,-9.346068071488162],[-171.18940316265625,-9.345979432420677],[-171.18940316265625,-9.345890793330398],[-171.18949299418458,-9.345890793330398],[-171.18949299418458,-9.345802154217722],[-171.1895828257131,-9.345802154217722],[-171.1895828257131,-9.345624875924443],[-171.18967265724146,-9.345624875924443],[-171.18967265724146,-9.34553623674401],[-171.1897624887699,-9.34553623674401],[-171.1897624887699,-9.345447597540897],[-171.18985232029834,-9.345447597540897],[-171.18985232029834,-9.345358958315444],[-171.1899421518267,-9.345358958315444],[-171.1899421518267,-9.34527031906714],[-171.19003198335514,-9.34527031906714],[-171.19003198335514,-9.34518167979644],[-171.19012181488347,-9.34518167979644],[-171.19012181488347,-9.34509304050323],[-171.1902116464119,-9.34509304050323],[-171.1902116464119,-9.345004401187339],[-171.19030147794035,-9.345004401187339],[-171.19030147794035,-9.344915761848881],[-171.1903913094687,-9.344915761848881],[-171.1903913094687,-9.344738483104322],[-171.19048114099724,-9.344738483104322],[-171.19048114099724,-9.344649843698107],[-171.1905709725256,-9.344649843698107],[-171.1905709725256,-9.344472564818147],[-171.190660804054,-9.344472564818147],[-171.190660804054,-9.34438392534446],[-171.19075063558236,-9.34438392534446],[-171.19075063558236,-9.344206646329098],[-171.1908404671108,-9.344206646329098],[-171.1908404671108,-9.344029367223527],[-171.19093029863924,-9.344029367223527],[-171.19093029863924,-9.343940727636834],[-171.1910201301677,-9.343940727636834],[-171.1910201301677,-9.343763448395862],[-171.19110996169613,-9.343763448395862],[-171.19110996169613,-9.343674808741525],[-171.19119979322446,-9.343674808741525],[-171.19119979322446,-9.343497529365152],[-171.1912896247529,-9.343497529365152],[-171.1912896247529,-9.343408889643115],[-171.19137945628125,-9.343408889643115],[-171.19137945628125,-9.343320249898511],[-171.1916489508665,-9.343320249898511],[-171.1916489508665,-9.343142970341717],[-171.19173878239502,-9.343142970341717],[-171.19173878239502,-9.342965690694541],[-171.19182861392335,-9.342965690694541],[-171.19182861392335,-9.34287705083716],[-171.1919184454518,-9.34287705083716],[-171.1919184454518,-9.34269977105464],[-171.19200827698015,-9.34269977105464],[-171.19200827698015,-9.342611131129559],[-171.1920981085086,-9.342611131129559],[-171.1920981085086,-9.34252249118191],[-171.19218794003703,-9.34252249118191],[-171.19218794003703,-9.342433851211695],[-171.19227777156536,-9.342433851211695],[-171.19227777156536,-9.342345211218912],[-171.19236760309389,-9.342345211218912],[-171.19236760309389,-9.342256571203677],[-171.19245743462224,-9.342256571203677],[-171.19245743462224,-9.342167931165704],[-171.19254726615068,-9.342167931165704],[-171.19254726615068,-9.342079291105279],[-171.19263709767904,-9.342079291105279],[-171.19263709767904,-9.341902010916726],[-171.19272692920757,-9.341902010916726],[-171.19272692920757,-9.3418133707886],[-171.19281676073592,-9.3418133707886],[-171.19281676073592,-9.341636090464647],[-171.19290659226425,-9.341636090464647],[-171.19290659226425,-9.34154745026882],[-171.19299642379278,-9.34154745026882],[-171.19299642379278,-9.341370169809522],[-171.19308625532113,-9.341370169809522],[-171.19308625532113,-9.341281529546166],[-171.19317608684958,-9.341281529546166],[-171.19317608684958,-9.341192889260014],[-171.19326591837793,-9.341192889260014],[-171.19326591837793,-9.341104248951524],[-171.19335574990646,-9.341104248951524],[-171.19335574990646,-9.340926968266615],[-171.1934455814348,-9.340926968266615],[-171.1934455814348,-9.34083832789031],[-171.19353541296314,-9.34083832789031],[-171.19353541296314,-9.340749687491552],[-171.19362524449167,-9.340749687491552],[-171.19362524449167,-9.34066104707017],[-171.19371507602003,-9.34066104707017],[-171.19371507602003,-9.34057240662628],[-171.19371507602003,-9.340483766159764],[-171.19380490754847,-9.340483766159764],[-171.19380490754847,-9.340395125670682],[-171.19389473907682,-9.340395125670682],[-171.19389473907682,-9.34021784462493],[-171.19398457060535,-9.34021784462493],[-171.19398457060535,-9.340129204068262],[-171.19398457060535,-9.340040563489026],[-171.19407440213368,-9.340040563489026],[-171.19407440213368,-9.339951922887167],[-171.19416423366212,-9.339951922887167],[-171.19416423366212,-9.339863282262797],[-171.19425406519048,-9.339863282262797],[-171.19425406519048,-9.339774641615918],[-171.19434389671892,-9.339774641615918],[-171.19434389671892,-9.339686000946415],[-171.19443372824736,-9.339686000946415],[-171.19443372824736,-9.339597360254288],[-171.1945235597757,-9.339597360254288],[-171.1945235597757,-9.339508719539708],[-171.19461339130422,-9.339508719539708],[-171.19461339130422,-9.339420078802675],[-171.19470322283257,-9.339420078802675],[-171.19470322283257,-9.339242797260681],[-171.19479305436093,-9.339242797260681],[-171.19479305436093,-9.339154156455834],[-171.19488288588937,-9.339154156455834],[-171.19488288588937,-9.339065515628533],[-171.1949727174178,-9.339065515628533],[-171.1949727174178,-9.33897687477861],[-171.19506254894625,-9.33897687477861],[-171.19506254894625,-9.338799593011174],[-171.19515238047458,-9.338799593011174],[-171.19515238047458,-9.33871095209355],[-171.19524221200302,-9.33871095209355],[-171.19524221200302,-9.338622311153472],[-171.19533204353147,-9.338622311153472],[-171.19533204353147,-9.338533670190827],[-171.19542187505982,-9.338533670190827],[-171.19542187505982,-9.338356388197724],[-171.19551170658835,-9.338356388197724],[-171.19551170658835,-9.338267747167492],[-171.1956015381167,-9.338267747167492],[-171.1956015381167,-9.338179106114637],[-171.19569136964503,-9.338179106114637],[-171.19569136964503,-9.338090465039215],[-171.19578120117347,-9.338090465039215],[-171.19578120117347,-9.33800182394117],[-171.19587103270192,-9.33800182394117],[-171.19587103270192,-9.337913182820614],[-171.19596086423027,-9.337913182820614],[-171.19596086423027,-9.337735900511973],[-171.1960506957588,-9.337735900511973],[-171.1960506957588,-9.337647259323774],[-171.19614052728716,-9.337647259323774],[-171.19614052728716,-9.337558618113064],[-171.19623035881557,-9.337558618113064],[-171.19623035881557,-9.337469976879845],[-171.1964998534008,-9.337469976879845],[-171.19647784511503,-9.337403052300942],[-171.19638969134826,-9.337319480417818],[-171.1967948762817,-9.337270977661774],[-171.19688118780024,-9.337359618945698],[-171.19703884257126,-9.337381335624002],[-171.19703884257126,-9.337115411721186],[-171.19694901104282,-9.337115411721186],[-171.19694901104282,-9.336583563306988],[-171.19703884257126,-9.336583563306988],[-171.19703884257126,-9.33640628032174],[-171.19748800021335,-9.33640628032174],[-171.19748800021335,-9.336317638795435],[-171.19766766327015,-9.336317638795435],[-171.19766766327015,-9.336140355675013],[-171.1977574947986,-9.336140355675013],[-171.1977574947986,-9.336051714080952],[-171.1977574947986,-9.335785789163538],[-171.19784732632692,-9.335785789163538],[-171.19784732632692,-9.335697147479436],[-171.19802698938372,-9.335697147479436],[-171.19802698938372,-9.335608505772655],[-171.19811682091216,-9.335608505772655],[-171.19811682091216,-9.335519864043306],[-171.1982066524406,-9.335519864043306],[-171.1982066524406,-9.335342580517136],[-171.19829648396905,-9.335342580517136],[-171.19829648396905,-9.3352539387202],[-171.1984761470259,-9.3352539387202],[-171.1984761470259,-9.335165296900641],[-171.19856597855426,-9.335165296900641],[-171.19856597855426,-9.335076655058685],[-171.1986558100826,-9.335076655058685],[-171.1986558100826,-9.334988013194163],[-171.19874564161105,-9.334988013194163],[-171.1988354731395,-9.334988013194163],[-171.1988354731395,-9.334899371307017],[-171.19892530466794,-9.334899371307017],[-171.19892530466794,-9.334810729397361],[-171.19901513619635,-9.334810729397361],[-171.19901513619635,-9.334722087465252],[-171.19955412536672,-9.334722087465252],[-171.19955412536672,-9.334810729397361],[-171.19964395689524,-9.334810729397361],[-171.19964395689524,-9.334899371307017],[-171.19982361995204,-9.334899371307017],[-171.19982361995204,-9.334988013194163],[-171.19991345148048,-9.334988013194163],[-171.19991345148048,-9.335076655058685],[-171.20000328300893,-9.335076655058685],[-171.20000328300893,-9.335165296900641],[-171.20016093777986,-9.335187013715768],[-171.200244957454,-9.335273304768975],[-171.20027277759414,-9.335076655058685],[-171.2001829460656,-9.335076655058685],[-171.2001829460656,-9.334899371307017],[-171.20009311453725,-9.334899371307017],[-171.20009311453725,-9.334810729397361],[-171.20000328300893,-9.334810729397361],[-171.20000328300893,-9.334367519510977],[-171.20009311453725,-9.334367519510977],[-171.20009311453725,-9.33427887746609],[-171.2001829460656,-9.33427887746609],[-171.2001829460656,-9.334190235398637],[-171.20027277759414,-9.334190235398637],[-171.20027277759414,-9.334101593308674],[-171.20063210370782,-9.334101593308674],[-171.20063210370782,-9.334012951196087],[-171.20108126134983,-9.334012951196087],[-171.20108126134983,-9.334101593308674],[-171.20117109287816,-9.334101593308674],[-171.20117109287816,-9.334367519510977],[-171.20126092440668,-9.334367519510977],[-171.20126092440668,-9.33445616153341],[-171.20135075593504,-9.33445616153341],[-171.20135075593504,-9.334722087465252],[-171.2014405874634,-9.334722087465252],[-171.2014405874634,-9.335076655058685],[-171.2014405874634,-9.335165296900641],[-171.20135075593504,-9.335165296900641],[-171.20135075593504,-9.3352539387202],[-171.20126092440668,-9.3352539387202],[-171.20126092440668,-9.335342580517136],[-171.20117109287816,-9.335342580517136],[-171.20117109287816,-9.335431222291504],[-171.20108126134983,-9.335431222291504],[-171.20108126134983,-9.335519864043306],[-171.20099142982139,-9.335519864043306],[-171.20099142982139,-9.335608505772655],[-171.20063210370782,-9.335608505772655],[-171.2005422721793,-9.335608505772655],[-171.2005422721793,-9.335697147479436],[-171.20063210370782,-9.335697147479436],[-171.20063210370782,-9.3358744308253],[-171.2005422721793,-9.3358744308253],[-171.2005422721793,-9.336051714080952],[-171.20045244065093,-9.336051714080952],[-171.20045244065093,-9.336140355675013],[-171.2003626091225,-9.336140355675013],[-171.2003626091225,-9.336228997246508],[-171.20027277759414,-9.336228997246508],[-171.20027277759414,-9.336317638795435],[-171.2001829460656,-9.336317638795435],[-171.2001829460656,-9.33640628032174],[-171.20000328300893,-9.33640628032174],[-171.20000328300893,-9.336494921825647],[-171.19991345148048,-9.336494921825647],[-171.19991345148048,-9.336583563306988],[-171.1997337884236,-9.336583563306988],[-171.1997337884236,-9.336672204765648],[-171.19964395689524,-9.336672204765648],[-171.19964395689524,-9.336760846201855],[-171.19955412536672,-9.336760846201855],[-171.19955412536672,-9.33684948761561],[-171.1994642938384,-9.33684948761561],[-171.1994642938384,-9.336938129006569],[-171.1992846307815,-9.336938129006569],[-171.1992846307815,-9.33702677037519],[-171.19919479925315,-9.33702677037519],[-171.19919479925315,-9.337115411721186],[-171.1991049677247,-9.337115411721186],[-171.1991049677247,-9.33720405304473],[-171.19901513619635,-9.33720405304473],[-171.19901513619635,-9.337292694345592],[-171.19892530466794,-9.337292694345592],[-171.19892530466794,-9.337381335624002],[-171.1988354731395,-9.337381335624002],[-171.1988354731395,-9.337558618113064],[-171.19874564161105,-9.337558618113064],[-171.19874564161105,-9.337647259323774],[-171.1986558100826,-9.337647259323774],[-171.1986558100826,-9.337735900511973],[-171.19856597855426,-9.337735900511973],[-171.19856597855426,-9.337824541677662],[-171.1984761470259,-9.337824541677662],[-171.1984761470259,-9.337913182820614],[-171.1983863154975,-9.337913182820614],[-171.1983863154975,-9.338090465039215],[-171.1982066524406,-9.338090465039215],[-171.1982066524406,-9.338179106114637],[-171.19811682091216,-9.338179106114637],[-171.19811682091216,-9.338356388197724],[-171.19802698938372,-9.338356388197724],[-171.19802698938372,-9.338622311153472],[-171.19793715785536,-9.338622311153472],[-171.19793715785536,-9.338799593011174],[-171.19784732632692,-9.338799593011174],[-171.19784732632692,-9.338888233906175],[-171.1977574947986,-9.338888233906175],[-171.1977574947986,-9.339065515628533],[-171.19766766327015,-9.339065515628533],[-171.19766766327015,-9.339154156455834],[-171.19748800021335,-9.339154156455834],[-171.19748800021335,-9.339242797260681],[-171.19739816868483,-9.339242797260681],[-171.19739816868483,-9.339331438042848],[-171.19721850562814,-9.339331438042848],[-171.19721850562814,-9.339420078802675],[-171.1971286740997,-9.339420078802675],[-171.1971286740997,-9.339508719539708],[-171.19703884257126,-9.339508719539708],[-171.19703884257126,-9.339686000946415],[-171.19694901104282,-9.339686000946415],[-171.19694901104282,-9.339774641615918],[-171.19685917951446,-9.339774641615918],[-171.19685917951446,-9.339863282262797],[-171.19676934798602,-9.339863282262797],[-171.19676934798602,-9.340040563489026],[-171.1966795164576,-9.340040563489026],[-171.1966795164576,-9.340129204068262],[-171.19658968492925,-9.340129204068262],[-171.19658968492925,-9.34021784462493],[-171.1964998534008,-9.34021784462493],[-171.1964998534008,-9.340306485159147],[-171.19641002187237,-9.340306485159147],[-171.19641002187237,-9.340395125670682],[-171.196320190344,-9.340395125670682],[-171.196320190344,-9.340483766159764],[-171.19623035881557,-9.340483766159764],[-171.19623035881557,-9.34057240662628],[-171.19614052728716,-9.34057240662628],[-171.19614052728716,-9.34066104707017],[-171.1960506957588,-9.34066104707017],[-171.1960506957588,-9.340749687491552],[-171.19596086423027,-9.340749687491552],[-171.19596086423027,-9.34083832789031],[-171.19587103270192,-9.34083832789031],[-171.19587103270192,-9.340926968266615],[-171.19569136964503,-9.340926968266615],[-171.19569136964503,-9.34101560862041],[-171.19551170658835,-9.34101560862041],[-171.19551170658835,-9.341104248951524],[-171.19542187505982,-9.341104248951524],[-171.19542187505982,-9.341192889260014],[-171.19533204353147,-9.341192889260014],[-171.19533204353147,-9.341281529546166],[-171.19524221200302,-9.341281529546166],[-171.19524221200302,-9.34145881005054],[-171.19515238047458,-9.34145881005054],[-171.19515238047458,-9.341636090464647],[-171.19506254894625,-9.341636090464647],[-171.19506254894625,-9.341724730637907],[-171.1949727174178,-9.341724730637907],[-171.1949727174178,-9.3418133707886],[-171.19488288588937,-9.3418133707886],[-171.19488288588937,-9.341990651022286],[-171.19479305436093,-9.341990651022286],[-171.19479305436093,-9.342079291105279],[-171.19470322283257,-9.342079291105279],[-171.19470322283257,-9.342167931165704],[-171.19461339130422,-9.342167931165704],[-171.19461339130422,-9.342345211218912],[-171.1945235597757,-9.342345211218912],[-171.1945235597757,-9.342433851211695],[-171.19443372824736,-9.342433851211695],[-171.19443372824736,-9.342611131129559],[-171.19434389671892,-9.342611131129559],[-171.19434389671892,-9.342788410957155],[-171.19425406519048,-9.342788410957155],[-171.19425406519048,-9.342965690694541],[-171.19416423366212,-9.342965690694541],[-171.19416423366212,-9.343142970341717],[-171.19407440213368,-9.343142970341717],[-171.19407440213368,-9.34323161013134],[-171.19398457060535,-9.34323161013134],[-171.19398457060535,-9.343497529365152],[-171.19389473907682,-9.343497529365152],[-171.19389473907682,-9.343586169064565],[-171.19380490754847,-9.343586169064565],[-171.19380490754847,-9.343763448395862],[-171.19371507602003,-9.343763448395862],[-171.19371507602003,-9.343940727636834],[-171.19362524449167,-9.343940727636834],[-171.19362524449167,-9.344118006787596],[-171.19353541296314,-9.344118006787596],[-171.19353541296314,-9.344206646329098],[-171.1934455814348,-9.344206646329098],[-171.1934455814348,-9.344295285847977],[-171.19335574990646,-9.344295285847977],[-171.19335574990646,-9.34438392534446],[-171.19326591837793,-9.34438392534446],[-171.19326591837793,-9.344472564818147],[-171.19317608684958,-9.344472564818147],[-171.19317608684958,-9.344561204269496],[-171.19308625532113,-9.344561204269496],[-171.19308625532113,-9.344649843698107],[-171.19299642379278,-9.344649843698107],[-171.19299642379278,-9.344738483104322],[-171.19290659226425,-9.344738483104322],[-171.19290659226425,-9.344915761848881],[-171.19281676073592,-9.344915761848881],[-171.19281676073592,-9.34509304050323],[-171.19272692920757,-9.34509304050323],[-171.19272692920757,-9.34518167979644],[-171.19263709767904,-9.34518167979644],[-171.19263709767904,-9.34527031906714],[-171.19236760309389,-9.34527031906714],[-171.19236760309389,-9.345358958315444],[-171.1920981085086,-9.345358958315444],[-171.1920981085086,-9.345447597540897],[-171.1919184454518,-9.345447597540897],[-171.1919184454518,-9.34553623674401],[-171.19182861392335,-9.34553623674401],[-171.19182861392335,-9.345802154217722],[-171.1919184454518,-9.345802154217722],[-171.1919184454518,-9.346068071488162],[-171.19182861392335,-9.346068071488162],[-171.19182861392335,-9.346156710533307],[-171.19173878239502,-9.346156710533307],[-171.19173878239502,-9.34624534955583],[-171.1916489508665,-9.34624534955583],[-171.1916489508665,-9.346422627533059],[-171.19155911933814,-9.346422627533059],[-171.19155911933814,-9.346511266487767],[-171.1914692878097,-9.346511266487767],[-171.1914692878097,-9.346599905420078],[-171.19137945628125,-9.346599905420078],[-171.19137945628125,-9.346688544329595],[-171.19119979322446,-9.346688544329595],[-171.19119979322446,-9.346777183216716],[-171.19110996169613,-9.346777183216716],[-171.19110996169613,-9.34686582208127],[-171.1910201301677,-9.34686582208127],[-171.1910201301677,-9.346954460923143],[-171.19093029863924,-9.346954460923143],[-171.19093029863924,-9.347131738539304],[-171.1908404671108,-9.347131738539304],[-171.1908404671108,-9.347220377313477],[-171.19075063558236,-9.347220377313477],[-171.19075063558236,-9.347309016065026],[-171.190660804054,-9.347309016065026],[-171.190660804054,-9.347397654794179],[-171.19048114099724,-9.347397654794179],[-171.19048114099724,-9.347486293500708],[-171.1903913094687,-9.347486293500708],[-171.1903913094687,-9.347663570845953],[-171.19030147794035,-9.347663570845953],[-171.19030147794035,-9.34784084810093],[-171.1902116464119,-9.34784084810093],[-171.1902116464119,-9.348106763814144],[-171.19012181488347,-9.348106763814144],[-171.19012181488347,-9.348195402339968],[-171.18940316265625,-9.348195402339968],[-171.18940316265625,-9.348284040843282],[-171.1893133311278,-9.348284040843282],[-171.1893133311278,-9.348461317782267],[-171.18940316265625,-9.348461317782267],[-171.18940316265625,-9.34872723302135],[-171.18949299418458,-9.34872723302135],[-171.18949299418458,-9.348904509734552],[-171.18940316265625,-9.348904509734552],[-171.18940316265625,-9.348993148057275],[-171.18904383654257,-9.348993148057275],[-171.18895400501424,-9.348993148057275],[-171.1888641734858,-9.348993148057275],[-171.1888641734858,-9.349170424635076],[-171.18895400501424,-9.349170424635076],[-171.18895400501424,-9.349436339332442],[-171.18904383654257,-9.349436339332442],[-171.18904383654257,-9.349524977519707],[-171.189133668071,-9.349524977519707],[-171.189133668071,-9.349790891946043],[-171.189133668071,-9.34996816811747],[-171.18904383654257,-9.34996816811747],[-171.18904383654257,-9.350056806169277],[-171.18904383654257,-9.35014544419846],[-171.18895400501424,-9.35014544419846],[-171.18895400501424,-9.350234082205077],[-171.1888641734858,-9.350234082205077],[-171.1888641734858,-9.35032272018924],[-171.1886845104289,-9.35032272018924],[-171.1886845104289,-9.350411358150723],[-171.18850484737212,-9.350411358150723],[-171.18850484737212,-9.350499996089582],[-171.18832518431535,-9.350499996089582],[-171.18832518431535,-9.350588634005987],[-171.187606532088,-9.350588634005987],[-171.187606532088,-9.350677271899826],[-171.18762528354236,-9.350747407482856],[-171.1876776121621,-9.350784412058147],[-171.18771511507072,-9.350924683166852],[-171.1878039487148,-9.35098750435003],[-171.18771511507072,-9.35105032552201],[-171.1876776121621,-9.35110195876058],[-171.187606532088,-9.351120461029893],[-171.18758778063375,-9.351367871981893],[-171.18753545201392,-9.35140487649113],[-171.1874979491053,-9.351545147349782],[-171.18744562048548,-9.351582151840205],[-171.18740811757687,-9.35163378499982],[-171.18735578895703,-9.35167078948092],[-171.18731828604845,-9.351722422627347],[-171.18726595742868,-9.351759427099012],[-171.1872284545201,-9.35181106023225],[-171.18717612590035,-9.351848064694423],[-171.18713862299165,-9.351988335374472],[-171.18708629437182,-9.352025339817715],[-171.1870487914632,-9.35225424791821],[-171.18699646284338,-9.352291252333202],[-171.18695895993486,-9.352431522834479],[-171.18690663131503,-9.352468527230542],[-171.1868691284064,-9.352520160258791],[-171.18681679978658,-9.352557164645532],[-171.186779296878,-9.35260879766048],[-171.18672696825814,-9.352645802037728],[-171.18668946534964,-9.352697435039488],[-171.18663713672981,-9.352734439407413],[-171.1865996338212,-9.352874709729974],[-171.18650980229276,-9.352938239270031],[-171.18654730520146,-9.353229258839804],[-171.18663713672981,-9.353292788315173],[-171.1865996338212,-9.35358380758828],[-171.18654730520146,-9.353620811861958],[-171.18650980229276,-9.353672444718882],[-171.18645747367293,-9.353709448983068],[-171.18641997076432,-9.353761081827031],[-171.18636764214457,-9.353798086081724],[-171.18633013923596,-9.353849718912556],[-171.18609814755925,-9.353886723157814],[-171.18603448034082,-9.353974372890718],[-171.18594393603775,-9.353849718912556],[-171.18582865297404,-9.353886723157814],[-171.18579115006543,-9.353938355975458],[-171.18552165548022,-9.353981343644364],[-171.1855591583888,-9.354292904001056],[-171.18564898991724,-9.354356433282192],[-171.18561148700866,-9.35482472536205],[-171.1855591583888,-9.354861729503682],[-171.18552165548022,-9.35491336217649],[-171.18537949533203,-9.354950366308685],[-171.18534199242342,-9.355001998968362],[-171.18519983227515,-9.355039003091065],[-171.18516232936653,-9.355090635737554],[-171.1847319231788,-9.355109137794614],[-171.18464209165043,-9.355109137794614],[-171.184552260122,-9.355109137794614],[-171.184552260122,-9.355197774536634],[-171.18446242859366,-9.355197774536634],[-171.18446242859366,-9.355286411256031],[-171.18428276553678,-9.355286411256031],[-171.18430151699113,-9.355445182588653],[-171.1844436771393,-9.35548218666429],[-171.1844811800479,-9.355622455878631],[-171.18453350866767,-9.355659459935339],[-171.18457101157625,-9.355711092489685],[-171.1846233401962,-9.35574809653707],[-171.1846608431047,-9.355799729078342],[-171.18471317172452,-9.35583673311612],[-171.18475067463314,-9.355888365644262],[-171.18480300325297,-9.355925369672605],[-171.18484050616158,-9.356065638708287],[-171.1848928347814,-9.356102642717929],[-171.18493033769002,-9.356154275206507],[-171.18498266630976,-9.356191279206655],[-171.18502016921835,-9.356242911681989],[-171.1850724978382,-9.356279915672701],[-171.1851100007468,-9.356508820973147],[-171.1851988343908,-9.356571641147866],[-171.1851100007468,-9.35663446131133],[-171.1850724978382,-9.35668609372101],[-171.18502016921835,-9.356723097664428],[-171.18498266630976,-9.356774730061034],[-171.18493033769002,-9.356811733995073],[-171.1848928347814,-9.35686336637832],[-171.18484050616158,-9.35690037030298],[-171.18480300325297,-9.357217911422083],[-171.18475067463314,-9.357254915308943],[-171.18471317172452,-9.357483819967626],[-171.1846608431047,-9.357520823826178],[-171.1846233401962,-9.35766109221828],[-171.18457101157625,-9.35769809605813],[-171.18453350866767,-9.357749728309727],[-171.1844436771393,-9.357813256959275],[-171.1844811800479,-9.358192908428123],[-171.18453350866767,-9.3582299122113],[-171.18457101157625,-9.358281544384056],[-171.1846233401962,-9.358318548157797],[-171.1846608431047,-9.358458816227994],[-171.18471317172452,-9.358495819982807],[-171.18475067463314,-9.358636087981608],[-171.18480300325297,-9.358673091717606],[-171.18484050616158,-9.358813359644671],[-171.1848928347814,-9.35885036336174],[-171.18493033769002,-9.358901995442466],[-171.18498266630976,-9.358938999150155],[-171.18502016921835,-9.358990631217466],[-171.1850724978382,-9.359027634915776],[-171.1851100007468,-9.359167902699937],[-171.18516232936653,-9.359204906379262],[-171.18519983227515,-9.359345174091914],[-171.18525216089506,-9.359382177752309],[-171.1852896638036,-9.359433809754023],[-171.18534199242342,-9.359470813405096],[-171.18537949533203,-9.359522445393566],[-171.18543182395186,-9.359559449035203],[-171.18546932686047,-9.359699716604666],[-171.18552165548022,-9.359736720227488],[-171.1855591583888,-9.359788352176452],[-171.18561148700866,-9.35982535578978],[-171.1856302384629,-9.359895489527958],[-171.18580990151978,-9.359895489527958],[-171.18580990151978,-9.35998412504972],[-171.18598956457657,-9.35998412504972],[-171.18598956457657,-9.360072760548917],[-171.18616922763346,-9.360072760548917],[-171.18616922763346,-9.36016139602549],[-171.18634889069023,-9.36016139602549],[-171.18634889069023,-9.360250031479495],[-171.18652855374702,-9.360250031479495],[-171.18652855374702,-9.360338666910764],[-171.186708216804,-9.360338666910764]]],[[[-171.21141188711718,-9.32523727051273],[-171.21204070781607,-9.32523727051273],[-171.21204070781607,-9.325325914855853],[-171.21231020240128,-9.325325914855853],[-171.21231020240128,-9.325414559176295],[-171.21248986545808,-9.325414559176295],[-171.21248986545808,-9.32550320347434],[-171.21257969698652,-9.32550320347434],[-171.21266952851497,-9.32550320347434],[-171.21266952851497,-9.325591847749877],[-171.2127593600434,-9.325591847749877],[-171.2127593600434,-9.325680492002789],[-171.21284919157173,-9.325680492002789],[-171.21291863774724,-9.325700602515326],[-171.21295940845314,-9.32574902572469],[-171.21300846927565,-9.325789246740726],[-171.2130492399815,-9.325837669937812],[-171.2130983008041,-9.325877890943445],[-171.21313907150994,-9.32592631412831],[-171.21318813233245,-9.325966535123825],[-171.21322890303847,-9.326103602441776],[-171.21336779538933,-9.326143823416828],[-171.21340856609515,-9.326192246564744],[-171.2134576269177,-9.326232467529621],[-171.2134983976236,-9.326280890665146],[-171.21363728997454,-9.32632111161979],[-171.21367806068048,-9.326369534743094],[-171.21376789220884,-9.326443167634807],[-171.21371150625683,-9.326586554113987],[-171.21363728997454,-9.3264983997326],[-171.21356784379907,-9.326478289266163],[-171.21356784379907,-9.32665557729905],[-171.2136576753275,-9.32665557729905],[-171.2136576753275,-9.326744221281842],[-171.21374750685587,-9.326744221281842],[-171.21374750685587,-9.326921509179726],[-171.2138373383843,-9.326921509179726],[-171.2138373383843,-9.327010153094818],[-171.2138373383843,-9.327098796987457],[-171.21392716991275,-9.327098796987457],[-171.21392716991275,-9.327719303605022],[-171.2138373383843,-9.327719303605022],[-171.2138373383843,-9.327896591007288],[-171.21374750685587,-9.327896591007288],[-171.21374750685587,-9.327985234674543],[-171.2136576753275,-9.327985234674543],[-171.2136576753275,-9.328073878319401],[-171.21248986545808,-9.328073878319401],[-171.21248986545808,-9.327985234674543],[-171.21240003392973,-9.327985234674543],[-171.21240003392973,-9.327896591007288],[-171.21231020240128,-9.327896591007288],[-171.21231020240128,-9.327719303605022],[-171.21222037087287,-9.327719303605022],[-171.21222037087287,-9.327542016112602],[-171.2121305393445,-9.327542016112602],[-171.2121305393445,-9.327364728530142],[-171.21195087628763,-9.327364728530142],[-171.21195087628763,-9.327276084705034],[-171.21177121323083,-9.327276084705034],[-171.21177121323083,-9.327187440857585],[-171.2116813817025,-9.327187440857585],[-171.2116813817025,-9.327098796987457],[-171.21060340336152,-9.327098796987457],[-171.21060340336152,-9.327010153094818],[-171.20997458266262,-9.327010153094818],[-171.20997458266262,-9.327098796987457],[-171.2092559304353,-9.327098796987457],[-171.2092559304353,-9.327187440857585],[-171.2090762673784,-9.327187440857585],[-171.2090762673784,-9.327364728530142],[-171.20898643585005,-9.327364728530142],[-171.20898643585005,-9.327719303605022],[-171.20889660432164,-9.327719303605022],[-171.20889660432164,-9.327896591007288],[-171.20880677279328,-9.327896591007288],[-171.20880677279328,-9.327985234674543],[-171.20871694126484,-9.327985234674543],[-171.20871694126484,-9.328073878319401],[-171.2086271097364,-9.328073878319401],[-171.2086271097364,-9.328162521941806],[-171.20853727820804,-9.328162521941806],[-171.20853727820804,-9.328339809118745],[-171.20844744667951,-9.328339809118745],[-171.20844744667951,-9.328428452673563],[-171.2083576151512,-9.328428452673563],[-171.2083576151512,-9.328517096205701],[-171.20826778362274,-9.328517096205701],[-171.20826778362274,-9.328605739715385],[-171.2075491313955,-9.328605739715385],[-171.2075491313955,-9.328694383202503],[-171.20727963681028,-9.328694383202503],[-171.20727963681028,-9.328783026667168],[-171.20701014222496,-9.328783026667168],[-171.20701014222496,-9.328871670109095],[-171.2069203106966,-9.328871670109095],[-171.2069203106966,-9.32896031352874],[-171.20683047916816,-9.32896031352874],[-171.20683047916816,-9.329580816834778],[-171.20674064763972,-9.329580816834778],[-171.20674064763972,-9.329669460074115],[-171.2066508161114,-9.329669460074115],[-171.2066508161114,-9.329758103290885],[-171.20656098458295,-9.329758103290885],[-171.20656098458295,-9.329846746485089],[-171.20638132152615,-9.329846746485089],[-171.20638132152615,-9.329935389656839],[-171.2062914899977,-9.329935389656839],[-171.2062914899977,-9.330024032806023],[-171.20611182694086,-9.330024032806023],[-171.20611182694086,-9.33011267593264],[-171.2060219954125,-9.33011267593264],[-171.2060219954125,-9.330201319036803],[-171.20584233235562,-9.330201319036803],[-171.20584233235562,-9.33046724821395],[-171.20575250082717,-9.33046724821395],[-171.20575250082717,-9.33064453421946],[-171.20566266929882,-9.33064453421946],[-171.20566266929882,-9.330821820134759],[-171.2055728377704,-9.330821820134759],[-171.2055728377704,-9.330910463058615],[-171.20548300624205,-9.330910463058615],[-171.20548300624205,-9.330999105959961],[-171.2053931747136,-9.330999105959961],[-171.2053931747136,-9.331087748838684],[-171.20530334318508,-9.331087748838684],[-171.20530334318508,-9.331265034528712],[-171.20512368012837,-9.331265034528712],[-171.20512368012837,-9.331353677339962],[-171.20503384859995,-9.331353677339962],[-171.20503384859995,-9.33144232012853],[-171.2049440170715,-9.33144232012853],[-171.2049440170715,-9.331530962894703],[-171.2047643540147,-9.331530962894703],[-171.2047643540147,-9.331708248359348],[-171.20467452248627,-9.331708248359348],[-171.20467452248627,-9.331885533733839],[-171.20458469095783,-9.331885533733839],[-171.20458469095783,-9.33206281901812],[-171.2044948594295,-9.33206281901812],[-171.2044948594295,-9.332240104212417],[-171.20440502790106,-9.332240104212417],[-171.20440502790106,-9.332683316803468],[-171.20431519637262,-9.332683316803468],[-171.20431519637262,-9.332860601682228],[-171.20422536484426,-9.332860601682228],[-171.20422536484426,-9.332949244087729],[-171.20413553331582,-9.332949244087729],[-171.20413553331582,-9.333037886470777],[-171.20404570178738,-9.333037886470777],[-171.20404570178738,-9.333126528831258],[-171.20359654414528,-9.333126528831258],[-171.20359654414528,-9.333215171169172],[-171.2034168810885,-9.333215171169172],[-171.2034168810885,-9.33330381348452],[-171.20332704956016,-9.33330381348452],[-171.20332704956016,-9.3333924557773],[-171.20323721803172,-9.3333924557773],[-171.20323721803172,-9.333481098047628],[-171.20314738650328,-9.333481098047628],[-171.20314738650328,-9.333569740295388],[-171.20305755497483,-9.333569740295388],[-171.20305755497483,-9.333658382520639],[-171.20296772344648,-9.333658382520639],[-171.20296772344648,-9.333747024723323],[-171.20287789191804,-9.333747024723323],[-171.20287789191804,-9.333924309061047],[-171.20278806038962,-9.333924309061047],[-171.20278806038962,-9.334012951196087],[-171.20278806038962,-9.334101593308674],[-171.20269822886127,-9.334101593308674],[-171.20269822886127,-9.334190235398637],[-171.20260839733282,-9.334190235398637],[-171.20260839733282,-9.33427887746609],[-171.20242873427594,-9.33427887746609],[-171.20242873427594,-9.33445616153341],[-171.20233890274758,-9.33445616153341],[-171.20233890274758,-9.334544803533106],[-171.20197957663393,-9.334544803533106],[-171.20197957663393,-9.33445616153341],[-171.20188974510558,-9.33445616153341],[-171.20188974510558,-9.334367519510977],[-171.20171008204872,-9.334367519510977],[-171.20171008204872,-9.33427887746609],[-171.20162025052028,-9.33427887746609],[-171.20162025052028,-9.334190235398637],[-171.20153041899192,-9.334190235398637],[-171.20153041899192,-9.334101593308674],[-171.2014405874634,-9.334101593308674],[-171.2014405874634,-9.334012951196087],[-171.20135075593504,-9.334012951196087],[-171.20135075593504,-9.333924309061047],[-171.20126092440668,-9.333924309061047],[-171.20126092440668,-9.333835666903497],[-171.20126092440668,-9.333747024723323],[-171.20117109287816,-9.333747024723323],[-171.20117109287816,-9.333658382520639],[-171.20108126134983,-9.333658382520639],[-171.20108126134983,-9.333481098047628],[-171.20099142982139,-9.333481098047628],[-171.20099142982139,-9.332860601682228],[-171.20108126134983,-9.332860601682228],[-171.20108126134983,-9.33277195925416],[-171.20117109287816,-9.33277195925416],[-171.20117109287816,-9.332683316803468],[-171.20126092440668,-9.332683316803468],[-171.20126092440668,-9.332594674330437],[-171.20135075593504,-9.332594674330437],[-171.20135075593504,-9.332506031834725],[-171.2014405874634,-9.332506031834725],[-171.2014405874634,-9.332328746775715],[-171.20153041899192,-9.332328746775715],[-171.20153041899192,-9.332240104212417],[-171.20162025052028,-9.332240104212417],[-171.20162025052028,-9.332151461626495],[-171.20171008204872,-9.332151461626495],[-171.20171008204872,-9.33206281901812],[-171.20179991357705,-9.33206281901812],[-171.20179991357705,-9.331974176387291],[-171.20188974510558,-9.331974176387291],[-171.20188974510558,-9.331885533733839],[-171.20197957663393,-9.331885533733839],[-171.20197957663393,-9.331796891057763],[-171.20215923969081,-9.331796891057763],[-171.20215923969081,-9.331708248359348],[-171.20233890274758,-9.331708248359348],[-171.20233890274758,-9.331619605638252],[-171.20242873427594,-9.331619605638252],[-171.20242873427594,-9.331530962894703],[-171.20251856580447,-9.331530962894703],[-171.20251856580447,-9.33144232012853],[-171.20260839733282,-9.33144232012853],[-171.20260839733282,-9.331353677339962],[-171.20269822886127,-9.331353677339962],[-171.20269822886127,-9.331265034528712],[-171.20278806038962,-9.331265034528712],[-171.20278806038962,-9.331176391694953],[-171.20296772344648,-9.331176391694953],[-171.20296772344648,-9.331087748838684],[-171.20305755497483,-9.331087748838684],[-171.20305755497483,-9.330999105959961],[-171.20314738650328,-9.330999105959961],[-171.20314738650328,-9.330910463058615],[-171.20332704956016,-9.330910463058615],[-171.20332704956016,-9.330733177188336],[-171.2034168810885,-9.330733177188336],[-171.2034168810885,-9.33055589122796],[-171.20350671261693,-9.33055589122796],[-171.20350671261693,-9.33046724821395],[-171.20359654414528,-9.33046724821395],[-171.20359654414528,-9.330289962118343],[-171.20368637567373,-9.330289962118343],[-171.20368637567373,-9.33011267593264],[-171.20377620720217,-9.33011267593264],[-171.20377620720217,-9.330024032806023],[-171.2038660387306,-9.330024032806023],[-171.2038660387306,-9.329935389656839],[-171.20395587025894,-9.329935389656839],[-171.20395587025894,-9.329846746485089],[-171.20404570178738,-9.329846746485089],[-171.20404570178738,-9.329758103290885],[-171.20413553331582,-9.329758103290885],[-171.20413553331582,-9.329669460074115],[-171.20422536484426,-9.329669460074115],[-171.20422536484426,-9.329580816834778],[-171.20431519637262,-9.329580816834778],[-171.20431519637262,-9.329492173572817],[-171.20440502790106,-9.329492173572817],[-171.20440502790106,-9.329403530288573],[-171.2044948594295,-9.329403530288573],[-171.2044948594295,-9.32931488698165],[-171.20458469095783,-9.32931488698165],[-171.20467452248627,-9.32931488698165],[-171.20467452248627,-9.329226243652158],[-171.2047643540147,-9.329226243652158],[-171.2047643540147,-9.329137600300214],[-171.20485418554307,-9.329137600300214],[-171.2049440170715,-9.329137600300214],[-171.2049440170715,-9.329048956925817],[-171.20503384859995,-9.329048956925817],[-171.20503384859995,-9.32896031352874],[-171.20512368012837,-9.32896031352874],[-171.20512368012837,-9.328871670109095],[-171.20521351165672,-9.328871670109095],[-171.2053931747136,-9.328871670109095],[-171.2053931747136,-9.328783026667168],[-171.20548300624205,-9.328783026667168],[-171.20548300624205,-9.328694383202503],[-171.2055728377704,-9.328694383202503],[-171.2055728377704,-9.328605739715385],[-171.20566266929882,-9.328605739715385],[-171.20566266929882,-9.328517096205701],[-171.20584233235562,-9.328517096205701],[-171.20584233235562,-9.328428452673563],[-171.2060219954125,-9.328428452673563],[-171.2060219954125,-9.328339809118745],[-171.20611182694086,-9.328339809118745],[-171.20611182694086,-9.32825116554153],[-171.20620165846927,-9.32825116554153],[-171.20620165846927,-9.328162521941806],[-171.20638132152615,-9.328162521941806],[-171.20638132152615,-9.327985234674543],[-171.2064711530545,-9.327985234674543],[-171.2064711530545,-9.327896591007288],[-171.20656098458295,-9.327896591007288],[-171.20656098458295,-9.327807947317467],[-171.2066508161114,-9.327807947317467],[-171.2066508161114,-9.327719303605022],[-171.20674064763972,-9.327719303605022],[-171.20683047916816,-9.327719303605022],[-171.20683047916816,-9.327630659870067],[-171.2069203106966,-9.327630659870067],[-171.2069203106966,-9.327542016112602],[-171.20701014222496,-9.327542016112602],[-171.20701014222496,-9.327453372332627],[-171.2070999737534,-9.327453372332627],[-171.2070999737534,-9.327364728530142],[-171.20718980528184,-9.327364728530142],[-171.20718980528184,-9.327276084705034],[-171.20727963681028,-9.327276084705034],[-171.20727963681028,-9.327187440857585],[-171.2073694683386,-9.327187440857585],[-171.2073694683386,-9.327098796987457],[-171.2075491313955,-9.327098796987457],[-171.2075491313955,-9.327010153094818],[-171.20763896292385,-9.327010153094818],[-171.20763896292385,-9.326921509179726],[-171.20763896292385,-9.326832865241954],[-171.2077287944523,-9.326832865241954],[-171.20781862598074,-9.326832865241954],[-171.20781862598074,-9.326744221281842],[-171.20790845750915,-9.326744221281842],[-171.20790845750915,-9.32665557729905],[-171.2079982890375,-9.32665557729905],[-171.2079982890375,-9.326566933293918],[-171.2081779520944,-9.326566933293918],[-171.2081779520944,-9.326478289266163],[-171.20826778362274,-9.326478289266163],[-171.20826778362274,-9.32638964521584],[-171.20844744667951,-9.32638964521584],[-171.20844744667951,-9.326301001143122],[-171.2086271097364,-9.326301001143122],[-171.2086271097364,-9.326212357047723],[-171.20889660432164,-9.326212357047723],[-171.20889660432164,-9.32612371292987],[-171.20916609890693,-9.32612371292987],[-171.20916609890693,-9.326035068789565],[-171.20943559349217,-9.326035068789565],[-171.20943559349217,-9.32585778044114],[-171.2097050880773,-9.32585778044114],[-171.2097050880773,-9.325769136233248],[-171.20997458266262,-9.325769136233248],[-171.20997458266262,-9.325680492002789],[-171.2101542457194,-9.325680492002789],[-171.2101542457194,-9.325591847749877],[-171.21042374030463,-9.325591847749877],[-171.21042374030463,-9.32550320347434],[-171.21069323488985,-9.32550320347434],[-171.21069323488985,-9.325414559176295],[-171.2107830664183,-9.325414559176295],[-171.2110525610036,-9.325414559176295],[-171.2110525610036,-9.325325914855853],[-171.21114239253197,-9.325325914855853],[-171.21141188711718,-9.325325914855853],[-171.21141188711718,-9.32523727051273]]],[[[-171.78981827195182,-9.22977279157817],[-171.78976594333207,-9.22973577421584],[-171.78972844042346,-9.229595454565015],[-171.78967611180363,-9.22955843718404],[-171.78963860889505,-9.229418117462501],[-171.7895862802752,-9.229381100062938],[-171.7895487773666,-9.22924078027097],[-171.78949644874686,-9.229203762852762],[-171.78945894583825,-9.228974774316441],[-171.78940661721833,-9.228937756870266],[-171.78936911430972,-9.228823966082473],[-171.78945894583825,-9.228760419437094],[-171.78949644874686,-9.228620099398029],[-171.78981827195182,-9.228583081914735],[-171.78988193917033,-9.228495398088512],[-171.78994560638887,-9.228583081914735],[-171.7899979350086,-9.228620099398029],[-171.7900354379172,-9.228671750687056],[-171.79008776653714,-9.228708768161141],[-171.79012526944572,-9.228937756870266],[-171.7901775980655,-9.228974774316441],[-171.79021510097408,-9.229531908058561],[-171.79012526944572,-9.229595454565015],[-171.79008776653714,-9.229824442698316],[-171.7900354379172,-9.229861460051325],[-171.7899979350086,-9.229913111158453],[-171.78983702340608,-9.22993161983078],[-171.78981827195182,-9.22977279157817]]],[[[-171.80311333815683,-9.229063442990196],[-171.803061009537,-9.229026425553457],[-171.8030235066284,-9.228974774316441],[-171.80297117800856,-9.228937756870266],[-171.80293367509998,-9.228797436901743],[-171.80288134648012,-9.228760419437094],[-171.80284384357162,-9.228531430612747],[-171.8027915149518,-9.228494413120131],[-171.80275401204318,-9.228176755248569],[-171.80270168342335,-9.22813973771872],[-171.80266418051474,-9.22791074849141],[-171.8026118518949,-9.227873730933595],[-171.8025743489863,-9.227644741533538],[-171.80252202036647,-9.227607723947813],[-171.80248451745794,-9.227477166571987],[-171.80266418051474,-9.227430385845821],[-171.80272784773325,-9.227342701732994],[-171.8027915149518,-9.227430385845821],[-171.80284384357162,-9.227467403450191],[-171.80288134648012,-9.227519054907873],[-171.80293367509998,-9.22755607250292],[-171.80297117800856,-9.227607723947813],[-171.8030235066284,-9.227644741533538],[-171.803061009537,-9.227785061960617],[-171.80311333815683,-9.227822079527755],[-171.80315084106545,-9.228051068812647],[-171.8032031696852,-9.228088086351818],[-171.8032406725938,-9.228228406602511],[-171.80329300121355,-9.228265424123038],[-171.80333050412224,-9.228583081914735],[-171.80338283274207,-9.228620099398029],[-171.80342033565066,-9.229016662474407],[-171.8032406725938,-9.229063442990196],[-171.8032031696852,-9.229115094214194],[-171.8031320896111,-9.229133602928528],[-171.80311333815683,-9.229063442990196]]],[[[-171.8041014849693,-9.228531430612747],[-171.80404915634955,-9.228494413120131],[-171.80401165344097,-9.22835409297528],[-171.8039593248211,-9.22831707546402],[-171.80392182191252,-9.228176755248569],[-171.8038694932927,-9.22813973771872],[-171.80383199038408,-9.22791074849141],[-171.80377966176434,-9.227873730933595],[-171.80374215885573,-9.227644741533538],[-171.8036898302359,-9.227607723947813],[-171.80365232732728,-9.227203853175979],[-171.80425427094173,-9.227164378525686],[-171.8043186509348,-9.227253047654585],[-171.80437097955462,-9.2272900652776],[-171.80440848246323,-9.227341716761316],[-171.80446081108298,-9.227378734375009],[-171.80449831399156,-9.227607723947813],[-171.80455064261142,-9.227644741533538],[-171.80458814552,-9.228051068812647],[-171.80467697916401,-9.228113912036235],[-171.80458814552,-9.228176755248569],[-171.80455064261142,-9.228290546245205],[-171.80467697916401,-9.228379918640258],[-171.80458814552,-9.22844276180524],[-171.80455064261142,-9.228494413120131],[-171.80449831399156,-9.228531430612747],[-171.80446081108298,-9.228583081914735],[-171.80412023642364,-9.228601590656865],[-171.8041014849693,-9.228531430612747]]],[[[-171.776833054339,-9.226406187289456],[-171.77687968076216,-9.226363541148885],[-171.77692288586744,-9.226317517947678],[-171.77705934381905,-9.22627487179625],[-171.77710254892423,-9.226228848583446],[-171.7771491753474,-9.226186202421275],[-171.77723061806734,-9.226099438030928],[-171.77728221198112,-9.226350043752575],[-171.77710254892423,-9.226406187289456],[-171.77705934381905,-9.22645221047918],[-171.77681145178636,-9.226473533544834],[-171.776833054339,-9.226406187289456]]],[[[-171.80879147590102,-9.225941517260537],[-171.8090609704863,-9.225941517260537],[-171.80933046507155,-9.225941517260537],[-171.80951012812835,-9.225941517260537],[-171.80951012812835,-9.226207525503014],[-171.80959995965677,-9.226207525503014],[-171.80959995965677,-9.227094218195589],[-171.80951012812835,-9.227094218195589],[-171.80951012812835,-9.227182887342224],[-171.80915080201467,-9.227182887342224],[-171.80915080201467,-9.227094218195589],[-171.8089711389579,-9.227094218195589],[-171.8089711389579,-9.227005549026615],[-171.80888130742954,-9.227005549026615],[-171.80888130742954,-9.226916879835414],[-171.80879147590102,-9.226916879835414],[-171.80879147590102,-9.226828210621875],[-171.80870164437266,-9.226828210621875],[-171.80870164437266,-9.226650872127891],[-171.80861181284422,-9.226650872127891],[-171.80861181284422,-9.226030186697017],[-171.80879147590102,-9.226030186697017],[-171.80879147590102,-9.225941517260537]]],[[[-171.77831739095006,-9.224898404960015],[-171.77823112329455,-9.224822312659342],[-171.77839908588248,-9.224767889877171],[-171.778629279174,-9.224819173716298],[-171.77853944764567,-9.224898404960015],[-171.77849705400683,-9.224945229317711],[-171.77833858776938,-9.224966151988781],[-171.77831739095006,-9.224898404960015]]],[[[-171.81714580804336,-9.223370093909239],[-171.81741530262858,-9.223370093909239],[-171.81741530262858,-9.223458763991971],[-171.81750513415702,-9.223458763991971],[-171.81750513415702,-9.22354743405242],[-171.81759496568546,-9.22354743405242],[-171.81759496568546,-9.223813444100074],[-171.81759496568546,-9.223902114071393],[-171.81768479721381,-9.223902114071393],[-171.81768479721381,-9.224434133431203],[-171.81759496568546,-9.224434133431203],[-171.81759496568546,-9.224611473039545],[-171.81750513415702,-9.224611473039545],[-171.81750513415702,-9.224788812558813],[-171.81741530262858,-9.224788812558813],[-171.81741530262858,-9.224877482284853],[-171.81732547110025,-9.224877482284853],[-171.81732547110025,-9.224966151988781],[-171.81714580804336,-9.224966151988781],[-171.81714580804336,-9.225054821670426],[-171.81669665040135,-9.225054821670426],[-171.81669665040135,-9.224966151988781],[-171.81651698734447,-9.224966151988781],[-171.81633732428767,-9.224966151988781],[-171.81633732428767,-9.224877482284853],[-171.81624749275923,-9.224877482284853],[-171.81624749275923,-9.224788812558813],[-171.8161576612309,-9.224788812558813],[-171.8161576612309,-9.224611473039545],[-171.81606782970246,-9.224611473039545],[-171.81606782970246,-9.223902114071393],[-171.8161576612309,-9.223902114071393],[-171.8161576612309,-9.223813444100074],[-171.81633732428767,-9.223813444100074],[-171.81633732428767,-9.223724774106415],[-171.81651698734447,-9.223724774106415],[-171.81651698734447,-9.223636104090474],[-171.81669665040135,-9.223636104090474],[-171.81669665040135,-9.22354743405242],[-171.81687631345812,-9.22354743405242],[-171.81687631345812,-9.223458763991971],[-171.81714580804336,-9.223458763991971],[-171.81714580804336,-9.223370093909239]]],[[[-171.77348768523524,-9.219291246019225],[-171.77357751676357,-9.219291246019225],[-171.77357751676357,-9.219379917126787],[-171.77357751676357,-9.219557259274893],[-171.77359626821783,-9.21962742110378],[-171.77364859683766,-9.219664439526753],[-171.77368609974627,-9.21980476312757],[-171.77377492242454,-9.21986760782005],[-171.77368609974627,-9.219930452501274],[-171.77364859683766,-9.220070775996305],[-171.77359626821783,-9.220107794372836],[-171.77355876530922,-9.220248117797553],[-171.77350643668947,-9.22028513615544],[-171.7734689337809,-9.220336788664554],[-171.77341660516103,-9.220373807013289],[-171.77337910225245,-9.220425459509443],[-171.7733267736327,-9.220462477848855],[-171.7732892707241,-9.22051413033222],[-171.77323694210418,-9.220551148662196],[-171.77319943919557,-9.22060280113243],[-171.77314711057582,-9.220639819453254],[-171.7731096076672,-9.220691471910527],[-171.77296744751894,-9.220728490221973],[-171.77292994461035,-9.220868813399818],[-171.77278778446217,-9.220905831692619],[-171.77275028155356,-9.220957484110954],[-171.77245534639877,-9.220994502394433],[-171.7723909554399,-9.220905831692619],[-171.77233862682004,-9.220868813399818],[-171.77230112391146,-9.220817160968465],[-171.77224879529172,-9.220780142666342],[-171.7722112923831,-9.220639819453254],[-171.77215896376327,-9.22060280113243],[-171.77212146085466,-9.220551148662196],[-171.77206913223492,-9.22051413033222],[-171.7720316293263,-9.220400336827367],[-171.77212146085466,-9.220336788664554],[-171.77215896376327,-9.22028513615544],[-171.77230112391146,-9.220248117797553],[-171.77233862682004,-9.220196465275308],[-171.77248078696832,-9.220159446907985],[-171.77251828987693,-9.220107794372836],[-171.77257061849667,-9.220070775996305],[-171.77260812140528,-9.220019123448196],[-171.77275028155356,-9.2199821050624],[-171.77278778446217,-9.219841781532011],[-171.772840113082,-9.21980476312757],[-171.77287761599058,-9.21975311054041],[-171.77292994461035,-9.219716092126816],[-171.77296744751894,-9.219664439526753],[-171.7731096076672,-9.21962742110378],[-171.77314711057582,-9.219575768490643],[-171.77337910225245,-9.219538750058348],[-171.7733978537067,-9.219468588212067],[-171.7733978537067,-9.219379917126787],[-171.77348768523524,-9.219379917126787],[-171.77348768523524,-9.219291246019225]]],[[[-171.7702741245995,-9.217892627372692],[-171.77032320735353,-9.21785238316562],[-171.7703968314846,-9.217764891507613],[-171.77054361918482,-9.217818968996596],[-171.7704537876563,-9.217892627372692],[-171.77041303888197,-9.217941054634537],[-171.77025375021233,-9.217961176733638],[-171.7702741245995,-9.217892627372692]]],[[[-171.83466295608372,-9.215921727430327],[-171.8350222821974,-9.215921727430327],[-171.8350222821974,-9.216010399384118],[-171.83511211372573,-9.216010399384118],[-171.83511211372573,-9.216187743224907],[-171.83520194525417,-9.216187743224907],[-171.83520194525417,-9.217074461092636],[-171.83511211372573,-9.217074461092636],[-171.83511211372573,-9.217251804398984],[-171.83511211372573,-9.217517819191414],[-171.8350222821974,-9.217517819191414],[-171.8350222821974,-9.217695162275106],[-171.83484261914052,-9.217695162275106],[-171.83484261914052,-9.217783833783528],[-171.83475278761208,-9.217783833783528],[-171.83475278761208,-9.21787250526961],[-171.83448329302686,-9.21787250526961],[-171.83448329302686,-9.217961176733638],[-171.83403413538483,-9.217961176733638],[-171.83403413538483,-9.218049848175212],[-171.83367480927117,-9.218049848175212],[-171.83367480927117,-9.21813851959456],[-171.83340531468596,-9.21813851959456],[-171.83340531468596,-9.218227190991627],[-171.83322565162908,-9.218227190991627],[-171.83322565162908,-9.218315862366353],[-171.83304598857228,-9.218315862366353],[-171.83304598857228,-9.218493205049185],[-171.83277649398707,-9.218493205049185],[-171.83277649398707,-9.218581876357177],[-171.83259683093019,-9.218581876357177],[-171.83259683093019,-9.218670547642773],[-171.83250699940183,-9.218670547642773],[-171.83250699940183,-9.218759218906257],[-171.8319680102313,-9.218759218906257],[-171.8319680102313,-9.218847890147515],[-171.83160868411773,-9.218847890147515],[-171.83160868411773,-9.218936561366377],[-171.8313391895324,-9.218936561366377],[-171.8313391895324,-9.218847890147515],[-171.83115952647563,-9.218847890147515],[-171.83115952647563,-9.218759218906257],[-171.83106969494727,-9.218759218906257],[-171.83106969494727,-9.218670547642773],[-171.8308900318904,-9.218670547642773],[-171.8308900318904,-9.218404533718967],[-171.83106969494727,-9.218404533718967],[-171.83106969494727,-9.218315862366353],[-171.83124935800404,-9.218315862366353],[-171.83142902106084,-9.218315862366353],[-171.83142902106084,-9.21813851959456],[-171.83160868411773,-9.21813851959456],[-171.83160868411773,-9.218049848175212],[-171.83187817870294,-9.218049848175212],[-171.83187817870294,-9.217961176733638],[-171.83223750481653,-9.217961176733638],[-171.83223750481653,-9.21787250526961],[-171.8324171678734,-9.21787250526961],[-171.8324171678734,-9.217783833783528],[-171.83250699940183,-9.217783833783528],[-171.83250699940183,-9.217695162275106],[-171.83268666245863,-9.217695162275106],[-171.83268666245863,-9.217606490744458],[-171.83277649398707,-9.217606490744458],[-171.8328663255154,-9.217606490744458],[-171.8328663255154,-9.217517819191414],[-171.83295615704392,-9.217517819191414],[-171.83295615704392,-9.217429147616258],[-171.83313582010072,-9.217429147616258],[-171.83313582010072,-9.21734047601882],[-171.83322565162908,-9.21734047601882],[-171.83331548315752,-9.21734047601882],[-171.83331548315752,-9.217251804398984],[-171.83340531468596,-9.217251804398984],[-171.83340531468596,-9.21716313275698],[-171.83358497774282,-9.21716313275698],[-171.83358497774282,-9.217074461092636],[-171.83367480927117,-9.217074461092636],[-171.83376464079961,-9.217074461092636],[-171.83376464079961,-9.216985789406124],[-171.83385447232797,-9.216985789406124],[-171.83385447232797,-9.216897117697272],[-171.8339443038564,-9.216897117697272],[-171.8339443038564,-9.21680844596608],[-171.83403413538483,-9.21680844596608],[-171.83403413538483,-9.216719774212777],[-171.83412396691318,-9.216719774212777],[-171.83412396691318,-9.216631102437077],[-171.8342137984417,-9.216631102437077],[-171.8342137984417,-9.216542430639151],[-171.83430362997007,-9.216542430639151],[-171.83430362997007,-9.216365086976566],[-171.8343934614985,-9.216365086976566],[-171.8343934614985,-9.216276415111793],[-171.83448329302686,-9.216276415111793],[-171.83448329302686,-9.216187743224907],[-171.83457312455528,-9.216187743224907],[-171.83457312455528,-9.216010399384118],[-171.83466295608372,-9.216010399384118],[-171.83466295608372,-9.215921727430327]]],[[[-171.77007408715556,-9.215123678844463],[-171.77070290785446,-9.215123678844463],[-171.77070290785446,-9.215212350998627],[-171.77106223396802,-9.215212350998627],[-171.77106223396802,-9.21530102313045],[-171.77115206549647,-9.21530102313045],[-171.77115206549647,-9.215389695240106],[-171.7712418970249,-9.215389695240106],[-171.7712418970249,-9.215655711435488],[-171.77133172855324,-9.215655711435488],[-171.77133172855324,-9.215921727430327],[-171.7712418970249,-9.215921727430327],[-171.7712418970249,-9.216010399384118],[-171.77115206549647,-9.216010399384118],[-171.77115206549647,-9.216187743224907],[-171.77106223396802,-9.216187743224907],[-171.77106223396802,-9.216276415111793],[-171.77079273938278,-9.216276415111793],[-171.77079273938278,-9.216365086976566],[-171.77043341326913,-9.216365086976566],[-171.77043341326913,-9.216453758819057],[-171.77025375021233,-9.216453758819057],[-171.77025375021233,-9.216542430639151],[-171.77007408715556,-9.216542430639151],[-171.77007408715556,-9.216631102437077],[-171.76998425562712,-9.216631102437077],[-171.76998425562712,-9.216719774212777],[-171.76980459257024,-9.216719774212777],[-171.76980459257024,-9.21680844596608],[-171.76971476104188,-9.21680844596608],[-171.7695350979851,-9.21680844596608],[-171.76944526645667,-9.21680844596608],[-171.76944526645667,-9.216542430639151],[-171.7695350979851,-9.216542430639151],[-171.7695350979851,-9.216365086976566],[-171.7695350979851,-9.216187743224907],[-171.76919656295755,-9.216167220529087],[-171.76915498078526,-9.21567623416098],[-171.7690652150514,-9.21559989091486],[-171.76924481231362,-9.215546516660709],[-171.769286394486,-9.215498890063259],[-171.76935543492823,-9.215478367327478],[-171.76944526645667,-9.215478367327478],[-171.76944526645667,-9.215389695240106],[-171.7695350979851,-9.215389695240106],[-171.7695350979851,-9.21530102313045],[-171.76971476104188,-9.21530102313045],[-171.76971476104188,-9.215212350998627],[-171.77007408715556,-9.215212350998627],[-171.77007408715556,-9.215123678844463]]],[[[-171.84059183695888,-9.210424022819836],[-171.84061262804505,-9.210355872498269],[-171.84066087740112,-9.210314826427918],[-171.8407024595735,-9.210178525729532],[-171.84093037198645,-9.21013747963866],[-171.841007713511,-9.210048881981265],[-171.84106178568706,-9.210226153044346],[-171.84111003504322,-9.210267199125042],[-171.8411516172156,-9.210368147350607],[-171.84106178568706,-9.210444545849157],[-171.84102020351477,-9.21049217312816],[-171.8409719541587,-9.210533219177933],[-171.84093037198645,-9.210580846444884],[-171.84086133154418,-9.210601369465223],[-171.84086133154418,-9.21069004275455],[-171.84077150001565,-9.21069004275455],[-171.84077150001565,-9.210867389266525],[-171.84077150001565,-9.21095606248906],[-171.8406816684873,-9.21095606248906],[-171.84023251084528,-9.21095606248906],[-171.84023251084528,-9.211044735689313],[-171.84014267931676,-9.211044735689313],[-171.84014267931676,-9.211133408867454],[-171.83996301626007,-9.211133408867454],[-171.83996301626007,-9.21131075515683],[-171.84005284778843,-9.21131075515683],[-171.84005284778843,-9.211399428268237],[-171.84014267931676,-9.211399428268237],[-171.84014267931676,-9.211488101357247],[-171.84021375939093,-9.211506610995855],[-171.84025126229955,-9.211558264789062],[-171.84034009594353,-9.211621110949011],[-171.84025126229955,-9.211683957097819],[-171.84021375939093,-9.211735610865333],[-171.8401614307711,-9.211772630115547],[-171.84012392786252,-9.211824283869987],[-171.839712273129,-9.21186130311088],[-171.8396747702204,-9.211912956852359],[-171.83962244160065,-9.211949976084043],[-171.83955877438214,-9.212037664020613],[-171.8394951071637,-9.211949976084043],[-171.83944277854388,-9.211912956852359],[-171.83940527563527,-9.21186130311088],[-171.8393164419913,-9.211798456993677],[-171.83940527563527,-9.211735610865333],[-171.83942402708954,-9.211665447468533],[-171.8393341955611,-9.211665447468533],[-171.8393341955611,-9.211222082023198],[-171.83942402708954,-9.211222082023198],[-171.83942402708954,-9.211133408867454],[-171.8396036901464,-9.211133408867454],[-171.8396036901464,-9.211222082023198],[-171.8397833532032,-9.211222082023198],[-171.8397833532032,-9.211044735689313],[-171.83987318473154,-9.211044735689313],[-171.83987318473154,-9.21095606248906],[-171.83996301626007,-9.21095606248906],[-171.83996301626007,-9.210867389266525],[-171.84014267931676,-9.210867389266525],[-171.84014267931676,-9.210778716021707],[-171.84023251084528,-9.210778716021707],[-171.84023251084528,-9.21069004275455],[-171.84032234237364,-9.21069004275455],[-171.84032234237364,-9.210601369465223],[-171.84041217390208,-9.210601369465223],[-171.84050200543044,-9.210601369465223],[-171.84050200543044,-9.210512696153614],[-171.84059183695888,-9.210512696153614],[-171.84059183695888,-9.210424022819836]]],[[[-171.8615017919927,-9.188630226026305],[-171.8613637111083,-9.18858918826021],[-171.86132212893594,-9.188452868366369],[-171.86123581741728,-9.188379463659544],[-171.86137614628316,-9.188323151706186],[-171.86145354263667,-9.188411830579753],[-171.8615017919927,-9.188452868366369],[-171.86154337416508,-9.188500509431151],[-171.8617229604615,-9.188553887767057],[-171.86163320569344,-9.188630226026305],[-171.86159162352115,-9.1886778670671],[-171.8615225830789,-9.1886983859456],[-171.8615017919927,-9.188630226026305]]],[[[-171.8594752093797,-9.18845086031871],[-171.85952753799955,-9.188413838627753],[-171.85956504090805,-9.188362181454863],[-171.85961736952788,-9.188325159754697],[-171.8596548724365,-9.18818482366072],[-171.8597072010564,-9.188147801941966],[-171.85977086827486,-9.188060108083505],[-171.85983453549338,-9.188147801941966],[-171.85997669564156,-9.18818482366072],[-171.86001419855026,-9.188236480859416],[-171.86006652717,-9.188273502568848],[-171.8601040300786,-9.188325159754697],[-171.86015635869845,-9.188362181454863],[-171.86019386160694,-9.188502517478582],[-171.86024619022677,-9.188539539160217],[-171.8602836931354,-9.189034590117387],[-171.86033602175522,-9.18907161174343],[-171.86037352466383,-9.18936277262469],[-171.8602836931354,-9.189426326354635],[-171.86024619022677,-9.189477983372399],[-171.86019386160694,-9.189515004952057],[-171.86015635869845,-9.18956666195686],[-171.8601040300786,-9.18960368352731],[-171.86006652717,-9.189655340519039],[-171.86001419855026,-9.189692362080166],[-171.85997669564156,-9.189921376072448],[-171.85992436702182,-9.189958397605778],[-171.8598868641132,-9.190098732997],[-171.85983453549338,-9.190135754511743],[-171.85979703258477,-9.19036476821725],[-171.85974470396494,-9.190401789704197],[-171.8597072010564,-9.19054212491983],[-171.8596548724365,-9.190579146388188],[-171.85961736952788,-9.190719481533506],[-171.85956504090805,-9.19075650298339],[-171.85952753799955,-9.19080815980692],[-171.8594752093797,-9.190845181247653],[-171.8594377064711,-9.190896838058393],[-171.85938537785137,-9.190933859489746],[-171.85934787494267,-9.191074194494377],[-171.85929554632293,-9.191111215907199],[-171.85925804341431,-9.191251550841457],[-171.85920571479448,-9.191288572235692],[-171.85916821188587,-9.191340228981858],[-171.85911588326604,-9.191377250366827],[-171.85907838035754,-9.191428907099862],[-171.8590260517376,-9.19146592847568],[-171.85898854882902,-9.191517585195754],[-171.85893622020924,-9.19155460656225],[-171.85889871730066,-9.19160626326942],[-171.85884638868083,-9.191643284626593],[-171.85880888577222,-9.191694941320804],[-171.85875655715247,-9.191731962668769],[-171.85871905424386,-9.191783619350076],[-171.85864797416968,-9.19180213001988],[-171.85855814264124,-9.19180213001988],[-171.85855814264124,-9.191890808022265],[-171.8584683111129,-9.191890808022265],[-171.8584683111129,-9.191979486002424],[-171.85837847958447,-9.191979486002424],[-171.85837847958447,-9.19206816396047],[-171.85828864805612,-9.19206816396047],[-171.85828864805612,-9.192156841896235],[-171.8581988165276,-9.192156841896235],[-171.8581988165276,-9.19224551980983],[-171.85810898499923,-9.19224551980983],[-171.85810898499923,-9.1923341977012],[-171.8580191534708,-9.1923341977012],[-171.8580191534708,-9.19242287557023],[-171.85792932194235,-9.19242287557023],[-171.85792932194235,-9.192511553417148],[-171.85774965888558,-9.192511553417148],[-171.85774965888558,-9.192600231241897],[-171.85765982735714,-9.192600231241897],[-171.85765982735714,-9.19268890904442],[-171.8575699958287,-9.19268890904442],[-171.8575699958287,-9.192777586824718],[-171.8573903327719,-9.192777586824718],[-171.8573903327719,-9.192866264582847],[-171.85730050124357,-9.192866264582847],[-171.85721066971513,-9.192866264582847],[-171.85721066971513,-9.192954942318693],[-171.85703100665833,-9.192954942318693],[-171.85703100665833,-9.193132297723707],[-171.856761512073,-9.193132297723707],[-171.856761512073,-9.19322097539299],[-171.85667168054468,-9.19322097539299],[-171.85658184901624,-9.19322097539299],[-171.85658184901624,-9.19339833066482],[-171.8564920174878,-9.19339833066482],[-171.8564920174878,-9.193575685847804],[-171.85640218595944,-9.193575685847804],[-171.85640218595944,-9.193664363405958],[-171.8563123544309,-9.193664363405958],[-171.8563123544309,-9.193753040941886],[-171.85622252290256,-9.193753040941886],[-171.85622252290256,-9.193841718455644],[-171.85613269137414,-9.193841718455644],[-171.85613269137414,-9.194019073416484],[-171.8558631967889,-9.194019073416484],[-171.8558631967889,-9.194196428288421],[-171.85577336526055,-9.194196428288421],[-171.85577336526055,-9.194285105691108],[-171.85568353373202,-9.194285105691108],[-171.85568353373202,-9.194373783071569],[-171.8555937022037,-9.194373783071569],[-171.8555937022037,-9.194462460429804],[-171.85550387067525,-9.194462460429804],[-171.85550387067525,-9.194551137765757],[-171.8554140391469,-9.194551137765757],[-171.8554140391469,-9.194639815079654],[-171.85532420761845,-9.194639815079654],[-171.85532420761845,-9.194728492371269],[-171.85523437609,-9.194728492371269],[-171.85523437609,-9.1948171696406],[-171.8549648815048,-9.1948171696406],[-171.8549648815048,-9.194905846887764],[-171.85487504997636,-9.194905846887764],[-171.85487504997636,-9.195083201315356],[-171.854785218448,-9.195083201315356],[-171.854785218448,-9.195171878495955],[-171.85460555539112,-9.195171878495955],[-171.85460555539112,-9.195260555654215],[-171.8545157238628,-9.195260555654215],[-171.8545157238628,-9.19534923279025],[-171.8543360608059,-9.19534923279025],[-171.8543360608059,-9.195437909904058],[-171.85424622927746,-9.195437909904058],[-171.8541563977491,-9.195437909904058],[-171.8541563977491,-9.195526586995697],[-171.85406656622067,-9.195526586995697],[-171.85406656622067,-9.195615264065111],[-171.85397673469222,-9.195615264065111],[-171.85397673469222,-9.195703941112413],[-171.8538869031639,-9.195703941112413],[-171.8538869031639,-9.195792618137375],[-171.85379707163546,-9.195792618137375],[-171.8537783201811,-9.19586278468364],[-171.85372599156136,-9.195899805595616],[-171.85368848865275,-9.196040138631759],[-171.85363616003292,-9.196077159525203],[-171.8535986571243,-9.196128815572479],[-171.85354632850448,-9.196165836456714],[-171.85350882559598,-9.19621749249103],[-171.85345649697612,-9.196254513366],[-171.85341899406754,-9.196306169387299],[-171.85336666544768,-9.19634319025289],[-171.8533291625391,-9.196394846261342],[-171.85327683391927,-9.19643186711778],[-171.85323933101066,-9.196483523113272],[-171.8531870023909,-9.196520543960332],[-171.8531494994823,-9.196660876750343],[-171.85309717086247,-9.196697897578872],[-171.85305966795386,-9.19674955353554],[-171.85300733933403,-9.19678657435486],[-171.85296983642542,-9.196838230298454],[-171.85291750780567,-9.196875251108452],[-171.852880004897,-9.196926907039256],[-171.85282767627723,-9.196963927839988],[-171.85279017336865,-9.197015583757775],[-171.8527378447489,-9.197052604549185],[-171.8527003418402,-9.197104260454182],[-171.85264801322037,-9.197141281236327],[-171.85261051031176,-9.197192937128136],[-171.85255818169193,-9.197229957901072],[-171.8525206787834,-9.197370290409708],[-171.85246835016358,-9.197407311164113],[-171.85243084725496,-9.197458967017212],[-171.85237851863513,-9.197495987762238],[-171.85234101572655,-9.197547643602377],[-171.8522886871067,-9.197584664338137],[-171.8522511841982,-9.197636320165373],[-171.85219885557837,-9.197673340891868],[-171.85216135266975,-9.197724996706143],[-171.85210902405,-9.197762017423315],[-171.8520715211413,-9.19781367322463],[-171.85201919252148,-9.197850693932537],[-171.85198168961296,-9.197902349720835],[-171.85192936099313,-9.19793937041959],[-171.8518918580845,-9.198079702646965],[-171.85174969793624,-9.198116723327075],[-171.85171219502766,-9.198168379076549],[-171.8516598664078,-9.198205399747394],[-171.85162236349922,-9.198257055483907],[-171.85157003487947,-9.198294076145544],[-171.85153253197086,-9.198345731869153],[-171.85148020335103,-9.198382752521468],[-171.85144270044242,-9.198434408232117],[-171.8513903718226,-9.19847142887511],[-171.85135286891406,-9.198523084572798],[-171.85130054029423,-9.198560105206639],[-171.85126303738565,-9.198611760891424],[-171.8512107087658,-9.198648781515885],[-171.8511732058572,-9.19870043718771],[-171.85112087723735,-9.198737457802906],[-171.85108337432877,-9.198789113461771],[-171.85103104570902,-9.198826134067644],[-171.8509935428004,-9.198877789713606],[-171.85094121418058,-9.198914810310157],[-171.85090371127197,-9.198966465943272],[-171.85085138265214,-9.199003486530557],[-171.8508138797436,-9.199055142150598],[-171.8507615511237,-9.199092162728675],[-171.85072404821508,-9.199143818335756],[-171.85067171959534,-9.19918083890451],[-171.85063421668676,-9.199232494498688],[-171.8505818880669,-9.199269515058234],[-171.85054438515832,-9.19932117063945],[-171.85049205653849,-9.199358191189617],[-171.85045455362987,-9.199409846757874],[-171.85040222501013,-9.199446867298832],[-171.85036472210152,-9.199498522854128],[-171.8503123934817,-9.199535543385764],[-171.85027489057308,-9.19958719892827],[-171.85022256195325,-9.19962421945064],[-171.85018505904475,-9.199675874980016],[-171.85004289889645,-9.199712895493178],[-171.85000539598786,-9.199764551009537],[-171.84995306736803,-9.199801571513376],[-171.84991556445942,-9.199853227016888],[-171.8498632358396,-9.199890247511462],[-171.84982573293098,-9.199941903002127],[-171.84977340431124,-9.199978923487379],[-171.84973590140262,-9.200030578964856],[-171.8496835727828,-9.2000675994409],[-171.84964606987418,-9.200119254905587],[-171.84959374125444,-9.200156275372308],[-171.84955623834585,-9.200207930824092],[-171.84941407819758,-9.20024495128149],[-171.84937657528897,-9.200296606720315],[-171.84932424666914,-9.200333627168447],[-171.84928674376053,-9.200473958445912],[-171.8492344151407,-9.20051097887557],[-171.8491969122321,-9.200562634275514],[-171.84914458361234,-9.20059965469585],[-171.84910708070373,-9.20073998586787],[-171.8490547520839,-9.200777006269618],[-171.84901724917532,-9.200917337371209],[-171.84896492055555,-9.200954357754483],[-171.84892741764696,-9.201094688785759],[-171.84887508902702,-9.201131709150388],[-171.84883758611844,-9.201272040111292],[-171.8487852574987,-9.201309060457277],[-171.84874775459008,-9.201449391347978],[-171.84869542597025,-9.201486411675432],[-171.84865792306164,-9.201538066932926],[-171.8486055944418,-9.201575087251115],[-171.8485680915332,-9.201626742495705],[-171.84851576291345,-9.201663762804571],[-171.84847826000487,-9.201715418036258],[-171.84791381929904,-9.201752438335859],[-171.84784943930597,-9.201663762804571],[-171.84761744762935,-9.201626742495705],[-171.84757994472065,-9.201575087251115],[-171.84738110254477,-9.201538066932926],[-171.84731045013552,-9.20161697865916],[-171.8474901131923,-9.201663762804571],[-171.8475276161009,-9.201715418036258],[-171.84766977624918,-9.201752438335859],[-171.8477072791578,-9.201804093554529],[-171.84784943930597,-9.201841113844921],[-171.84788694221456,-9.20189276905046],[-171.84802910236274,-9.201929789331643],[-171.84806660527136,-9.201981444524279],[-171.8481189338912,-9.202018464796197],[-171.8481564367998,-9.202220939635197],[-171.84806660527136,-9.202284491056389],[-171.84802910236274,-9.202424821559987],[-171.84797677374291,-9.20246184178535],[-171.8479392708343,-9.20251349690028],[-171.84788694221456,-9.202550517116435],[-171.84784943930597,-9.202690847514475],[-171.84779711068612,-9.202727867712042],[-171.84775960777753,-9.202779522788262],[-171.8477072791578,-9.202816542976507],[-171.84766977624918,-9.20286819803971],[-171.84761744762935,-9.202905218218689],[-171.84757994472065,-9.202956873268874],[-171.8475276161009,-9.202993893438645],[-171.8474901131923,-9.203134223660584],[-171.84743778457246,-9.20317124381171],[-171.84740028166397,-9.203222898823185],[-171.8473479530441,-9.203259918965102],[-171.84731045013552,-9.203400249081596],[-171.84725812151567,-9.203437269204926],[-171.84722061860708,-9.203488924177407],[-171.8470784584589,-9.203525944291357],[-171.84704095555028,-9.203577599250991],[-171.84698862693037,-9.203614619355733],[-171.84695112402184,-9.20366627430235],[-171.846898795402,-9.203703294397826],[-171.8468612924934,-9.203754949331369],[-171.84680896387357,-9.20379196941758],[-171.84677146096507,-9.203843624338333],[-171.8467191323452,-9.203880644415221],[-171.84668162943663,-9.203932299322958],[-171.8466293008168,-9.20396931939058],[-171.8465917979082,-9.204020974285356],[-171.84644963776,-9.204057994343657],[-171.8464121348514,-9.20410964922553],[-171.84635980623148,-9.204146669274508],[-171.84632230332295,-9.20419832414342],[-171.84618014317476,-9.20423534418319],[-171.84614264026618,-9.204286999039198],[-171.84609031164635,-9.204324019069645],[-171.84605280873774,-9.204375673912523],[-171.8460004801179,-9.204412693933705],[-171.8459629772093,-9.204464348763793],[-171.84591064858947,-9.204501368775652],[-171.84587314568086,-9.204553023592723],[-171.8458208170611,-9.20459004359543],[-171.8457833141525,-9.20473037318402],[-171.84573098553267,-9.20476739316797],[-171.84569348262409,-9.204819047946273],[-171.84564115400423,-9.204856067921014],[-171.84560365109573,-9.204907722686357],[-171.8455513224759,-9.204944742651776],[-171.8455138195673,-9.204996397403988],[-171.84546149094746,-9.205033417360141],[-171.84542398803885,-9.205085072099564],[-171.84528182789057,-9.205122092046508],[-171.84524432498205,-9.20517374677297],[-171.84519199636222,-9.205210766710536],[-171.84515449345363,-9.205262421423868],[-171.84405106357735,-9.205299441352338],[-171.8439866835843,-9.205210766710536],[-171.84375469190758,-9.20517374677297],[-171.84371718899897,-9.205122092046508],[-171.84348519732234,-9.205085072099564],[-171.84344769441375,-9.204882598900554],[-171.84353752594217,-9.204819047946273],[-171.84357502885078,-9.20476739316797],[-171.8438070205274,-9.20473037318402],[-171.84384452343602,-9.20467871839287],[-171.84389685205585,-9.204641698399598],[-171.84393435496443,-9.20459004359543],[-171.8439866835843,-9.204553023592723],[-171.84402418649287,-9.204501368775652],[-171.84407651511262,-9.204464348763793],[-171.84411401802123,-9.204412693933705],[-171.84416634664106,-9.204375673912523],[-171.84420384954967,-9.20423534418319],[-171.84434600969786,-9.20419832414342],[-171.84438351260647,-9.204146669274508],[-171.8444358412263,-9.20410964922553],[-171.84447334413488,-9.204057994343657],[-171.84452567275474,-9.204020974285356],[-171.84456317566332,-9.20396931939058],[-171.84461550428318,-9.203932299322958],[-171.84465300719168,-9.203880644415221],[-171.8447053358115,-9.203843624338333],[-171.84474283872012,-9.20379196941758],[-171.84479516733995,-9.203754949331369],[-171.84483267024856,-9.203703294397826],[-171.8448849988684,-9.20366627430235],[-171.844922501777,-9.203614619355733],[-171.84497483039675,-9.203577599250991],[-171.84501233330533,-9.203437269204926],[-171.8450646619252,-9.203400249081596],[-171.84510216483378,-9.203259918965102],[-171.84515449345363,-9.203222898823185],[-171.84519199636222,-9.20317124381171],[-171.84524432498205,-9.203134223660584],[-171.84528182789057,-9.203082568636319],[-171.8453341565104,-9.203045548475984],[-171.84537165941902,-9.202905218218689],[-171.84542398803885,-9.20286819803971],[-171.84546149094746,-9.202816542976507],[-171.8455138195673,-9.202779522788262],[-171.8455513224759,-9.202639192425409],[-171.84560365109573,-9.202602172218576],[-171.84564115400423,-9.202284491056389],[-171.84569348262409,-9.202247470812381],[-171.84573098553267,-9.202195815658456],[-171.8457833141525,-9.202158795405353],[-171.8458208170611,-9.202018464796197],[-171.84587314568086,-9.201981444524279],[-171.84591064858947,-9.201929789331643],[-171.8459629772093,-9.20189276905046],[-171.8460004801179,-9.201663762804571],[-171.84605280873774,-9.201626742495705],[-171.84609031164635,-9.201486411675432],[-171.84677146096507,-9.201449391347978],[-171.84680896387357,-9.201402055116603],[-171.84644963776,-9.201360715740805],[-171.8464121348514,-9.201309060457277],[-171.84618014317476,-9.201272040111292],[-171.84614264026618,-9.201069564729153],[-171.84623247179462,-9.201006013089625],[-171.84626997470312,-9.200777006269618],[-171.84632230332295,-9.20073998586787],[-171.84635980623148,-9.20059965469585],[-171.84650196637975,-9.200562634275514],[-171.84656563359826,-9.200474943492509],[-171.84665546512662,-9.200598669649594],[-171.8467191323452,-9.20051097887557],[-171.84695112402184,-9.200473958445912],[-171.84698862693037,-9.200422303033065],[-171.84722061860708,-9.200385282594254],[-171.84725812151567,-9.200333627168447],[-171.84740028166397,-9.200296606720315],[-171.84743778457246,-9.20024495128149],[-171.84757994472065,-9.200207930824092],[-171.84761744762935,-9.199978923487379],[-171.84775960777753,-9.199941903002127],[-171.84779711068612,-9.199890247511462],[-171.84784943930597,-9.199853227016888],[-171.84788694221456,-9.199712895493178],[-171.8479392708343,-9.199675874980016],[-171.84797677374291,-9.19962421945064],[-171.84802910236274,-9.19958719892827],[-171.84806660527136,-9.199446867298832],[-171.8481189338912,-9.199409846757874],[-171.8481564367998,-9.199269515058234],[-171.84820876541954,-9.199232494498688],[-171.84824626832815,-9.199092162728675],[-171.84847826000487,-9.199055142150598],[-171.84851576291345,-9.199003486530557],[-171.84892741764696,-9.198966465943272],[-171.84896492055555,-9.198914810310157],[-171.8491969122321,-9.198877789713606],[-171.8492344151407,-9.198826134067644],[-171.84928674376053,-9.198789113461771],[-171.84932424666914,-9.19847142887511],[-171.84937657528897,-9.198434408232117],[-171.84941407819758,-9.198382752521468],[-171.8495293612613,-9.198345731869153],[-171.84959374125444,-9.198434408232117],[-171.84970902431817,-9.19847142887511],[-171.84977340431124,-9.198382752521468],[-171.84982573293098,-9.198345731869153],[-171.8498632358396,-9.198205399747394],[-171.85000539598786,-9.198168379076549],[-171.85004289889645,-9.19812648726014],[-171.8498632358396,-9.198079702646965],[-171.84982573293098,-9.19796590191794],[-171.84991556445942,-9.197902349720835],[-171.84995306736803,-9.197673340891868],[-171.85000539598786,-9.197636320165373],[-171.85004289889645,-9.197584664338137],[-171.85009522751622,-9.197547643602377],[-171.8501327304248,-9.197495987762238],[-171.85018505904475,-9.197458967017212],[-171.85022256195325,-9.197407311164113],[-171.85054438515832,-9.197370290409708],[-171.8505818880669,-9.197318634543649],[-171.8508138797436,-9.197281613780035],[-171.85085138265214,-9.197229957901072],[-171.8509935428004,-9.197192937128136],[-171.85103104570902,-9.197141281236327],[-171.85126303738565,-9.197104260454182],[-171.85130054029423,-9.197052604549185],[-171.85144270044242,-9.197015583757775],[-171.85148020335103,-9.196963927839988],[-171.85162236349922,-9.196926907039256],[-171.8516598664078,-9.196875251108452],[-171.85171219502766,-9.196838230298454],[-171.85174969793624,-9.19678657435486],[-171.8518918580845,-9.19674955353554],[-171.85192936099313,-9.196697897578872],[-171.8522511841982,-9.196660876750343],[-171.8522886871067,-9.196609220780715],[-171.85234101572655,-9.196572199942864],[-171.85237851863513,-9.196520543960332],[-171.85243084725496,-9.196483523113272],[-171.85246835016358,-9.19634319025289],[-171.85261051031176,-9.196306169387299],[-171.85264801322037,-9.196254513366],[-171.85279017336865,-9.19621749249103],[-171.85282767627723,-9.196165836456714],[-171.852880004897,-9.196128815572479],[-171.85291750780567,-9.196077159525203],[-171.85296983642542,-9.196040138631759],[-171.85300733933403,-9.195988482571522],[-171.85305966795386,-9.195951461668756],[-171.85309717086247,-9.19581112859754],[-171.8531494994823,-9.195774107676186],[-171.8531870023909,-9.195722451577126],[-171.8533291625391,-9.195685430646563],[-171.85336666544768,-9.195633774534656],[-171.85341899406754,-9.195596753594714],[-171.85345649697612,-9.195545097469846],[-171.85361740857866,-9.195526586995697],[-171.85363819966486,-9.195458433803196],[-171.85368644902093,-9.195417386003726],[-171.85376379054557,-9.195328784658727],[-171.85379707163546,-9.195437909904058],[-171.8538869031639,-9.195437909904058],[-171.8538869031639,-9.19534923279025],[-171.85397673469222,-9.19534923279025],[-171.85397673469222,-9.195260555654215],[-171.85406656622067,-9.195260555654215],[-171.85406656622067,-9.195171878495955],[-171.8541563977491,-9.195171878495955],[-171.8541563977491,-9.195083201315356],[-171.8543360608059,-9.195083201315356],[-171.8543360608059,-9.194994524112701],[-171.85442589233435,-9.194994524112701],[-171.85442589233435,-9.194905846887764],[-171.85460555539112,-9.194905846887764],[-171.85460555539112,-9.1948171696406],[-171.85469538691956,-9.1948171696406],[-171.85469538691956,-9.194728492371269],[-171.854785218448,-9.194728492371269],[-171.854785218448,-9.194639815079654],[-171.854785218448,-9.194551137765757],[-171.85487504997636,-9.194551137765757],[-171.85487504997636,-9.194373783071569],[-171.8549648815048,-9.194373783071569],[-171.8549648815048,-9.194285105691108],[-171.85505471303324,-9.194285105691108],[-171.85505471303324,-9.194196428288421],[-171.85523437609,-9.194196428288421],[-171.85523437609,-9.194107750863566],[-171.85532420761845,-9.194107750863566],[-171.85532420761845,-9.194019073416484],[-171.8554140391469,-9.194019073416484],[-171.8554140391469,-9.19393039594712],[-171.85550387067525,-9.19393039594712],[-171.85550387067525,-9.193753040941886],[-171.8555937022037,-9.193753040941886],[-171.8555937022037,-9.193575685847804],[-171.85577336526055,-9.193575685847804],[-171.85577336526055,-9.193487008267311],[-171.8558631967889,-9.193487008267311],[-171.8558631967889,-9.19339833066482],[-171.85595302831734,-9.19339833066482],[-171.85595302831734,-9.19330965303999],[-171.8560428598458,-9.19330965303999],[-171.8560428598458,-9.19322097539299],[-171.85622252290256,-9.19322097539299],[-171.85622252290256,-9.193132297723707],[-171.8563123544309,-9.193132297723707],[-171.8563123544309,-9.193043620032313],[-171.85640218595944,-9.193043620032313],[-171.85640218595944,-9.192954942318693],[-171.8564920174878,-9.192954942318693],[-171.8564920174878,-9.192866264582847],[-171.85658184901624,-9.192866264582847],[-171.85658184901624,-9.192777586824718],[-171.85667168054468,-9.192777586824718],[-171.85667168054468,-9.19268890904442],[-171.856761512073,-9.19268890904442],[-171.856761512073,-9.192600231241897],[-171.85685134360145,-9.192600231241897],[-171.85685134360145,-9.192511553417148],[-171.8569411751298,-9.192511553417148],[-171.8569411751298,-9.19242287557023],[-171.85703100665833,-9.19242287557023],[-171.85703100665833,-9.1923341977012],[-171.85721066971513,-9.1923341977012],[-171.85721066971513,-9.19224551980983],[-171.85730050124357,-9.19224551980983],[-171.85730050124357,-9.192156841896235],[-171.8573903327719,-9.192156841896235],[-171.8573903327719,-9.19206816396047],[-171.8573903327719,-9.191979486002424],[-171.85748016430034,-9.191979486002424],[-171.85748016430034,-9.191890808022265],[-171.8575699958287,-9.191890808022265],[-171.8575699958287,-9.19180213001988],[-171.85765982735714,-9.19180213001988],[-171.85765982735714,-9.191713451995327],[-171.85774965888558,-9.191713451995327],[-171.85774965888558,-9.191624773948547],[-171.85783949041402,-9.191624773948547],[-171.85783949041402,-9.191536095879485],[-171.85792932194235,-9.191536095879485],[-171.85792932194235,-9.191447417788197],[-171.8580191534708,-9.191447417788197],[-171.8580191534708,-9.191181383381263],[-171.85810898499923,-9.191181383381263],[-171.85810898499923,-9.191004026998996],[-171.8581988165276,-9.191004026998996],[-171.8581988165276,-9.190915348774467],[-171.85828864805612,-9.190915348774467],[-171.85828864805612,-9.19073799225896],[-171.85837847958447,-9.19073799225896],[-171.85837847958447,-9.190471957319005],[-171.8584683111129,-9.190471957319005],[-171.8584683111129,-9.18985120834867],[-171.85855814264124,-9.18985120834867],[-171.85855814264124,-9.189762529835491],[-171.85864797416968,-9.189762529835491],[-171.85864797416968,-9.189496494162825],[-171.85873780569813,-9.189496494162825],[-171.85873780569813,-9.189407815560742],[-171.85882763722648,-9.189407815560742],[-171.85882763722648,-9.189319136936604],[-171.858917468755,-9.189319136936604],[-171.858917468755,-9.189230458290183],[-171.85900730028334,-9.189230458290183],[-171.85900730028334,-9.189141779621707],[-171.8590971318117,-9.189141779621707],[-171.8590971318117,-9.18896442221785],[-171.85918696334014,-9.18896442221785],[-171.85918696334014,-9.188875743482697],[-171.85927679486858,-9.188875743482697],[-171.85927679486858,-9.188787064725204],[-171.85936662639702,-9.188787064725204],[-171.85936662639702,-9.188609707143883],[-171.85945645792538,-9.188609707143883],[-171.8594752093797,-9.18845086031871]]],[[[-171.86293828498083,-9.187389527010964],[-171.86262216397236,-9.187346876162849],[-171.86257895886718,-9.187300847881488],[-171.862532332444,-9.187258197022743],[-171.86248912733882,-9.187212168729843],[-171.86239944933104,-9.187130141577313],[-171.86271859689,-9.187080838675797],[-171.86280182702924,-9.187169517860411],[-171.86293828498083,-9.187212168729843],[-171.8629814900861,-9.187258197022743],[-171.86302811650927,-9.187300847881488],[-171.86307132161446,-9.18742205098539],[-171.86295988753346,-9.187456880700154],[-171.86293828498083,-9.187389527010964]]],[[[-171.86331921364715,-9.18630405050476],[-171.86331921364715,-9.186215371103629],[-171.8632293821187,-9.186215371103629],[-171.8632293821187,-9.186126691680158],[-171.8630497190619,-9.186126691680158],[-171.8630497190619,-9.18603801223469],[-171.86287005600502,-9.18603801223469],[-171.86287005600502,-9.185860653276848],[-171.86331921364715,-9.185860653276848],[-171.86331921364715,-9.185949332766825],[-171.86358870823227,-9.185949332766825],[-171.86358870823227,-9.18603801223469],[-171.8636785397608,-9.18603801223469],[-171.8636785397608,-9.186215371103629],[-171.86394803434604,-9.186215371103629],[-171.86394803434604,-9.18630405050476],[-171.86331921364715,-9.18630405050476]]],[[[-171.86577540194716,-9.183626197763374],[-171.86585446509662,-9.183701346312318],[-171.86574466491425,-9.183732338859613],[-171.86577540194716,-9.183626197763374]]],[[[-171.86637348561314,-9.182313455480312],[-171.8662836540847,-9.182313455480312],[-171.8662836540847,-9.18204741421431],[-171.86664298019838,-9.18204741421431],[-171.86664298019838,-9.18213609465846],[-171.86682264325523,-9.18213609465846],[-171.8669124747836,-9.18213609465846],[-171.8669124747836,-9.182224775080385],[-171.8669124747836,-9.182313455480312],[-171.8667328117267,-9.182313455480312],[-171.8667328117267,-9.182402135857899],[-171.86637348561314,-9.182402135857899],[-171.86637348561314,-9.182313455480312]]],[[[-171.8669124747836,-9.18009643882948],[-171.86763112701092,-9.18009643882948],[-171.86763112701092,-9.180185119761632],[-171.86772095853928,-9.180185119761632],[-171.86772095853928,-9.180894566420989],[-171.86763112701092,-9.180894566420989],[-171.86763112701092,-9.18098324715362],[-171.86745146395413,-9.18098324715362],[-171.86745146395413,-9.181071927864025],[-171.86682264325523,-9.181071927864025],[-171.86682264325523,-9.18098324715362],[-171.8667328117267,-9.18098324715362],[-171.8667328117267,-9.180894566420989],[-171.86664298019838,-9.180894566420989],[-171.86664298019838,-9.180362481559655],[-171.8667328117267,-9.180362481559655],[-171.8667328117267,-9.18027380067167],[-171.86682264325523,-9.18027380067167],[-171.86682264325523,-9.180185119761632],[-171.8669124747836,-9.180185119761632],[-171.8669124747836,-9.18009643882948]]],[[[-171.8658344964426,-9.17725863728674],[-171.86592432797104,-9.17725863728674],[-171.86592432797104,-9.17743600054854],[-171.8658344964426,-9.17743600054854],[-171.8658344964426,-9.17725863728674]]],[[[-171.8658344964426,-9.17725863728674],[-171.86574466491425,-9.17725863728674],[-171.86574466491425,-9.177081273936267],[-171.8658344964426,-9.177081273936267],[-171.8658344964426,-9.17725863728674]]],[[[-171.8658344964426,-9.177081273936267],[-171.8658652334756,-9.176975130848803],[-171.86594429662506,-9.177050280807578],[-171.8658344964426,-9.177081273936267]]],[[[-171.8670921378404,-9.175928409996402],[-171.86745146395413,-9.175928409996402],[-171.86745146395413,-9.176017091970948],[-171.86763112701092,-9.176017091970948],[-171.86763112701092,-9.176105773923325],[-171.86781079006772,-9.176105773923325],[-171.86781079006772,-9.17619445585359],[-171.86790062159614,-9.17619445585359],[-171.86790062159614,-9.176371819647557],[-171.86790062159614,-9.177169955622617],[-171.8679904531245,-9.177169955622617],[-171.8679904531245,-9.177524682146043],[-171.8679904531245,-9.17823413412873],[-171.86790062159614,-9.17823413412873],[-171.86790062159614,-9.178411496902527],[-171.86781079006772,-9.178411496902527],[-171.86781079006772,-9.178500178256172],[-171.86781079006772,-9.178588859587705],[-171.86772095853928,-9.178588859587705],[-171.86772095853928,-9.178677540896842],[-171.8670921378404,-9.178677540896842],[-171.8670921378404,-9.178943584691808],[-171.86700230631195,-9.178943584691808],[-171.86700230631195,-9.17903226591244],[-171.8669124747836,-9.17903226591244],[-171.8669124747836,-9.179209628287083],[-171.86655314866994,-9.179209628287083],[-171.86655314866994,-9.179298309441037],[-171.86637348561314,-9.179298309441037],[-171.86637348561314,-9.179209628287083],[-171.8662836540847,-9.179209628287083],[-171.86619382255637,-9.179209628287083],[-171.86619382255637,-9.179298309441037],[-171.86610399102784,-9.179298309441037],[-171.86610399102784,-9.179386990572993],[-171.86601415949949,-9.179386990572993],[-171.86601415949949,-9.178766222184038],[-171.86592432797104,-9.178766222184038],[-171.86592432797104,-9.178500178256172],[-171.86610399102784,-9.178500178256172],[-171.86610399102784,-9.178145452708463],[-171.86601415949949,-9.178145452708463],[-171.86601415949949,-9.17787940831488],[-171.86582224768566,-9.177853514009314],[-171.86586270038435,-9.177592037710042],[-171.86594593052368,-9.177680719268551],[-171.86601415949949,-9.17770204527477],[-171.86601415949949,-9.176992592227805],[-171.86610399102784,-9.176992592227805],[-171.86610399102784,-9.17681522874426],[-171.86619382255637,-9.17681522874426],[-171.86619382255637,-9.176637865172154],[-171.8662836540847,-9.176637865172154],[-171.8662836540847,-9.176460501511144],[-171.86637348561314,-9.176460501511144],[-171.86637348561314,-9.17628313776163],[-171.8664633171415,-9.17628313776163],[-171.8664633171415,-9.17619445585359],[-171.86664298019838,-9.17619445585359],[-171.86664298019838,-9.176105773923325],[-171.86700230631195,-9.176105773923325],[-171.86700230631195,-9.176017091970948],[-171.8670921378404,-9.176017091970948],[-171.8670921378404,-9.175928409996402]]],[[[-171.86631439660053,-9.175733584540524],[-171.86639345975,-9.175808734762427],[-171.8662836540847,-9.17583972799946],[-171.86631439660053,-9.175733584540524]]],[[[-171.86572387382807,-9.174530015086646],[-171.86558579294356,-9.17448897568812],[-171.8655442107712,-9.1740032901223],[-171.86590353688496,-9.173956881215986],[-171.86594511905722,-9.1739092381967],[-171.86599336841329,-9.173868198726382],[-171.86603494510277,-9.173820555695158],[-171.86608320542464,-9.173779516214552],[-171.8661247766312,-9.173731873171448],[-171.8662836540847,-9.173711353426597],[-171.86630240553896,-9.173641182493895],[-171.86644456568723,-9.173604159256342],[-171.86650823290574,-9.173516461800148],[-171.86657190012428,-9.173604159256342],[-171.86671406027247,-9.173641182493895],[-171.8667328117267,-9.173888718462138],[-171.8667328117267,-9.174066083408945],[-171.86682264325523,-9.174066083408945],[-171.86682264325523,-9.174154765849096],[-171.8669124747836,-9.174154765849096],[-171.8669124747836,-9.174243448266964],[-171.86700230631195,-9.174243448266964],[-171.86700230631195,-9.174332130662776],[-171.8670921378404,-9.174332130662776],[-171.8670921378404,-9.174420813036534],[-171.86718196936883,-9.174420813036534],[-171.86718196936883,-9.174598177717144],[-171.86727180089727,-9.174598177717144],[-171.86727180089727,-9.174686860024394],[-171.8673616324256,-9.174686860024394],[-171.8673616324256,-9.174952906812734],[-171.86727180089727,-9.174952906812734],[-171.86727180089727,-9.175041589031196],[-171.86718196936883,-9.175041589031196],[-171.86718196936883,-9.175130271227545],[-171.86700230631195,-9.175130271227545],[-171.86700230631195,-9.175218953401668],[-171.86682264325523,-9.175218953401668],[-171.86682264325523,-9.175307635553622],[-171.8667328117267,-9.175307635553622],[-171.8667328117267,-9.17539631768335],[-171.86664298019838,-9.17539631768335],[-171.86664298019838,-9.175484999791024],[-171.86664298019838,-9.175662363939637],[-171.86664298019838,-9.175751045980746],[-171.86655314866994,-9.175751045980746],[-171.86655314866994,-9.175662363939637],[-171.8662836540847,-9.175662363939637],[-171.8662836540847,-9.175573681876358],[-171.86621460815954,-9.175553162238089],[-171.86616053598348,-9.175375862987607],[-171.86608320542464,-9.175464480147468],[-171.86598093323826,-9.175505519433216],[-171.86590353688496,-9.175416837330658],[-171.8658552875289,-9.175375798034793],[-171.86581370535652,-9.175328155205989],[-171.86576545600036,-9.175287115899891],[-171.86572387382807,-9.174530015086646]]],[[[-171.86599540804522,-9.173463817334778],[-171.86567358484007,-9.173426794078694],[-171.86563608193148,-9.173109086750344],[-171.8655837533117,-9.173072063457198],[-171.86554625040313,-9.173020404048827],[-171.8654939217833,-9.172983380746416],[-171.8654564188747,-9.17216011465797],[-171.86554625040313,-9.172096552419646],[-171.8655837533117,-9.172044892869167],[-171.86563608193148,-9.172007869465062],[-171.86567358484007,-9.17195620990168],[-171.86587869943233,-9.17191918648831],[-171.8659430794254,-9.172007869465062],[-171.86617507110202,-9.172044892869167],[-171.8662125740106,-9.172185235352117],[-171.86626490263035,-9.17222225873769],[-171.86630240553896,-9.172273918262306],[-171.86635473415888,-9.17231094163867],[-171.8663922370675,-9.172628649681712],[-171.86644456568723,-9.172665673021072],[-171.86648206859584,-9.172983380746416],[-171.86657090223983,-9.173046233754008],[-171.86648206859584,-9.173109086750344],[-171.86644456568723,-9.173160746145754],[-171.8663922370675,-9.173197769429692],[-171.86635473415888,-9.173426794078694],[-171.86630240553896,-9.173463817334778],[-171.86626490263035,-9.17351547667863],[-171.86601415949949,-9.173533988302495],[-171.86599540804522,-9.173463817334778]]],[[[-171.86331921364715,-9.168656412648204],[-171.8636785397608,-9.168656412648204],[-171.8636785397608,-9.168745096440148],[-171.86376837128915,-9.168745096440148],[-171.86376837128915,-9.168922463957813],[-171.8632293821187,-9.168922463957813],[-171.8632293821187,-9.168745096440148],[-171.86331921364715,-9.168745096440148],[-171.86331921364715,-9.168656412648204]]],[[[-171.86340904517547,-9.167326153109514],[-171.86340904517547,-9.16723746896298],[-171.86358870823227,-9.16723746896298],[-171.86358870823227,-9.167326153109514],[-171.86340904517547,-9.167326153109514]]],[[[-171.86035477320956,-9.160320037303961],[-171.86053443626636,-9.160320037303961],[-171.86053443626636,-9.160408723177682],[-171.8606242677948,-9.160408723177682],[-171.86080393085157,-9.160408723177682],[-171.86080393085157,-9.160497409029233],[-171.86089376238002,-9.160497409029233],[-171.86089376238002,-9.160586094858672],[-171.86098359390837,-9.160586094858672],[-171.86098359390837,-9.160763466451101],[-171.8610734254368,-9.160763466451101],[-171.8610734254368,-9.160852152214147],[-171.86116325696526,-9.160852152214147],[-171.86116325696526,-9.160940837955081],[-171.86134292002203,-9.160940837955081],[-171.86134292002203,-9.161029523673847],[-171.86143275155047,-9.161029523673847],[-171.86143275155047,-9.1611182093705],[-171.8615225830789,-9.1611182093705],[-171.8615225830789,-9.161295580697299],[-171.86161241460735,-9.161295580697299],[-171.86161241460735,-9.161384266327502],[-171.8617022461357,-9.161384266327502],[-171.8617022461357,-9.161650323085212],[-171.86179207766412,-9.161650323085212],[-171.86179207766412,-9.161827694146325],[-171.86188190919256,-9.161827694146325],[-171.86188190919256,-9.16200506511899],[-171.86197174072092,-9.16200506511899],[-171.86197174072092,-9.162537177505442],[-171.86206157224936,-9.162537177505442],[-171.86206157224936,-9.162625862825735],[-171.86206157224936,-9.1628032333997],[-171.8621514037778,-9.1628032333997],[-171.8621514037778,-9.162980603885217],[-171.86224123530616,-9.162980603885217],[-171.86224123530616,-9.163069289094778],[-171.86224123530616,-9.163157974282171],[-171.86233106683457,-9.163157974282171],[-171.86233106683457,-9.163246659447395],[-171.86224123530616,-9.163246659447395],[-171.86224123530616,-9.16333534459045],[-171.86233106683457,-9.16333534459045],[-171.86233106683457,-9.163424029711507],[-171.86233106683457,-9.163601399887],[-171.862420898363,-9.163601399887],[-171.862420898363,-9.163956139972242],[-171.86251072989137,-9.163956139972242],[-171.86251072989137,-9.164133509882106],[-171.86251072989137,-9.164576934268894],[-171.862420898363,-9.164576934268894],[-171.862420898363,-9.16466561907987],[-171.86243964981728,-9.164824476558238],[-171.86258180996555,-9.164861500711595],[-171.86261931287416,-9.164913161307311],[-171.86276147302235,-9.164950185451403],[-171.86279897593093,-9.165090530739178],[-171.86288880745937,-9.165154094231923],[-171.8628513045508,-9.16526790008237],[-171.8627624709067,-9.165330754456079],[-171.86288880745937,-9.165420148165936],[-171.8628513045508,-9.165533953931174],[-171.8627624709067,-9.16559680825776],[-171.8628513045508,-9.165659662573262],[-171.86288880745937,-9.165711323052903],[-171.86294113607923,-9.165748347113777],[-171.86297863898773,-9.165800007580515],[-171.86303096760756,-9.16583703163218],[-171.86306847051617,-9.165888692086128],[-171.8631207991359,-9.16592571612847],[-171.8631583020446,-9.165977376569344],[-171.86321063066444,-9.166014400602535],[-171.86324813357305,-9.166332114281374],[-171.8633004621928,-9.166369138277503],[-171.86333796510138,-9.166420798653917],[-171.86342779662974,-9.166484361908601],[-171.86339029372124,-9.166775535922966],[-171.86331921364715,-9.166794047898293],[-171.86331921364715,-9.167326153109514],[-171.86313955059026,-9.167326153109514],[-171.86313955059026,-9.16723746896298],[-171.86295988753346,-9.16723746896298],[-171.86295988753346,-9.167148784794335],[-171.86287005600502,-9.167148784794335],[-171.86287005600502,-9.167060100603521],[-171.86269039294825,-9.167060100603521],[-171.86269039294825,-9.166794047898293],[-171.8627802244767,-9.166794047898293],[-171.8627802244767,-9.166527994993714],[-171.86269039294825,-9.166527994993714],[-171.86269039294825,-9.166439310647888],[-171.8626005614198,-9.166439310647888],[-171.8626005614198,-9.16635062627995],[-171.86251072989137,-9.16635062627995],[-171.86251072989137,-9.166173257477453],[-171.862420898363,-9.166173257477453],[-171.862420898363,-9.166084573043122],[-171.86233106683457,-9.166084573043122],[-171.86233106683457,-9.165995888586508],[-171.86224123530616,-9.165995888586508],[-171.86224123530616,-9.16581851960683],[-171.8621514037778,-9.16581851960683],[-171.8621514037778,-9.16564115053859],[-171.86206157224936,-9.16564115053859],[-171.86206157224936,-9.165463781381902],[-171.86197174072092,-9.165463781381902],[-171.86197174072092,-9.165286412136481],[-171.86188190919256,-9.165286412136481],[-171.86188190919256,-9.165109042802499],[-171.86179207766412,-9.165109042802499],[-171.86179207766412,-9.164931673379897],[-171.8617022461357,-9.164931673379897],[-171.8617022461357,-9.16475430386879],[-171.86161241460735,-9.16475430386879],[-171.86161241460735,-9.164576934268894],[-171.8615225830789,-9.164576934268894],[-171.8615225830789,-9.164310879703237],[-171.86143275155047,-9.164310879703237],[-171.86143275155047,-9.164133509882106],[-171.86134292002203,-9.164133509882106],[-171.86134292002203,-9.163956139972242],[-171.86125308849358,-9.163956139972242],[-171.86125308849358,-9.16377876997393],[-171.86116325696526,-9.16377876997393],[-171.86116325696526,-9.163601399887],[-171.8610734254368,-9.163601399887],[-171.8610734254368,-9.163424029711507],[-171.86098359390837,-9.163424029711507],[-171.86098359390837,-9.163246659447395],[-171.86089376238002,-9.163246659447395],[-171.86089376238002,-9.162980603885217],[-171.86071409932313,-9.162980603885217],[-171.86071409932313,-9.1628032333997],[-171.8606242677948,-9.1628032333997],[-171.8606242677948,-9.162714548123688],[-171.8606242677948,-9.16244849216298],[-171.86053443626636,-9.16244849216298],[-171.86053443626636,-9.16227112141189],[-171.8606242677948,-9.16227112141189],[-171.8606242677948,-9.162182436003036],[-171.86044460473792,-9.162182436003036],[-171.86044460473792,-9.162093750572012],[-171.86026494168112,-9.162093750572012],[-171.86026494168112,-9.16200506511899],[-171.86017511015277,-9.16200506511899],[-171.86017511015277,-9.161827694146325],[-171.86008527862424,-9.161827694146325],[-171.86008527862424,-9.161739008626853],[-171.8599954470959,-9.161739008626853],[-171.8599954470959,-9.161561637521345],[-171.85990561556747,-9.161561637521345],[-171.85990561556747,-9.161295580697299],[-171.85981578403903,-9.161295580697299],[-171.85981578403903,-9.160940837955081],[-171.85981578403903,-9.160763466451101],[-171.85990561556747,-9.160763466451101],[-171.85990561556747,-9.160674780666],[-171.85990561556747,-9.160586094858672],[-171.8599954470959,-9.160586094858672],[-171.8599954470959,-9.160497409029233],[-171.86017511015277,-9.160497409029233],[-171.86017511015277,-9.160408723177682],[-171.86035477320956,-9.160408723177682],[-171.86035477320956,-9.160320037303961]]],[[[-171.86008527862424,-9.159610549517367],[-171.86008527862424,-9.159876607603337],[-171.8599954470959,-9.159876607603337],[-171.8599954470959,-9.159965293587675],[-171.85990561556747,-9.159965293587675],[-171.85990561556747,-9.160142665490184],[-171.85981578403903,-9.160142665490184],[-171.85981578403903,-9.160231351408072],[-171.8595462894539,-9.160231351408072],[-171.8595462894539,-9.160320037303961],[-171.85936662639702,-9.160320037303961],[-171.85927679486858,-9.160320037303961],[-171.85927679486858,-9.160231351408072],[-171.85918696334014,-9.160231351408072],[-171.85918696334014,-9.1600539795499],[-171.85918696334014,-9.159965293587675],[-171.8590971318117,-9.159965293587675],[-171.8590971318117,-9.159876607603337],[-171.8590971318117,-9.159787921596887],[-171.85907838035754,-9.159540375797917],[-171.8590260517376,-9.159503351089995],[-171.85898854882902,-9.159008258923336],[-171.85893622020924,-9.158971234159935],[-171.85889871730066,-9.158742200187078],[-171.85884638868083,-9.158705175396108],[-171.85880888577222,-9.158476141251924],[-171.85875655715247,-9.158439116433044],[-171.85871905424386,-9.158121395694991],[-171.85866672562403,-9.158084370839106],[-171.85862922271542,-9.157855336294858],[-171.8585768940956,-9.15781831141146],[-171.85853939118698,-9.157500590118275],[-171.85848706256724,-9.157463565197872],[-171.85844955965865,-9.157234530253447],[-171.8583972310387,-9.157197505305362],[-171.85835972813013,-9.156879783457327],[-171.85830739951038,-9.156842758472294],[-171.85826989660177,-9.156613723127748],[-171.85821756798194,-9.156576698115032],[-171.85818006507333,-9.156347662599217],[-171.8581277364535,-9.156310637558647],[-171.85809023354497,-9.155815540944559],[-171.8580013999009,-9.155752684887602],[-171.85809023354497,-9.155689828819504],[-171.8581277364535,-9.155638166882625],[-171.85818006507333,-9.155601141768273],[-171.8581988165276,-9.155530967257107],[-171.85810898499923,-9.155530967257107],[-171.85810898499923,-9.155353593053235],[-171.8580191534708,-9.155353593053235],[-171.8580191534708,-9.155087531581614],[-171.85792932194235,-9.155087531581614],[-171.85792932194235,-9.154466720706466],[-171.85783949041402,-9.154466720706466],[-171.85783949041402,-9.153313783348267],[-171.85774965888558,-9.153313783348267],[-171.85774965888558,-9.152781657153014],[-171.85783949041402,-9.152781657153014],[-171.85783949041402,-9.152338218048612],[-171.85792932194235,-9.152338218048612],[-171.85792932194235,-9.151540026267412],[-171.8580191534708,-9.151540026267412],[-171.8580191534708,-9.151451338181062],[-171.8580191534708,-9.151273961942195],[-171.85810898499923,-9.151273961942195],[-171.85810898499923,-9.150919209199003],[-171.85810898499923,-9.150830520957811],[-171.8581988165276,-9.150830520957811],[-171.8581988165276,-9.150653144409489],[-171.8584683111129,-9.150653144409489],[-171.85848706256724,-9.150494280597002],[-171.85853939118698,-9.15045725494707],[-171.8585768940956,-9.150316903880935],[-171.85866572773958,-9.150254046852012],[-171.8585768940956,-9.150191189811892],[-171.85853939118698,-9.149962150183228],[-171.85848706256724,-9.149925124477818],[-171.8584683111129,-9.149677571811708],[-171.85837847958447,-9.149677571811708],[-171.85837847958447,-9.149588883260947],[-171.8584683111129,-9.149588883260947],[-171.8584683111129,-9.149145440176142],[-171.85837847958447,-9.149145440176142],[-171.85837847958447,-9.148613307744597],[-171.85828864805612,-9.148613307744597],[-171.85828864805612,-9.1484359300905],[-171.85837847958447,-9.1484359300905],[-171.85837847958447,-9.14737166230924],[-171.85828864805612,-9.14737166230924],[-171.85828864805612,-9.14675083796675],[-171.8581988165276,-9.14675083796675],[-171.8581988165276,-9.146484770059828],[-171.85810898499923,-9.146484770059828],[-171.85810898499923,-9.146307391344806],[-171.8580191534708,-9.146307391344806],[-171.8580191534708,-9.146130012541164],[-171.85792932194235,-9.146130012541164],[-171.85792932194235,-9.145775254668933],[-171.8580191534708,-9.145775254668933],[-171.8580191534708,-9.145509186032598],[-171.85810898499923,-9.145509186032598],[-171.85810898499923,-9.144888358440994],[-171.8580191534708,-9.144888358440994],[-171.8580191534708,-9.144622289141694],[-171.85792932194235,-9.144622289141694],[-171.85792932194235,-9.144444909498361],[-171.8580191534708,-9.144444909498361],[-171.8580191534708,-9.143735390040888],[-171.85792932194235,-9.143735390040888],[-171.85792932194235,-9.143646700009185],[-171.85783949041402,-9.143646700009185],[-171.85774965888558,-9.143646700009185],[-171.85774965888558,-9.143558009955598],[-171.85765982735714,-9.143558009955598],[-171.85765982735714,-9.142759798477812],[-171.85774965888558,-9.142759798477812],[-171.85774965888558,-9.142405037246476],[-171.85783949041402,-9.142405037246476],[-171.85783949041402,-9.142138966091068],[-171.85792932194235,-9.142138966091068],[-171.85792932194235,-9.14196158521031],[-171.8580191534708,-9.14196158521031],[-171.8580191534708,-9.141784204241105],[-171.85810898499923,-9.141784204241105],[-171.85810898499923,-9.141695513723505],[-171.85810898499923,-9.141518132621798],[-171.8581988165276,-9.141518132621798],[-171.8581988165276,-9.141074679480994],[-171.85828864805612,-9.141074679480994],[-171.85828864805612,-9.140985988786497],[-171.85828864805612,-9.140542534983013],[-171.85828864805612,-9.140010389689792],[-171.85837847958447,-9.140010389689792],[-171.85837847958447,-9.13983300774862],[-171.8584683111129,-9.13983300774862],[-171.8584683111129,-9.139212170259043],[-171.85855814264124,-9.139212170259043],[-171.85855814264124,-9.138946096717802],[-171.85864797416968,-9.138946096717802],[-171.85864797416968,-9.138768714246623],[-171.85882763722648,-9.138768714246623],[-171.85882763722648,-9.138680022977894],[-171.858917468755,-9.138680022977894],[-171.858917468755,-9.13859133168711],[-171.85900730028334,-9.13859133168711],[-171.85900730028334,-9.138502640374156],[-171.85900730028334,-9.138413949039148],[-171.85900730028334,-9.13823656630285],[-171.8590971318117,-9.13823656630285],[-171.8590971318117,-9.138147874901676],[-171.85918696334014,-9.138147874901676],[-171.85918696334014,-9.138059183478333],[-171.85927679486858,-9.138059183478333],[-171.85927679486858,-9.137970492032935],[-171.85936662639702,-9.137970492032935],[-171.85936662639702,-9.137615726030504],[-171.85936662639702,-9.137527034474601],[-171.85927679486858,-9.137527034474601],[-171.85927679486858,-9.137349651296802],[-171.85936662639702,-9.137349651296802],[-171.85936662639702,-9.137260959674734],[-171.85927679486858,-9.137260959674734],[-171.85927679486858,-9.137083576364205],[-171.85936662639702,-9.137083576364205],[-171.85936662639702,-9.136906192965569],[-171.85936662639702,-9.13681750123311],[-171.85945645792538,-9.13681750123311],[-171.85945645792538,-9.13672880947854],[-171.8595462894539,-9.13672880947854],[-171.8595462894539,-9.136640117701802],[-171.8595462894539,-9.136551425903178],[-171.85963612098223,-9.136551425903178],[-171.85963612098223,-9.136462734082272],[-171.8595462894539,-9.136462734082272],[-171.8595462894539,-9.136374042239538],[-171.85945645792538,-9.136374042239538],[-171.85945645792538,-9.13619665848745],[-171.85938537785137,-9.13617814491937],[-171.85934787494267,-9.136037788223405],[-171.85925904129869,-9.13597492867325],[-171.85934787494267,-9.13591206911201],[-171.85936662639702,-9.135841890718439],[-171.85918696334014,-9.135841890718439],[-171.85918696334014,-9.135575814659944],[-171.85927679486858,-9.135575814659944],[-171.85927679486858,-9.13548712259626],[-171.85936662639702,-9.13548712259626],[-171.85936662639702,-9.135398430510577],[-171.85945645792538,-9.135398430510577],[-171.85945645792538,-9.135132354120856],[-171.85945645792538,-9.134777585292056],[-171.85936662639702,-9.134777585292056],[-171.85936662639702,-9.134600200745297],[-171.85945645792538,-9.134600200745297],[-171.85945645792538,-9.134511508438834],[-171.8595462894539,-9.134511508438834],[-171.8595462894539,-9.134334123759515],[-171.85963612098223,-9.134334123759515],[-171.85963612098223,-9.134245431386773],[-171.85972595251067,-9.134245431386773],[-171.8597039442248,-9.133646313397492],[-171.8596581292681,-9.1336028549199],[-171.8596141126964,-9.133468928287641],[-171.85956829773966,-9.133425469788335],[-171.85952428116804,-9.133155913835196],[-171.8596141126964,-9.133070699260372],[-171.8596581292681,-9.132936772428081],[-171.85979377575316,-9.132893313863917],[-171.8598377923249,-9.132759386964949],[-171.8598836072817,-9.132715928379127],[-171.85992762385334,-9.132670694200328],[-171.85997343881004,-9.132627235603707],[-171.86001745538167,-9.132582001413539],[-171.8600632703385,-9.132538542806174],[-171.8601072869101,-9.132493308604694],[-171.86015310186693,-9.132449849986415],[-171.86023828391188,-9.132362318315359],[-171.8602869499669,-9.13280462113255],[-171.8603327649237,-9.132848079707514],[-171.86037678149535,-9.13364979148298],[-171.8602869499669,-9.133735005919448],[-171.86024293339526,-9.133868932451719],[-171.86019711843855,-9.13391239089691],[-171.86015310186693,-9.134093253867206],[-171.86024293339526,-9.13417846819766],[-171.8602869499669,-9.135423637708698],[-171.86019711843855,-9.135508851720829],[-171.86015310186693,-9.135731469611414],[-171.8601072869101,-9.135774927829345],[-171.8600632703385,-9.136086237490304],[-171.86001745538167,-9.136129695664977],[-171.85997343881004,-9.136441005015968],[-171.85992762385334,-9.136484463147383],[-171.8598836072817,-9.137061847335758],[-171.8598377923249,-9.137105305391515],[-171.85979377575316,-9.137860071585578],[-171.85974796079645,-9.137903529543962],[-171.8597039442248,-9.138480911432111],[-171.8596581292681,-9.138524369314837],[-171.8596141126964,-9.139101750196517],[-171.85956829773966,-9.13914520800347],[-171.8595462894539,-9.139389552509272],[-171.8595462894539,-9.139478243601332],[-171.85963612098223,-9.139478243601332],[-171.85963612098223,-9.140010389689792],[-171.8595462894539,-9.140010389689792],[-171.8595462894539,-9.140719916570674],[-171.85945645792538,-9.140719916570674],[-171.85945645792538,-9.140897298070001],[-171.85936662639702,-9.140897298070001],[-171.85936662639702,-9.141163370153322],[-171.85927679486858,-9.141163370153322],[-171.85927679486858,-9.141518132621798],[-171.85934502384438,-9.141496804443818],[-171.859426894229,-9.141409572724001],[-171.859478060478,-9.141674185556212],[-171.85956789200642,-9.141756363952254],[-171.85950533232997,-9.141894222892176],[-171.85938822894965,-9.141851566580101],[-171.85934502384438,-9.141716841889604],[-171.85927679486858,-9.141695513723505],[-171.85927679486858,-9.14231634688349],[-171.85945645792538,-9.14231634688349],[-171.85945645792538,-9.142405037246476],[-171.8595462894539,-9.142405037246476],[-171.8595462894539,-9.142759798477812],[-171.85945645792538,-9.142759798477812],[-171.85945645792538,-9.142937178960892],[-171.85945645792538,-9.143291939661879],[-171.85945645792538,-9.14426752976658],[-171.85945645792538,-9.145243117197424],[-171.85936662639702,-9.145243117197424],[-171.85936662639702,-9.147282973183849],[-171.85945645792538,-9.147282973183849],[-171.85945645792538,-9.148081174517188],[-171.85945645792538,-9.149145440176142],[-171.85936662639702,-9.149145440176142],[-171.85936662639702,-9.14941150609343],[-171.85945645792538,-9.14941150609343],[-171.85945645792538,-9.149943637330978],[-171.8595462894539,-9.149943637330978],[-171.8595462894539,-9.150475767772491],[-171.85963612098223,-9.150475767772491],[-171.85963612098223,-9.151806090393507],[-171.8595462894539,-9.151806090393507],[-171.8595462894539,-9.151983466366971],[-171.8595462894539,-9.152072154320592],[-171.8595462894539,-9.152781657153014],[-171.85945645792538,-9.152781657153014],[-171.85945645792538,-9.152959032639899],[-171.85945645792538,-9.153668533702898],[-171.8595462894539,-9.153668533702898],[-171.8595462894539,-9.153845908747485],[-171.85963612098223,-9.153845908747485],[-171.85963612098223,-9.154023283703452],[-171.85972595251067,-9.154023283703452],[-171.85972595251067,-9.154200658571028],[-171.85972595251067,-9.154466720706466],[-171.85963612098223,-9.154466720706466],[-171.85963612098223,-9.154998844380032],[-171.85972595251067,-9.154998844380032],[-171.85972595251067,-9.155087531581614],[-171.85972595251067,-9.155176218760914],[-171.8597941814864,-9.15519754611887],[-171.85983738659166,-9.155243578564239],[-171.85988401301483,-9.155286233270772],[-171.8599272181201,-9.155332265704715],[-171.85997384454328,-9.155374920400675],[-171.86001704964846,-9.155420952823079],[-171.86006367607172,-9.155463607508295],[-171.86010688117688,-9.156130448973101],[-171.86015350760005,-9.156173103573224],[-171.86019671270532,-9.156396509664376],[-171.86026850555396,-9.156462180375627],[-171.86019671270532,-9.156527851074713],[-171.86015350760005,-9.156662570156413],[-171.86006367607172,-9.15674474509035],[-171.86010688117688,-9.157106003867227],[-171.86019671270532,-9.157188178698505],[-171.86014417573597,-9.15741180067181],[-171.86006367607172,-9.1573260316585],[-171.85990561556747,-9.15730470442827],[-171.85990561556747,-9.157482077658528],[-171.8599954470959,-9.157482077658528],[-171.8599954470959,-9.158191569694566],[-171.86008527862424,-9.158191569694566],[-171.86008527862424,-9.159344491232218],[-171.86017511015277,-9.159344491232218],[-171.86017511015277,-9.159610549517367],[-171.86008527862424,-9.159610549517367]]],[[[-171.78552511004239,-9.156240463187714],[-171.78588443615604,-9.156240463187714],[-171.78622297118352,-9.15626098394199],[-171.7862645533558,-9.15630862932909],[-171.78649246576876,-9.156349670828604],[-171.78653404794113,-9.156397316203822],[-171.78667212882553,-9.156438357693219],[-171.7867137109979,-9.156486003056443],[-171.78694162341085,-9.15652704453555],[-171.78698320558314,-9.156574689886952],[-171.78712128646762,-9.156615731355657],[-171.7871628686399,-9.156663376695235],[-171.78721111799598,-9.156704418153936],[-171.78725270016835,-9.15675206348152],[-171.78730094952442,-9.156793104929875],[-171.7873425316968,-9.15698276053007],[-171.78725270016835,-9.157059165125077],[-171.78721111799598,-9.15719549708075],[-171.7871628686399,-9.157236538477889],[-171.78712128646762,-9.15737287036552],[-171.78707303711158,-9.15741391174231],[-171.7870314549392,-9.157550243561843],[-171.78698320558314,-9.157591284918055],[-171.78694162341085,-9.158082362619552],[-171.7868933740547,-9.15812340391426],[-171.7868517918824,-9.15896922594527],[-171.78680354252626,-9.15901026713766],[-171.78676196035389,-9.159235284511453],[-171.7867137109979,-9.159276325673147],[-171.78667212882553,-9.159412656778272],[-171.78662387946946,-9.159453697919275],[-171.7865822972971,-9.159590028956472],[-171.78653404794113,-9.159631070077126],[-171.78649246576876,-9.15985608705779],[-171.7864442164127,-9.159897128147634],[-171.78640263424032,-9.160299516783994],[-171.78635438488425,-9.160340557822735],[-171.78631280271188,-9.161275060233663],[-171.7862645533558,-9.161316101159684],[-171.78622297118352,-9.16171848818891],[-171.78617472182736,-9.161759529063715],[-171.78613313965508,-9.161895859216031],[-171.786084890299,-9.161936900070202],[-171.78604330812664,-9.16207323015459],[-171.78599505877057,-9.162114270988411],[-171.7859534765983,-9.162250601004587],[-171.78590522724224,-9.162291641817887],[-171.78586364506987,-9.162427971766022],[-171.7858153957138,-9.162469012558915],[-171.78577381354143,-9.162605342438837],[-171.78572556418536,-9.16264638321121],[-171.78568398201298,-9.162782713023205],[-171.7856357326569,-9.162823753775058],[-171.78559415048463,-9.162871398282164],[-171.78554590112856,-9.162912439023728],[-171.78550431895619,-9.163137453926197],[-171.78545606960012,-9.163178494637009],[-171.78541448742774,-9.16340350937088],[-171.7853662380717,-9.163444550050883],[-171.78532465589942,-9.16366956461627],[-171.78527640654335,-9.163710605265692],[-171.78523482437097,-9.164467729156684],[-171.7851865750149,-9.164508769713848],[-171.78514499284253,-9.164822468376713],[-171.78509674348655,-9.164863508892836],[-171.7850551613141,-9.165088522559131],[-171.78500691195802,-9.165129563044559],[-171.78496532978573,-9.165620630326146],[-171.78491708042966,-9.165661670750012],[-171.7848754982573,-9.165797999404504],[-171.78482724890125,-9.16583903980802],[-171.78478566672896,-9.165886683910571],[-171.7847374173728,-9.165927724303685],[-171.78469583520052,-9.166152737295647],[-171.78464758584437,-9.166193777658123],[-171.78460600367208,-9.16641879048143],[-171.784557754316,-9.166459830813096],[-171.78451617214364,-9.16668484346792],[-171.78446792278757,-9.166725883768777],[-171.78442634061528,-9.167039580473045],[-171.7843780912592,-9.167080620732918],[-171.78433650908684,-9.167571685316148],[-171.7842882597308,-9.167612725514573],[-171.7842466775585,-9.167837737438731],[-171.78419842820244,-9.167878777606347],[-171.78415684603007,-9.16810378936185],[-171.78410859667392,-9.168144829498658],[-171.78406701450163,-9.168281157199772],[-171.78401876514548,-9.168322197316172],[-171.7839771829732,-9.168458524949187],[-171.78392893361712,-9.16849956504501],[-171.78388735144475,-9.16872457640693],[-171.78383910208876,-9.168765616472115],[-171.7837975199164,-9.16952272958423],[-171.78374927056035,-9.1695637695571],[-171.78370768838798,-9.170232197568453],[-171.7836594390319,-9.170273237459298],[-171.78361785685962,-9.170675614338393],[-171.78356960750347,-9.170716654177909],[-171.7835280253311,-9.171296396885623],[-171.78347977597502,-9.171337436653403],[-171.78343819380274,-9.171651129282168],[-171.78338994444667,-9.171692169008907],[-171.78334836227438,-9.172005861324124],[-171.78330011291823,-9.172046901009821],[-171.78325853074585,-9.172183227212145],[-171.78307894444936,-9.172236608004994],[-171.7832102046295,-9.172348251888195],[-171.78303061833302,-9.17240163265626],[-171.78298903616073,-9.172626641544355],[-171.78294078680466,-9.17266768115826],[-171.7828992046322,-9.172892689877642],[-171.78285095527613,-9.172933729460738],[-171.78280937310385,-9.173070055322398],[-171.78276112374778,-9.173111094884973],[-171.7827195415754,-9.173247420678365],[-171.78267129221933,-9.173288460220533],[-171.78262971004696,-9.173336103323152],[-171.782581460691,-9.173377142855031],[-171.78253987851863,-9.173513468546275],[-171.78249162916248,-9.173554508057578],[-171.7824500469902,-9.173602151124555],[-171.78240179763412,-9.173643190625626],[-171.78236021546184,-9.173779516214552],[-171.78231196610568,-9.173820555695158],[-171.7822703839334,-9.173868198726382],[-171.78222213457724,-9.1739092381967],[-171.78218055240495,-9.174045563683478],[-171.78213230304888,-9.174086603133219],[-171.78209072087662,-9.174134246128688],[-171.78204247152047,-9.174175285568197],[-171.7820008893481,-9.174222928551785],[-171.7819526399921,-9.174263967981062],[-171.78191105781974,-9.17440029333153],[-171.7818628084636,-9.174441332740287],[-171.7818212262913,-9.174666340334738],[-171.78177297693523,-9.174707379712743],[-171.78173139476294,-9.174843704892794],[-171.7816831454068,-9.174884744250335],[-171.78164156323442,-9.17502106936223],[-171.78159331387835,-9.175062108699137],[-171.78155173170606,-9.175287115899891],[-171.78148269126382,-9.175307635553622],[-171.78148269126382,-9.175484999791024],[-171.78139285973546,-9.175484999791024],[-171.78139285973546,-9.175573681876358],[-171.78139285973546,-9.175662363939637],[-171.78130302820693,-9.175662363939637],[-171.78130302820693,-9.17583972799946],[-171.78130302820693,-9.175928409996402],[-171.7812131966786,-9.175928409996402],[-171.7812131966786,-9.176017091970948],[-171.7812131966786,-9.17619445585359],[-171.78112336515017,-9.17619445585359],[-171.78112336515017,-9.176460501511144],[-171.7810335336218,-9.176460501511144],[-171.7810335336218,-9.17654918335279],[-171.78094370209337,-9.17654918335279],[-171.78094370209337,-9.176726546969348],[-171.78085387056493,-9.176726546969348],[-171.78085387056493,-9.17681522874426],[-171.78076403903657,-9.17681522874426],[-171.78076403903657,-9.176992592227805],[-171.78067420750804,-9.176992592227805],[-171.78067420750804,-9.177169955622617],[-171.7805843759797,-9.177169955622617],[-171.7805843759797,-9.17725863728674],[-171.7805843759797,-9.177347318928696],[-171.78049454445127,-9.177347318928696],[-171.78049454445127,-9.17743600054854],[-171.78040471292292,-9.17743600054854],[-171.78040471292292,-9.177524682146043],[-171.78031488139447,-9.177524682146043],[-171.78031488139447,-9.177613363721548],[-171.78022504986603,-9.177613363721548],[-171.78022504986603,-9.17787940831488],[-171.7801352183377,-9.17787940831488],[-171.7801352183377,-9.178056771266029],[-171.78004538680918,-9.178056771266029],[-171.78004538680918,-9.178322815526599],[-171.77995555528082,-9.178322815526599],[-171.77995555528082,-9.178588859587705],[-171.77986572375238,-9.178588859587705],[-171.77986572375238,-9.178943584691808],[-171.77977589222402,-9.178943584691808],[-171.77977589222402,-9.179209628287083],[-171.77977589222402,-9.179298309441037],[-171.77968606069558,-9.179298309441037],[-171.77968606069558,-9.179475671682667],[-171.77959622916714,-9.179475671682667],[-171.77959622916714,-9.179564352770171],[-171.77959622916714,-9.179741714878674],[-171.7795063976388,-9.179741714878674],[-171.7795063976388,-9.179919076898386],[-171.77941656611037,-9.179919076898386],[-171.77941656611037,-9.180185119761632],[-171.77932673458193,-9.180185119761632],[-171.77932673458193,-9.180451162425243],[-171.7792369030535,-9.180451162425243],[-171.7792369030535,-9.181071927864025],[-171.77914707152513,-9.181071927864025],[-171.77914707152513,-9.181781372748617],[-171.7790572399967,-9.181781372748617],[-171.7790572399967,-9.18204741421431],[-171.77896740846828,-9.18204741421431],[-171.77896740846828,-9.182224775080385],[-171.77887757693992,-9.182224775080385],[-171.77887757693992,-9.182668176857646],[-171.7787877454114,-9.182668176857646],[-171.7787877454114,-9.182934217657703],[-171.77869791388304,-9.182934217657703],[-171.77869791388304,-9.183111578080116],[-171.77860808235468,-9.183111578080116],[-171.77860808235468,-9.183200258258069],[-171.77851825082624,-9.183200258258069],[-171.77851825082624,-9.18346629865863],[-171.77842841929782,-9.18346629865863],[-171.77842841929782,-9.184441778419057],[-171.77833858776938,-9.184441778419057],[-171.77833858776938,-9.184530458264135],[-171.77824875624103,-9.184530458264135],[-171.77824875624103,-9.18470781788767],[-171.77815892471259,-9.18470781788767],[-171.77815892471259,-9.184796497666184],[-171.77806909318414,-9.184796497666184],[-171.77806909318414,-9.184885177422359],[-171.7779792616558,-9.184885177422359],[-171.7779792616558,-9.185151216558154],[-171.77788943012737,-9.185151216558154],[-171.77788943012737,-9.185328575870983],[-171.77779959859893,-9.185328575870983],[-171.77779959859893,-9.18559461467379],[-171.7777097670705,-9.18559461467379],[-171.7777097670705,-9.185949332766825],[-171.77761993554213,-9.185949332766825],[-171.77761993554213,-9.18630405050476],[-171.7775301040137,-9.18630405050476],[-171.7775301040137,-9.18648140924057],[-171.77744027248525,-9.18648140924057],[-171.77744027248525,-9.186658767887593],[-171.77735044095692,-9.186658767887593],[-171.77735044095692,-9.186836126445655],[-171.77726060942857,-9.186836126445655],[-171.77726060942857,-9.18692480569149],[-171.77717077790004,-9.18692480569149],[-171.77717077790004,-9.187102164116482],[-171.7770809463716,-9.187102164116482],[-171.7770809463716,-9.187190843295696],[-171.77699111484324,-9.187190843295696],[-171.77699111484324,-9.187279522452798],[-171.7769012833148,-9.187279522452798],[-171.7769012833148,-9.187368201587503],[-171.77681145178636,-9.187368201587503],[-171.77681145178636,-9.187545559790635],[-171.77672162025803,-9.187545559790635],[-171.77672162025803,-9.187811596928555],[-171.7766317887296,-9.187811596928555],[-171.7766317887296,-9.187988954909542],[-171.77654195720115,-9.187988954909542],[-171.77654195720115,-9.188166312801854],[-171.7764521256728,-9.188166312801854],[-171.7764521256728,-9.188521028319883],[-171.77636229414435,-9.188521028319883],[-171.77636229414435,-9.188609707143883],[-171.77636229414435,-9.1886983859456],[-171.77636229414435,-9.188787064725204],[-171.77636229414435,-9.188875743482697],[-171.7762724626159,-9.188875743482697],[-171.7762724626159,-9.18896442221785],[-171.7761826310875,-9.18896442221785],[-171.7761826310875,-9.189141779621707],[-171.77609279955914,-9.189141779621707],[-171.77609279955914,-9.189585172742397],[-171.7760029680307,-9.189585172742397],[-171.7760029680307,-9.189939886839511],[-171.77591313650225,-9.189939886839511],[-171.77591313650225,-9.190294600581353],[-171.7758233049739,-9.190294600581353],[-171.7758233049739,-9.190560635654435],[-171.77573347344546,-9.190560635654435],[-171.77573347344546,-9.19082667052777],[-171.77564364191704,-9.19082667052777],[-171.77564364191704,-9.190915348774467],[-171.77564364191704,-9.191004026998996],[-171.7755538103887,-9.191004026998996],[-171.7755538103887,-9.1910927052013],[-171.7755538103887,-9.191181383381263],[-171.77546397886024,-9.191181383381263],[-171.77546397886024,-9.191270061539171],[-171.77546397886024,-9.191624773948547],[-171.7753741473318,-9.191624773948547],[-171.7753741473318,-9.19206816396047],[-171.77528431580336,-9.19206816396047],[-171.77528431580336,-9.19224551980983],[-171.775194484275,-9.19224551980983],[-171.775194484275,-9.192600231241897],[-171.7751046527466,-9.192600231241897],[-171.7751046527466,-9.192866264582847],[-171.77501482121815,-9.192866264582847],[-171.77501482121815,-9.193043620032313],[-171.7749249896897,-9.193043620032313],[-171.7749249896897,-9.19322097539299],[-171.77483515816135,-9.19322097539299],[-171.77483515816135,-9.19330965303999],[-171.7747453266329,-9.19330965303999],[-171.7747453266329,-9.193487008267311],[-171.77465549510447,-9.193487008267311],[-171.77465549510447,-9.193664363405958],[-171.77456566357614,-9.193664363405958],[-171.77456566357614,-9.19393039594712],[-171.7744758320477,-9.19393039594712],[-171.7744758320477,-9.194196428288421],[-171.77438600051934,-9.194196428288421],[-171.77438600051934,-9.194373783071569],[-171.7742961689909,-9.194373783071569],[-171.7742961689909,-9.194551137765757],[-171.77420633746246,-9.194551137765757],[-171.77420633746246,-9.194728492371269],[-171.7741165059341,-9.194728492371269],[-171.7741165059341,-9.1948171696406],[-171.77402667440558,-9.1948171696406],[-171.77402667440558,-9.194994524112701],[-171.77393684287725,-9.194994524112701],[-171.77393684287725,-9.195083201315356],[-171.7738470113488,-9.195083201315356],[-171.7738470113488,-9.19534923279025],[-171.77375717982045,-9.19534923279025],[-171.77375717982045,-9.195526586995697],[-171.773667348292,-9.195526586995697],[-171.773667348292,-9.195703941112413],[-171.77357751676357,-9.195703941112413],[-171.77357751676357,-9.195881295140055],[-171.77348768523524,-9.195881295140055],[-171.77348768523524,-9.196058649078964],[-171.7733978537067,-9.196058649078964],[-171.7733978537067,-9.196324679820577],[-171.77330802217836,-9.196324679820577],[-171.77330802217836,-9.196856740703936],[-171.7732181906499,-9.196856740703936],[-171.7732181906499,-9.197034094153992],[-171.77312835912156,-9.197034094153992],[-171.77312835912156,-9.197211447515144],[-171.77303852759312,-9.197211447515144],[-171.77303852759312,-9.197388800787337],[-171.77294869606467,-9.197388800787337],[-171.77294869606467,-9.19747747739018],[-171.77285886453635,-9.19747747739018],[-171.77285886453635,-9.19756615397074],[-171.77276903300782,-9.19756615397074],[-171.77276903300782,-9.197743507065184],[-171.77267920147946,-9.197743507065184],[-171.77267920147946,-9.19792086007078],[-171.77258936995102,-9.19792086007078],[-171.77258936995102,-9.198186889412455],[-171.77249953842266,-9.198186889412455],[-171.77249953842266,-9.19836424219568],[-171.77240970689422,-9.19836424219568],[-171.77240970689422,-9.19854159489023],[-171.7723198753658,-9.19854159489023],[-171.7723198753658,-9.198718947495763],[-171.77223004383745,-9.198718947495763],[-171.77223004383745,-9.198896300012393],[-171.77214021230893,-9.198896300012393],[-171.77214021230893,-9.19916232862073],[-171.77205038078057,-9.19916232862073],[-171.77205038078057,-9.199339680914989],[-171.77196054925213,-9.199339680914989],[-171.77196054925213,-9.199517033120514],[-171.77187071772377,-9.199517033120514],[-171.77187071772377,-9.199783061261996],[-171.77178088619536,-9.199783061261996],[-171.77178088619536,-9.199960413245151],[-171.77160122313848,-9.199960413245151],[-171.77160122313848,-9.20022644105319],[-171.77151139161003,-9.20022644105319],[-171.77151139161003,-9.200315116944807],[-171.77151139161003,-9.2004037928142],[-171.77142156008168,-9.2004037928142],[-171.77142156008168,-9.200581144486137],[-171.77133172855324,-9.200581144486137],[-171.77133172855324,-9.200669820288738],[-171.7712418970249,-9.200669820288738],[-171.7712418970249,-9.200847171827377],[-171.77115206549647,-9.200847171827377],[-171.77115206549647,-9.200935847563358],[-171.77115206549647,-9.201024523277056],[-171.77106223396802,-9.201024523277056],[-171.77106223396802,-9.201201874637832],[-171.77097240243967,-9.201201874637832],[-171.77097240243967,-9.201290550284853],[-171.77097240243967,-9.201379225909648],[-171.77088257091114,-9.201379225909648],[-171.77088257091114,-9.20155657709256],[-171.77079273938278,-9.20155657709256],[-171.77079273938278,-9.201645252650735],[-171.77079273938278,-9.201733928186513],[-171.77070290785446,-9.201733928186513],[-171.77070290785446,-9.201822603700123],[-171.77070290785446,-9.20191127919162],[-171.77061307632601,-9.20191127919162],[-171.77061307632601,-9.20208863010771],[-171.77052324479757,-9.20208863010771],[-171.77052324479757,-9.202265980934953],[-171.77043341326913,-9.202265980934953],[-171.77043341326913,-9.202532007008926],[-171.7703435817407,-9.202532007008926],[-171.7703435817407,-9.202620682322504],[-171.7703435817407,-9.202709357613742],[-171.77025375021233,-9.202709357613742],[-171.77025375021233,-9.202975383354271],[-171.7701639186839,-9.202975383354271],[-171.7701639186839,-9.203241408894598],[-171.77007408715556,-9.203241408894598],[-171.77007408715556,-9.20350743423495],[-171.76998425562712,-9.20350743423495],[-171.76998425562712,-9.203773459374986],[-171.76989442409868,-9.203773459374986],[-171.76989442409868,-9.203950809357252],[-171.76980459257024,-9.203950809357252],[-171.76980459257024,-9.204216834163788],[-171.76971476104188,-9.204216834163788],[-171.76971476104188,-9.204482858770234],[-171.76962492951344,-9.204482858770234],[-171.76962492951344,-9.204748883176535],[-171.7695350979851,-9.204748883176535],[-171.7695350979851,-9.205014907382576],[-171.76944526645667,-9.205014907382576],[-171.76944526645667,-9.205369606012823],[-171.76935543492823,-9.205369606012823],[-171.76935543492823,-9.20563562975184],[-171.7692656033998,-9.20563562975184],[-171.7692656033998,-9.205901653290596],[-171.76917577187135,-9.205901653290596],[-171.76917577187135,-9.206167676629434],[-171.769085940343,-9.206167676629434],[-171.769085940343,-9.206345025410656],[-171.76899610881458,-9.206345025410656],[-171.76899610881458,-9.206611048415823],[-171.76890627728613,-9.206611048415823],[-171.76890627728613,-9.20696574544445],[-171.76890627728613,-9.207054419645942],[-171.76881644575778,-9.207054419645942],[-171.76881644575778,-9.20732044211718],[-171.76872661422934,-9.20732044211718],[-171.76872661422934,-9.207497790320076],[-171.7686367827009,-9.207497790320076],[-171.7686367827009,-9.207586464388157],[-171.7686367827009,-9.207675138433956],[-171.76854695117254,-9.207675138433956],[-171.76854695117254,-9.207763812457642],[-171.76854695117254,-9.20794116043794],[-171.76845711964413,-9.20794116043794],[-171.76845711964413,-9.208029834394893],[-171.76845711964413,-9.208207182241892],[-171.76836728811568,-9.208207182241892],[-171.76836728811568,-9.208739225248792],[-171.76827745658724,-9.208739225248792],[-171.76827745658724,-9.208827899005314],[-171.7681876250588,-9.208827899005314],[-171.7681876250588,-9.208916572739781],[-171.7681876250588,-9.209891982349234],[-171.76827745658724,-9.209891982349234],[-171.76827745658724,-9.21015800268475],[-171.76836728811568,-9.21015800268475],[-171.76836728811568,-9.210335349463662],[-171.76845711964413,-9.210335349463662],[-171.76845711964413,-9.211133408867454],[-171.76854695117254,-9.211133408867454],[-171.76854695117254,-9.211665447468533],[-171.7686367827009,-9.211665447468533],[-171.7686367827009,-9.211931466468684],[-171.76872661422934,-9.211931466468684],[-171.76872661422934,-9.212108812357485],[-171.76881644575778,-9.212108812357485],[-171.76881644575778,-9.21228615815727],[-171.76890627728613,-9.21228615815727],[-171.76890627728613,-9.21246350386798],[-171.76899610881458,-9.21246350386798],[-171.76899610881458,-9.21255217668994],[-171.769085940343,-9.21255217668994],[-171.769085940343,-9.212729522267182],[-171.76917577187135,-9.212729522267182],[-171.76917577187135,-9.212818195022294],[-171.7692656033998,-9.212818195022294],[-171.7692656033998,-9.212995540465954],[-171.76935543492823,-9.212995540465954],[-171.76935543492823,-9.213084213154445],[-171.76944526645667,-9.213084213154445],[-171.76944526645667,-9.213261558464524],[-171.76971476104188,-9.213261558464524],[-171.76971476104188,-9.213438903685585],[-171.76980459257024,-9.213438903685585],[-171.76980459257024,-9.21352757626272],[-171.76989442409868,-9.21352757626272],[-171.76989442409868,-9.213616248817516],[-171.76998425562712,-9.213616248817516],[-171.76998425562712,-9.2137049213502],[-171.77007408715556,-9.2137049213502],[-171.77007408715556,-9.2137935938606],[-171.7701639186839,-9.2137935938606],[-171.7701639186839,-9.214059611258051],[-171.76989442409868,-9.214059611258051],[-171.76989442409868,-9.214148283679378],[-171.7692656033998,-9.214148283679378],[-171.7692656033998,-9.21423695607831],[-171.76899610881458,-9.21423695607831],[-171.76899610881458,-9.214148283679378],[-171.7686367827009,-9.214148283679378],[-171.76854695117254,-9.214148283679378],[-171.76854695117254,-9.214059611258051],[-171.76845711964413,-9.214059611258051],[-171.76845711964413,-9.213970938814441],[-171.76845711964413,-9.2137935938606],[-171.76836728811568,-9.2137935938606],[-171.76836728811568,-9.2137049213502],[-171.76827745658724,-9.2137049213502],[-171.76827745658724,-9.213616248817516],[-171.7681876250588,-9.213616248817516],[-171.7681876250588,-9.21352757626272],[-171.76719947824634,-9.21352757626272],[-171.76701981518946,-9.21352757626272],[-171.76701981518946,-9.213438903685585],[-171.76684015213266,-9.213438903685585],[-171.76684015213266,-9.21335023108611],[-171.76675032060425,-9.21335023108611],[-171.76675032060425,-9.213261558464524],[-171.7666604890759,-9.213261558464524],[-171.7666604890759,-9.213172885820654],[-171.76657065754745,-9.213172885820654],[-171.76657065754745,-9.212995540465954],[-171.76657065754745,-9.21290686775535],[-171.7664808260191,-9.21290686775535],[-171.7664808260191,-9.212729522267182],[-171.76639099449065,-9.212729522267182],[-171.76639099449065,-9.21264084948973],[-171.76639099449065,-9.212197485268462],[-171.7663011629622,-9.212197485268462],[-171.7663011629622,-9.212108812357485],[-171.7663011629622,-9.211665447468533],[-171.76621133143388,-9.211665447468533],[-171.76621133143388,-9.211488101357247],[-171.76612149990535,-9.211488101357247],[-171.76612149990535,-9.211222082023198],[-171.7660316683769,-9.211222082023198],[-171.7660316683769,-9.21069004275455],[-171.76594183684855,-9.21069004275455],[-171.76594183684855,-9.20998065581665],[-171.7660316683769,-9.20998065581665],[-171.7660316683769,-9.209625961813686],[-171.76612149990535,-9.209625961813686],[-171.76612149990535,-9.20927126745471],[-171.76621133143388,-9.20927126745471],[-171.76621133143388,-9.208916572739781],[-171.7663011629622,-9.208916572739781],[-171.7663011629622,-9.208561877668785],[-171.76639099449065,-9.208561877668785],[-171.76639099449065,-9.208295856131883],[-171.7664808260191,-9.208295856131883],[-171.7664808260191,-9.208118508329505],[-171.76657065754745,-9.208118508329505],[-171.76657065754745,-9.20794116043794],[-171.7666604890759,-9.20794116043794],[-171.7666604890759,-9.207586464388157],[-171.76675032060425,-9.207586464388157],[-171.76675032060425,-9.207409116229769],[-171.76675032060425,-9.20732044211718],[-171.76684015213266,-9.20732044211718],[-171.76684015213266,-9.207054419645942],[-171.76684015213266,-9.20696574544445],[-171.7669299836611,-9.20696574544445],[-171.7669299836611,-9.206611048415823],[-171.76701981518946,-9.206611048415823],[-171.76701981518946,-9.206167676629434],[-171.76710964671798,-9.206167676629434],[-171.76710964671798,-9.205990327759253],[-171.76719947824634,-9.205990327759253],[-171.76719947824634,-9.205901653290596],[-171.76719947824634,-9.20563562975184],[-171.76728930977478,-9.20563562975184],[-171.76728930977478,-9.20554695519428],[-171.76728930977478,-9.205369606012823],[-171.7673791413031,-9.205369606012823],[-171.7673791413031,-9.205014907382576],[-171.76746897283155,-9.205014907382576],[-171.76746897283155,-9.20466020839666],[-171.76755880436,-9.20466020839666],[-171.76755880436,-9.204394183923682],[-171.76764863588835,-9.204394183923682],[-171.76764863588835,-9.204216834163788],[-171.7677384674168,-9.204216834163788],[-171.7677384674168,-9.204039484315047],[-171.76782829894523,-9.204039484315047],[-171.76782829894523,-9.203773459374986],[-171.76791813047367,-9.203773459374986],[-171.76791813047367,-9.20359610930376],[-171.768007962002,-9.20359610930376],[-171.768007962002,-9.203330084030199],[-171.76809779353044,-9.203330084030199],[-171.76809779353044,-9.203152733736715],[-171.7681876250588,-9.203152733736715],[-171.7681876250588,-9.202975383354271],[-171.76827745658724,-9.202975383354271],[-171.76827745658724,-9.20279803288281],[-171.76836728811568,-9.20279803288281],[-171.76836728811568,-9.202620682322504],[-171.76845711964413,-9.202620682322504],[-171.76845711964413,-9.202532007008926],[-171.76845711964413,-9.202443331673066],[-171.76854695117254,-9.202443331673066],[-171.76854695117254,-9.20208863010771],[-171.7686367827009,-9.20208863010771],[-171.7686367827009,-9.201822603700123],[-171.76872661422934,-9.201822603700123],[-171.76872661422934,-9.201645252650735],[-171.76881644575778,-9.201645252650735],[-171.76881644575778,-9.20155657709256],[-171.76881644575778,-9.201379225909648],[-171.76890627728613,-9.201379225909648],[-171.76890627728613,-9.201290550284853],[-171.76890627728613,-9.201113198968471],[-171.76899610881458,-9.201113198968471],[-171.76899610881458,-9.201024523277056],[-171.76899610881458,-9.200847171827377],[-171.769085940343,-9.200847171827377],[-171.769085940343,-9.200758496069227],[-171.769085940343,-9.200581144486137],[-171.76917577187135,-9.200581144486137],[-171.76917577187135,-9.200492468661139],[-171.76917577187135,-9.2004037928142],[-171.7692656033998,-9.2004037928142],[-171.7692656033998,-9.20022644105319],[-171.76935543492823,-9.20022644105319],[-171.76935543492823,-9.200049089203446],[-171.76944526645667,-9.200049089203446],[-171.76944526645667,-9.19987173726463],[-171.76944526645667,-9.19969438523708],[-171.7695350979851,-9.19969438523708],[-171.7695350979851,-9.199517033120514],[-171.76962492951344,-9.199517033120514],[-171.76962492951344,-9.199339680914989],[-171.76971476104188,-9.199339680914989],[-171.76971476104188,-9.199251004778944],[-171.76971476104188,-9.19916232862073],[-171.76980459257024,-9.19916232862073],[-171.76980459257024,-9.199073652440006],[-171.76989442409868,-9.199073652440006],[-171.76989442409868,-9.198896300012393],[-171.76998425562712,-9.198896300012393],[-171.76998425562712,-9.198630271204081],[-171.77007408715556,-9.198630271204081],[-171.77007408715556,-9.198452918554096],[-171.7701639186839,-9.198452918554096],[-171.7701639186839,-9.198275565815209],[-171.77025375021233,-9.198275565815209],[-171.77025375021233,-9.198098212987418],[-171.7703435817407,-9.198098212987418],[-171.7703435817407,-9.19792086007078],[-171.7703435817407,-9.197743507065184],[-171.77043341326913,-9.197743507065184],[-171.77043341326913,-9.197654830529132],[-171.77043341326913,-9.19747747739018],[-171.77052324479757,-9.19747747739018],[-171.77052324479757,-9.197388800787337],[-171.77061307632601,-9.197388800787337],[-171.77063182778025,-9.197141281236327],[-171.77072065045846,-9.197078432502622],[-171.77059533372181,-9.196989755799848],[-171.7706841564001,-9.196926907039256],[-171.7707216593087,-9.19678657435486],[-171.77077398792855,-9.19674955353554],[-171.77081149083713,-9.196697897578872],[-171.77086381945688,-9.196660876750343],[-171.7709013223655,-9.196609220780715],[-171.77095365098532,-9.196572199942864],[-171.77099115389393,-9.19643186711778],[-171.77104348251376,-9.196394846261342],[-171.77108098542237,-9.196254513366],[-171.77113331404212,-9.19621749249103],[-171.7711708169507,-9.196165836456714],[-171.7712418970249,-9.19614732601508],[-171.7712418970249,-9.196058649078964],[-171.77133172855324,-9.196058649078964],[-171.77133172855324,-9.195881295140055],[-171.77142156008168,-9.195881295140055],[-171.77142156008168,-9.195703941112413],[-171.77151139161003,-9.195703941112413],[-171.77151139161003,-9.195615264065111],[-171.77160122313848,-9.195615264065111],[-171.77160122313848,-9.195437909904058],[-171.77160122313848,-9.19534923279025],[-171.77169105466692,-9.19534923279025],[-171.77169105466692,-9.195260555654215],[-171.77169105466692,-9.195171878495955],[-171.77178088619536,-9.195171878495955],[-171.77178088619536,-9.195083201315356],[-171.77178088619536,-9.194994524112701],[-171.77187071772377,-9.194994524112701],[-171.77187071772377,-9.1948171696406],[-171.77196054925213,-9.1948171696406],[-171.77196054925213,-9.194639815079654],[-171.77205038078057,-9.194639815079654],[-171.77205038078057,-9.194551137765757],[-171.77214021230893,-9.194551137765757],[-171.77214021230893,-9.194285105691108],[-171.77223004383745,-9.194285105691108],[-171.77223004383745,-9.194107750863566],[-171.77223004383745,-9.194019073416484],[-171.7723198753658,-9.194019073416484],[-171.7723198753658,-9.193841718455644],[-171.77240970689422,-9.193841718455644],[-171.77240970689422,-9.193664363405958],[-171.77249953842266,-9.193664363405958],[-171.77249953842266,-9.193575685847804],[-171.77249953842266,-9.19339833066482],[-171.77258936995102,-9.19339833066482],[-171.77258936995102,-9.19330965303999],[-171.77258936995102,-9.19322097539299],[-171.77267920147946,-9.19322097539299],[-171.77267920147946,-9.193132297723707],[-171.77276903300782,-9.193132297723707],[-171.77276903300782,-9.192954942318693],[-171.77294869606467,-9.192954942318693],[-171.77294869606467,-9.192777586824718],[-171.77294869606467,-9.19268890904442],[-171.77303852759312,-9.19268890904442],[-171.77303852759312,-9.192600231241897],[-171.77303852759312,-9.19242287557023],[-171.77312835912156,-9.19242287557023],[-171.77312835912156,-9.19224551980983],[-171.7732181906499,-9.19224551980983],[-171.7732181906499,-9.192156841896235],[-171.77330802217836,-9.192156841896235],[-171.77330802217836,-9.191979486002424],[-171.7733978537067,-9.191979486002424],[-171.7733978537067,-9.19180213001988],[-171.77348768523524,-9.19180213001988],[-171.77348768523524,-9.191713451995327],[-171.77357751676357,-9.191713451995327],[-171.77357751676357,-9.191536095879485],[-171.773667348292,-9.191536095879485],[-171.773667348292,-9.191358739674854],[-171.77375717982045,-9.191358739674854],[-171.77375717982045,-9.191181383381263],[-171.7738470113488,-9.191181383381263],[-171.7738470113488,-9.191004026998996],[-171.77393684287725,-9.191004026998996],[-171.77393684287725,-9.19082667052777],[-171.77402667440558,-9.19082667052777],[-171.77402667440558,-9.190649313967754],[-171.7741165059341,-9.190649313967754],[-171.7741165059341,-9.190471957319005],[-171.77420633746246,-9.190471957319005],[-171.77420633746246,-9.190205922179132],[-171.7742961689909,-9.190205922179132],[-171.7742961689909,-9.190028565308353],[-171.77438600051934,-9.190028565308353],[-171.77438600051934,-9.18985120834867],[-171.7744758320477,-9.18985120834867],[-171.7744758320477,-9.189762529835491],[-171.7744758320477,-9.189585172742397],[-171.77456566357614,-9.189585172742397],[-171.77456566357614,-9.189407815560742],[-171.77465549510447,-9.189407815560742],[-171.77465549510447,-9.189319136936604],[-171.77465549510447,-9.189141779621707],[-171.7747453266329,-9.189141779621707],[-171.7747453266329,-9.188875743482697],[-171.77483515816135,-9.188875743482697],[-171.77483515816135,-9.188787064725204],[-171.7749249896897,-9.188787064725204],[-171.7749249896897,-9.1886983859456],[-171.7749249896897,-9.188609707143883],[-171.77501482121815,-9.188609707143883],[-171.77501482121815,-9.188432349473658],[-171.7751046527466,-9.188432349473658],[-171.7751046527466,-9.188343670605207],[-171.7751046527466,-9.1882549917147],[-171.775194484275,-9.1882549917147],[-171.775194484275,-9.188166312801854],[-171.775194484275,-9.187988954909542],[-171.77528431580336,-9.187988954909542],[-171.77528431580336,-9.187811596928555],[-171.7753741473318,-9.187811596928555],[-171.7753741473318,-9.187634238858834],[-171.77546397886024,-9.187634238858834],[-171.77546397886024,-9.187456880700154],[-171.7755538103887,-9.187456880700154],[-171.7755538103887,-9.187279522452798],[-171.77564364191704,-9.187279522452798],[-171.77564364191704,-9.187102164116482],[-171.77564364191704,-9.187013484915099],[-171.77573347344546,-9.187013484915099],[-171.77573347344546,-9.18692480569149],[-171.77573347344546,-9.186747447177652],[-171.7758233049739,-9.186747447177652],[-171.7758233049739,-9.186658767887593],[-171.7758233049739,-9.186570088575081],[-171.77591313650225,-9.186570088575081],[-171.77591313650225,-9.18648140924057],[-171.77591313650225,-9.186392729883721],[-171.7760029680307,-9.186392729883721],[-171.7760029680307,-9.18630405050476],[-171.7760029680307,-9.186126691680158],[-171.77609279955914,-9.186126691680158],[-171.77609279955914,-9.18603801223469],[-171.77609279955914,-9.185949332766825],[-171.7761826310875,-9.185949332766825],[-171.7761826310875,-9.185860653276848],[-171.7761826310875,-9.185683294230387],[-171.7762724626159,-9.185683294230387],[-171.7762724626159,-9.18550593509508],[-171.77636229414435,-9.18550593509508],[-171.77636229414435,-9.185417255494201],[-171.77636229414435,-9.185328575870983],[-171.77636229414435,-9.185151216558154],[-171.7764521256728,-9.185151216558154],[-171.7764521256728,-9.184796497666184],[-171.77654195720115,-9.184796497666184],[-171.77654195720115,-9.184619138086987],[-171.7766317887296,-9.184619138086987],[-171.7766317887296,-9.18435309855181],[-171.77672162025803,-9.18435309855181],[-171.77672162025803,-9.184087058816829],[-171.77681145178636,-9.184087058816829],[-171.77681145178636,-9.183821018882213],[-171.7769012833148,-9.183821018882213],[-171.7769012833148,-9.18346629865863],[-171.77699111484324,-9.18346629865863],[-171.77699111484324,-9.183288938413739],[-171.7770809463716,-9.183288938413739],[-171.7770809463716,-9.18302289787988],[-171.77717077790004,-9.18302289787988],[-171.77717077790004,-9.182845537413186],[-171.77726060942857,-9.182845537413186],[-171.77726060942857,-9.182579496546623],[-171.77735044095692,-9.182579496546623],[-171.77735044095692,-9.182490816213317],[-171.77735044095692,-9.182402135857899],[-171.77735044095692,-9.182224775080385],[-171.77744027248525,-9.182224775080385],[-171.77744027248525,-9.181958733747933],[-171.7775301040137,-9.181958733747933],[-171.7775301040137,-9.181515331083233],[-171.77761993554213,-9.181515331083233],[-171.77761993554213,-9.181071927864025],[-171.7777097670705,-9.181071927864025],[-171.7777097670705,-9.180185119761632],[-171.77779959859893,-9.180185119761632],[-171.77779959859893,-9.179919076898386],[-171.77788943012737,-9.179919076898386],[-171.77788943012737,-9.179653033835507],[-171.7779792616558,-9.179653033835507],[-171.7779792616558,-9.179564352770171],[-171.7779792616558,-9.179475671682667],[-171.77806909318414,-9.179475671682667],[-171.77806909318414,-9.179298309441037],[-171.77806909318414,-9.179209628287083],[-171.77815892471259,-9.179209628287083],[-171.77815892471259,-9.178943584691808],[-171.77824875624103,-9.178943584691808],[-171.77824875624103,-9.178766222184038],[-171.77824875624103,-9.178588859587705],[-171.77833858776938,-9.178588859587705],[-171.77833858776938,-9.178411496902527],[-171.77833858776938,-9.178322815526599],[-171.77842841929782,-9.178322815526599],[-171.77842841929782,-9.178145452708463],[-171.77851825082624,-9.178145452708463],[-171.77851825082624,-9.17787940831488],[-171.77860808235468,-9.17787940831488],[-171.77860808235468,-9.17770204527477],[-171.77869791388304,-9.17770204527477],[-171.77869791388304,-9.17743600054854],[-171.7787877454114,-9.17743600054854],[-171.7787877454114,-9.177169955622617],[-171.7787877454114,-9.177081273936267],[-171.77887757693992,-9.177081273936267],[-171.77887757693992,-9.17681522874426],[-171.77896740846828,-9.17681522874426],[-171.77896740846828,-9.176637865172154],[-171.7790572399967,-9.176637865172154],[-171.7790572399967,-9.176371819647557],[-171.7790572399967,-9.17628313776163],[-171.77914707152513,-9.17628313776163],[-171.77914707152513,-9.175928409996402],[-171.7792369030535,-9.175928409996402],[-171.7792369030535,-9.175751045980746],[-171.77932673458193,-9.175751045980746],[-171.77932673458193,-9.175662363939637],[-171.77941656611037,-9.175662363939637],[-171.77941656611037,-9.175573681876358],[-171.77941656611037,-9.175484999791024],[-171.7795063976388,-9.175484999791024],[-171.7795063976388,-9.17539631768335],[-171.7795063976388,-9.175307635553622],[-171.77959622916714,-9.175307635553622],[-171.77959622916714,-9.175130271227545],[-171.77968606069558,-9.175130271227545],[-171.77968606069558,-9.175041589031196],[-171.77977589222402,-9.175041589031196],[-171.77977589222402,-9.174864224572161],[-171.77986572375238,-9.174864224572161],[-171.77986572375238,-9.174686860024394],[-171.77995555528082,-9.174686860024394],[-171.77995555528082,-9.174509495388008],[-171.78004538680918,-9.174509495388008],[-171.78004538680918,-9.174332130662776],[-171.7801352183377,-9.174332130662776],[-171.7801352183377,-9.174154765849096],[-171.7801352183377,-9.174066083408945],[-171.78022504986603,-9.174066083408945],[-171.78022504986603,-9.173977400946626],[-171.78022504986603,-9.173888718462138],[-171.78031488139447,-9.173888718462138],[-171.78031488139447,-9.17380003595548],[-171.78031488139447,-9.173711353426597],[-171.78040471292292,-9.173711353426597],[-171.78040471292292,-9.173622670875602],[-171.78049454445127,-9.173622670875602],[-171.78049454445127,-9.173445305707219],[-171.7805843759797,-9.173445305707219],[-171.7805843759797,-9.173267940450046],[-171.78067420750804,-9.173267940450046],[-171.78067420750804,-9.173179257788206],[-171.78076403903657,-9.173179257788206],[-171.78076403903657,-9.173001892398077],[-171.78085387056493,-9.173001892398077],[-171.78085387056493,-9.172913209669844],[-171.78085387056493,-9.172824526919328],[-171.78094370209337,-9.172824526919328],[-171.78094370209337,-9.172735844146587],[-171.7810335336218,-9.172735844146587],[-171.7810335336218,-9.172558478534938],[-171.78112336515017,-9.172558478534938],[-171.78112336515017,-9.172292429950915],[-171.7812131966786,-9.172292429950915],[-171.7812131966786,-9.172115064117577],[-171.78130302820693,-9.172115064117577],[-171.78130302820693,-9.17193769819545],[-171.78139285973546,-9.17193769819545],[-171.78139285973546,-9.171671649146106],[-171.78148269126382,-9.171671649146106],[-171.78148269126382,-9.171405599897355],[-171.78157252279226,-9.171405599897355],[-171.78157252279226,-9.171316916770081],[-171.78157252279226,-9.171139550449084],[-171.7816623543207,-9.171139550449084],[-171.7816623543207,-9.171050867255303],[-171.7816623543207,-9.170962184039468],[-171.78175218584906,-9.170962184039468],[-171.78175218584906,-9.170873500801349],[-171.78175218584906,-9.170696134258833],[-171.78184201737747,-9.170696134258833],[-171.78184201737747,-9.170430084278678],[-171.78193184890583,-9.170430084278678],[-171.78193184890583,-9.170075350661591],[-171.78202168043435,-9.170075350661591],[-171.78202168043435,-9.169720616689972],[-171.7821115119627,-9.169720616689972],[-171.7821115119627,-9.169277198727002],[-171.78220134349115,-9.169277198727002],[-171.78220134349115,-9.169188515067901],[-171.7822911750195,-9.169188515067901],[-171.7822911750195,-9.169011147683307],[-171.78238100654792,-9.169011147683307],[-171.78238100654792,-9.168745096440148],[-171.78247083807636,-9.168745096440148],[-171.78247083807636,-9.168479044997696],[-171.78256066960472,-9.168479044997696],[-171.78256066960472,-9.168301677258626],[-171.78256066960472,-9.16821299335578],[-171.78265050113316,-9.16821299335578],[-171.78265050113316,-9.168124309430823],[-171.7827403326616,-9.168124309430823],[-171.7827403326616,-9.167858257523108],[-171.78283016419005,-9.167858257523108],[-171.78283016419005,-9.167592205415986],[-171.78291999571837,-9.167592205415986],[-171.78291999571837,-9.167414837233707],[-171.78291999571837,-9.16723746896298],[-171.78300982724681,-9.16723746896298],[-171.78300982724681,-9.167148784794335],[-171.78300982724681,-9.167060100603521],[-171.78309965877526,-9.167060100603521],[-171.78309965877526,-9.166794047898293],[-171.7831894903036,-9.166794047898293],[-171.7831894903036,-9.16635062627995],[-171.78327932183205,-9.16635062627995],[-171.78327932183205,-9.166084573043122],[-171.7833691533605,-9.166084573043122],[-171.7833691533605,-9.16564115053859],[-171.78345898488894,-9.16564115053859],[-171.78345898488894,-9.165286412136481],[-171.78354881641727,-9.165286412136481],[-171.78354881641727,-9.165020358102197],[-171.78354881641727,-9.164931673379897],[-171.7836386479457,-9.164931673379897],[-171.7836386479457,-9.16466561907987],[-171.78372847947415,-9.16466561907987],[-171.78372847947415,-9.164399564580663],[-171.7838183110025,-9.164399564580663],[-171.7838183110025,-9.164133509882106],[-171.7838183110025,-9.164044824938287],[-171.7838183110025,-9.163956139972242],[-171.78390814253103,-9.163956139972242],[-171.78390814253103,-9.1638674549842],[-171.78390814253103,-9.16377876997393],[-171.78390814253103,-9.163690084941436],[-171.7839979740594,-9.163690084941436],[-171.7839979740594,-9.163512714810395],[-171.7839979740594,-9.16333534459045],[-171.78408780558772,-9.16333534459045],[-171.78408780558772,-9.163246659447395],[-171.78408780558772,-9.162980603885217],[-171.78417763711616,-9.162980603885217],[-171.78417763711616,-9.1628032333997],[-171.78417763711616,-9.16244849216298],[-171.7842674686446,-9.16244849216298],[-171.7842674686446,-9.16200506511899],[-171.78435730017304,-9.16200506511899],[-171.78435730017304,-9.161739008626853],[-171.78435730017304,-9.161561637521345],[-171.7844471317014,-9.161561637521345],[-171.7844471317014,-9.161295580697299],[-171.78453696322993,-9.161295580697299],[-171.78453696322993,-9.161029523673847],[-171.78453696322993,-9.160852152214147],[-171.78462679475825,-9.160852152214147],[-171.78462679475825,-9.160763466451101],[-171.78462679475825,-9.160586094858672],[-171.7847166262867,-9.160586094858672],[-171.7847166262867,-9.160408723177682],[-171.7847166262867,-9.160320037303961],[-171.78480645781505,-9.160320037303961],[-171.78480645781505,-9.160142665490184],[-171.78480645781505,-9.159876607603337],[-171.7848962893435,-9.159876607603337],[-171.7848962893435,-9.159344491232218],[-171.78498612087193,-9.159344491232218],[-171.78498612087193,-9.158546315181525],[-171.7850759524003,-9.158546315181525],[-171.7850759524003,-9.158102883267475],[-171.78516578392882,-9.158102883267475],[-171.78516578392882,-9.157659450800395],[-171.78525561545715,-9.157659450800395],[-171.78525561545715,-9.157482077658528],[-171.7853454469855,-9.157482077658528],[-171.7853454469855,-9.15730470442827],[-171.78543527851394,-9.15730470442827],[-171.78543527851394,-9.157127331109393],[-171.78543527851394,-9.156417836949117],[-171.78552511004239,-9.156417836949117],[-171.78552511004239,-9.156240463187714]]],[[[-171.78651325685485,-9.150653144409489],[-171.78687258296858,-9.150653144409489],[-171.78687258296858,-9.150741832694678],[-171.78714207755374,-9.150741832694678],[-171.78714207755374,-9.150830520957811],[-171.78723190908218,-9.150830520957811],[-171.78723190908218,-9.151185273789565],[-171.78714207755374,-9.151185273789565],[-171.78714207755374,-9.151362650072713],[-171.78723190908218,-9.151362650072713],[-171.78723190908218,-9.151451338181062],[-171.78723190908218,-9.151628714331594],[-171.78723190908218,-9.151806090393507],[-171.78732174061062,-9.151806090393507],[-171.78732174061062,-9.152249530161441],[-171.78741157213904,-9.152249530161441],[-171.78741157213904,-9.152426905913671],[-171.7875014036674,-9.152426905913671],[-171.7875014036674,-9.15287034490757],[-171.78759123519583,-9.15287034490757],[-171.78759123519583,-9.1532250957045],[-171.78768106672428,-9.1532250957045],[-171.78768106672428,-9.15349115856992],[-171.78777089825272,-9.15349115856992],[-171.78777089825272,-9.153668533702898],[-171.78768106672428,-9.153668533702898],[-171.78768106672428,-9.15491015715645],[-171.78759123519583,-9.15491015715645],[-171.78759123519583,-9.155087531581614],[-171.7875014036674,-9.155087531581614],[-171.7875014036674,-9.155619654325903],[-171.78741157213904,-9.155619654325903],[-171.78741157213904,-9.155797028397046],[-171.78678275144017,-9.155797028397046],[-171.78678275144017,-9.155708341372588],[-171.7864234253265,-9.155708341372588],[-171.7864234253265,-9.155619654325903],[-171.7862437622696,-9.155619654325903],[-171.78615393074128,-9.155619654325903],[-171.78615393074128,-9.155530967257107],[-171.78588443615604,-9.155530967257107],[-171.78588443615604,-9.155442280166369],[-171.7857946046276,-9.155442280166369],[-171.7857946046276,-9.155353593053235],[-171.78570477309916,-9.155353593053235],[-171.78570477309916,-9.1548214699107],[-171.7857946046276,-9.1548214699107],[-171.7857946046276,-9.154555408040778],[-171.78588443615604,-9.154555408040778],[-171.78588443615604,-9.154378033350099],[-171.7859742676844,-9.154378033350099],[-171.7859742676844,-9.1532250957045],[-171.78606409921284,-9.1532250957045],[-171.78606409921284,-9.152160842251988],[-171.78615393074128,-9.152160842251988],[-171.78615393074128,-9.151894778391295],[-171.7862437622696,-9.151894778391295],[-171.7862437622696,-9.151628714331594],[-171.78633359379805,-9.151628714331594],[-171.78633359379805,-9.151185273789565],[-171.7862437622696,-9.151185273789565],[-171.7862437622696,-9.150830520957811],[-171.78633359379805,-9.150830520957811],[-171.78633359379805,-9.150741832694678],[-171.78651325685485,-9.150741832694678],[-171.78651325685485,-9.150653144409489]]],[[[-171.78680354252626,-9.143182725305564],[-171.78676196035389,-9.143046393392524],[-171.7867137109979,-9.143005344944868],[-171.78667212882553,-9.142815684599043],[-171.78676196035389,-9.142739274238068],[-171.78680354252626,-9.142691632446827],[-171.78732174061062,-9.142671108203103],[-171.7879505613094,-9.142671108203103],[-171.7879505613094,-9.142759798477812],[-171.78839971895152,-9.142759798477812],[-171.78839971895152,-9.142848488730351],[-171.7885793820083,-9.142848488730351],[-171.7885793820083,-9.142937178960892],[-171.78866921353682,-9.142937178960892],[-171.78866921353682,-9.143203249519729],[-171.7885793820083,-9.143203249519729],[-171.7885793820083,-9.143291939661879],[-171.78848955047994,-9.143291939661879],[-171.78848955047994,-9.143469319879785],[-171.78839971895152,-9.143469319879785],[-171.78839971895152,-9.143558009955598],[-171.78822005589473,-9.143558009955598],[-171.78822005589473,-9.1439127700379],[-171.78830988742317,-9.1439127700379],[-171.78830988742317,-9.144178839867607],[-171.78822005589473,-9.144178839867607],[-171.78822005589473,-9.144444909498361],[-171.78813022436628,-9.144444909498361],[-171.78813022436628,-9.144799668696749],[-171.78804039283793,-9.144799668696749],[-171.78804039283793,-9.14533180683128],[-171.7879505613094,-9.14533180683128],[-171.7879505613094,-9.146130012541164],[-171.78786072978107,-9.146130012541164],[-171.78786072978107,-9.147194284036175],[-171.78777089825272,-9.147194284036175],[-171.78777089825272,-9.147549040493914],[-171.78768106672428,-9.147549040493914],[-171.78768106672428,-9.147726418590025],[-171.78759123519583,-9.147726418590025],[-171.78759123519583,-9.147815107605027],[-171.78761202628192,-9.147971964337046],[-171.78770185781045,-9.148048370868139],[-171.78766027563807,-9.148326720019384],[-171.78761202628192,-9.14836776244016],[-171.78757044410966,-9.148415408884716],[-171.78748068934158,-9.148491755775922],[-171.78759123519583,-9.148524618928661],[-171.78777089825272,-9.148524618928661],[-171.78777089825272,-9.14870199653842],[-171.78768106672428,-9.14870199653842],[-171.78759123519583,-9.14870199653842],[-171.78759123519583,-9.1495001946883],[-171.7875014036674,-9.1495001946883],[-171.7875014036674,-9.14985494884661],[-171.78741157213904,-9.14985494884661],[-171.78741157213904,-9.149943637330978],[-171.78723190908218,-9.149943637330978],[-171.78723190908218,-9.150032325793177],[-171.78723190908218,-9.15012101423332],[-171.78696241449694,-9.15012101423332],[-171.78644217678075,-9.150102501389256],[-171.78640467387223,-9.150050838640766],[-171.7863523452524,-9.150013812944565],[-171.7863148423438,-9.149696084677771],[-171.78626251372387,-9.149659058944621],[-171.78622501081537,-9.149279182278974],[-171.7863148423438,-9.149215615947185],[-171.7863523452524,-9.148569672460155],[-171.78626251372387,-9.148506106001548],[-171.78622501081537,-9.147948850207968],[-171.78635134736797,-9.147859452104115],[-171.78626251372387,-9.147796594641136],[-171.7862437622696,-9.145509186032598],[-171.7862437622696,-9.145420496443023],[-171.78633359379805,-9.145420496443023],[-171.78633359379805,-9.145154427541456],[-171.78633359379805,-9.1439127700379],[-171.7864234253265,-9.1439127700379],[-171.7864234253265,-9.143646700009185],[-171.78651325685485,-9.143646700009185],[-171.78651325685485,-9.143558009955598],[-171.7866030883833,-9.143558009955598],[-171.7866030883833,-9.143469319879785],[-171.78669291991173,-9.143469319879785],[-171.78669291991173,-9.14338062978186],[-171.78687258296858,-9.14338062978186],[-171.7868933740547,-9.143312463869734],[-171.78698312882275,-9.143236110454211],[-171.78680354252626,-9.143182725305564]]],[[[-171.78822005589473,-9.134866277532296],[-171.78839971895152,-9.134866277532296],[-171.78839971895152,-9.134954969750595],[-171.7885793820083,-9.134954969750595],[-171.7885793820083,-9.135043661946725],[-171.78866921353682,-9.135043661946725],[-171.78866921353682,-9.135132354120856],[-171.78893870812198,-9.135132354120856],[-171.78893870812198,-9.135221046272704],[-171.7895487773666,-9.135239559890636],[-171.7895862802752,-9.135291224788602],[-171.7896751139192,-9.135354084459323],[-171.7895862802752,-9.135416944119129],[-171.7895487773666,-9.135645993105811],[-171.78949644874686,-9.135683020296199],[-171.78945894583825,-9.135734685129933],[-171.7892980342357,-9.135753198721034],[-171.7892980342357,-9.135930582693902],[-171.78936911430972,-9.135949096274771],[-171.78940661721833,-9.136089453005638],[-171.78945894583825,-9.136126480150097],[-171.78949644874686,-9.136266836811046],[-171.78958528239076,-9.136329696309758],[-171.78949644874686,-9.136392555797386],[-171.78945894583825,-9.136621604156858],[-171.78940661721833,-9.136658631245894],[-171.78936911430972,-9.136887679434324],[-171.78931678568998,-9.136924706495734],[-171.78927928278137,-9.137153754513179],[-171.78922695416153,-9.137190781546963],[-171.78918945125292,-9.137242446161963],[-171.78911837117883,-9.137260959674734],[-171.78911837117883,-9.137527034474601],[-171.7890285396505,-9.137527034474601],[-171.7890285396505,-9.137615726030504],[-171.78911837117883,-9.137615726030504],[-171.78911837117883,-9.137793109075915],[-171.7892082027072,-9.137793109075915],[-171.7892082027072,-9.137970492032935],[-171.7892980342357,-9.137970492032935],[-171.7892980342357,-9.13823656630285],[-171.7892082027072,-9.13823656630285],[-171.7892082027072,-9.138413949039148],[-171.78911837117883,-9.138413949039148],[-171.78911837117883,-9.13859133168711],[-171.7890285396505,-9.13859133168711],[-171.7890285396505,-9.138946096717802],[-171.78893870812198,-9.138946096717802],[-171.78893870812198,-9.13956693467128],[-171.78884887659362,-9.13956693467128],[-171.78884887659362,-9.140010389689792],[-171.78875904506518,-9.140010389689792],[-171.78875904506518,-9.141872894736764],[-171.78866921353682,-9.141872894736764],[-171.78866921353682,-9.14196158521031],[-171.7885793820083,-9.14196158521031],[-171.7885793820083,-9.142050275661802],[-171.78813022436628,-9.142050275661802],[-171.78813022436628,-9.14196158521031],[-171.78777089825272,-9.14196158521031],[-171.78777089825272,-9.141872894736764],[-171.7875014036674,-9.141872894736764],[-171.7875014036674,-9.141784204241105],[-171.78732174061062,-9.141784204241105],[-171.78732174061062,-9.141695513723505],[-171.78723190908218,-9.141695513723505],[-171.78714207755374,-9.141695513723505],[-171.78714207755374,-9.141606823183622],[-171.78705224602538,-9.141606823183622],[-171.78705224602538,-9.141074679480994],[-171.78714207755374,-9.141074679480994],[-171.78714207755374,-9.14080860733145],[-171.78723190908218,-9.14080860733145],[-171.78723190908218,-9.140542534983013],[-171.78723190908218,-9.13983300774862],[-171.78732174061062,-9.13983300774862],[-171.78732174061062,-9.13974431674501],[-171.78723190908218,-9.13974431674501],[-171.78723190908218,-9.139655625719115],[-171.78732174061062,-9.139655625719115],[-171.78732174061062,-9.139212170259043],[-171.78732174061062,-9.138946096717802],[-171.78723190908218,-9.138946096717802],[-171.78723190908218,-9.138147874901676],[-171.78732174061062,-9.138147874901676],[-171.78732174061062,-9.137970492032935],[-171.78741157213904,-9.137970492032935],[-171.78741157213904,-9.137881800565424],[-171.7875014036674,-9.137881800565424],[-171.7875014036674,-9.13770441756418],[-171.78759123519583,-9.13770441756418],[-171.78759123519583,-9.1374383428967],[-171.78768106672428,-9.1374383428967],[-171.78768106672428,-9.137260959674734],[-171.78777089825272,-9.137260959674734],[-171.78777089825272,-9.137083576364205],[-171.78786072978107,-9.137083576364205],[-171.78786072978107,-9.136994884675971],[-171.7879505613094,-9.136994884675971],[-171.7879505613094,-9.136285350374465],[-171.78786072978107,-9.136285350374465],[-171.78786072978107,-9.135309738402611],[-171.7879505613094,-9.135309738402611],[-171.7879505613094,-9.135132354120856],[-171.78804039283793,-9.135132354120856],[-171.78804039283793,-9.135043661946725],[-171.78813022436628,-9.135043661946725],[-171.78813022436628,-9.134954969750595],[-171.78822005589473,-9.134954969750595],[-171.78822005589473,-9.134866277532296]]],[[[-171.78866921353682,-9.133269813829656],[-171.7890285396505,-9.133269813829656],[-171.7890285396505,-9.133358506445177],[-171.7892082027072,-9.133358506445177],[-171.7892082027072,-9.133447199038642],[-171.78938786576407,-9.133447199038642],[-171.78981827195182,-9.13346571274866],[-171.78985577486043,-9.133845606286116],[-171.78976594333207,-9.133909175361907],[-171.78972844042346,-9.133960840452744],[-171.78904729110465,-9.13399786781838],[-171.78900978819615,-9.13413822531777],[-171.7889574595763,-9.134175252664988],[-171.7889199566677,-9.134226917717228],[-171.78877779651953,-9.134263945055238],[-171.78874029361083,-9.134315610094689],[-171.78844534749032,-9.134352637423433],[-171.78838096749726,-9.134263945055238],[-171.78829213385325,-9.134201085192046],[-171.78838096749726,-9.13413822531777],[-171.78839971895152,-9.133979354136045],[-171.78830988742317,-9.133979354136045],[-171.78830988742317,-9.133890661675025],[-171.78830988742317,-9.133801969191893],[-171.78839971895152,-9.133801969191893],[-171.78839971895152,-9.133535891610052],[-171.78848955047994,-9.133535891610052],[-171.78848955047994,-9.133358506445177],[-171.78866921353682,-9.133358506445177],[-171.78866921353682,-9.133269813829656]]],[[[-171.78967611180363,-9.13240140022532],[-171.78988122639578,-9.132364372693814],[-171.78994560638887,-9.132453065534662],[-171.79003444003277,-9.13251592570623],[-171.78994560638887,-9.132578785866542],[-171.78990810348026,-9.132630451150192],[-171.78985577486043,-9.132667478654128],[-171.78981827195182,-9.13271914392493],[-171.78965736034928,-9.132737657672692],[-171.78967611180363,-9.13240140022532]]],[[[-171.7890285396505,-9.132294193601751],[-171.7892082027072,-9.132294193601751],[-171.7892082027072,-9.132382886459936],[-171.7892980342357,-9.132382886459936],[-171.7892980342357,-9.132471579296293],[-171.7892980342357,-9.132648964902614],[-171.7890285396505,-9.132648964902614],[-171.78900653136463,-9.132715928379127],[-171.7889607164079,-9.132759386964949],[-171.78887669673367,-9.132845727596191],[-171.78884887659362,-9.132648964902614],[-171.78884887659362,-9.132471579296293],[-171.78884887659362,-9.132382886459936],[-171.7890285396505,-9.132382886459936],[-171.7890285396505,-9.132294193601751]]],[[[-171.7890077485643,-9.130588500160115],[-171.78907345541458,-9.130513205045645],[-171.78913916226503,-9.130588500160115],[-171.7891874116211,-9.130629550038464],[-171.78922899379347,-9.130677193442807],[-171.78958831990712,-9.13072361341085],[-171.78953386392928,-9.130895131756688],[-171.7894569062063,-9.130806936561555],[-171.7892082027072,-9.130786411633153],[-171.7892082027072,-9.130875104866675],[-171.7892980342357,-9.130875104866675],[-171.78938786576407,-9.130875104866675],[-171.78938786576407,-9.130963798078028],[-171.7894776972925,-9.130963798078028],[-171.78965736034928,-9.130963798078028],[-171.78965736034928,-9.131052491267553],[-171.7894776972925,-9.131052491267553],[-171.7894776972925,-9.131141184434739],[-171.78956752882084,-9.131141184434739],[-171.78956752882084,-9.131407263804306],[-171.7894776972925,-9.131407263804306],[-171.7894776972925,-9.131584649940294],[-171.78938786576407,-9.131584649940294],[-171.78938786576407,-9.131673342975262],[-171.7892082027072,-9.131673342975262],[-171.7892082027072,-9.131762035988118],[-171.78911837117883,-9.131762035988118],[-171.7890967686262,-9.13182940022216],[-171.7890084174758,-9.131910227541994],[-171.7893181564103,-9.131968616350719],[-171.78922980525982,-9.132049443639062],[-171.78918660015464,-9.132095479077861],[-171.78913997373147,-9.132138136558353],[-171.7890967686262,-9.132184171985728],[-171.78861465886715,-9.132226829455476],[-171.7885793820083,-9.132116807818704],[-171.7885793820083,-9.13193942194755],[-171.78884887659362,-9.13193942194755],[-171.78884887659362,-9.131850728978861],[-171.78866921353682,-9.131850728978861],[-171.78866921353682,-9.131762035988118],[-171.7885793820083,-9.131762035988118],[-171.7885793820083,-9.131584649940294],[-171.78848955047994,-9.131584649940294],[-171.78848955047994,-9.130875104866675],[-171.7885793820083,-9.130875104866675],[-171.7885793820083,-9.13060902509983],[-171.78884887659362,-9.13060902509983],[-171.7890077485643,-9.130588500160115]]],[[[-171.78848955047994,-9.128923848632041],[-171.78884887659362,-9.128923848632041],[-171.78884887659362,-9.129012542328951],[-171.78893870812198,-9.129012542328951],[-171.78893870812198,-9.129101236003692],[-171.78911837117883,-9.129101236003692],[-171.7892082027072,-9.129101236003692],[-171.7892082027072,-9.129012542328951],[-171.78974719187772,-9.129012542328951],[-171.78974719187772,-9.129101236003692],[-171.78983702340608,-9.129101236003692],[-171.78983702340608,-9.12927862328712],[-171.78974719187772,-9.12927862328712],[-171.78974719187772,-9.12972209110967],[-171.78965736034928,-9.12972209110967],[-171.78965736034928,-9.130165558380668],[-171.7894776972925,-9.130165558380668],[-171.7894776972925,-9.130254251768577],[-171.7892082027072,-9.130254251768577],[-171.7892082027072,-9.130165558380668],[-171.78911837117883,-9.130165558380668],[-171.78911837117883,-9.130254251768577],[-171.7890285396505,-9.130254251768577],[-171.7890285396505,-9.130342945134487],[-171.7890285396505,-9.130431638478342],[-171.78884887659362,-9.130431638478342],[-171.78884887659362,-9.130520331800142],[-171.78875904506518,-9.130520331800142],[-171.7885793820083,-9.130520331800142],[-171.7885793820083,-9.130431638478342],[-171.78848955047994,-9.130431638478342],[-171.78848955047994,-9.129456010482443],[-171.78839971895152,-9.129456010482443],[-171.78839971895152,-9.129012542328951],[-171.78848955047994,-9.129012542328951],[-171.78848955047994,-9.128923848632041]]],[[[-171.86053443626636,-9.128923848632041],[-171.86053443626636,-9.128746461172113],[-171.8606242677948,-9.128746461172113],[-171.8606242677948,-9.128923848632041],[-171.86053443626636,-9.128923848632041]]],[[[-171.86071409932313,-9.128302992136128],[-171.86089376238002,-9.128302992136128],[-171.86089376238002,-9.128480379816608],[-171.8606242677948,-9.128480379816608],[-171.8606242677948,-9.128391685987424],[-171.86071409932313,-9.128391685987424],[-171.86071409932313,-9.128302992136128]]],[[[-171.78974719187772,-9.127948216510276],[-171.78983702340608,-9.127948216510276],[-171.78983702340608,-9.128125604367312],[-171.78974719187772,-9.128125604367312],[-171.78974719187772,-9.127948216510276]]],[[[-171.7885793820083,-9.12785952254859],[-171.78884887659362,-9.12785952254859],[-171.78884887659362,-9.127948216510276],[-171.78938786576407,-9.127948216510276],[-171.78956752882084,-9.127948216510276],[-171.78956752882084,-9.12803691044985],[-171.78956752882084,-9.128302992136128],[-171.7894776972925,-9.128302992136128],[-171.7894776972925,-9.128391685987424],[-171.78911837117883,-9.128391685987424],[-171.78884887659362,-9.128391685987424],[-171.78884887659362,-9.128480379816608],[-171.7885793820083,-9.128480379816608],[-171.7885793820083,-9.128391685987424],[-171.78848955047994,-9.128391685987424],[-171.78848955047994,-9.128302992136128],[-171.78839971895152,-9.128302992136128],[-171.78839971895152,-9.12803691044985],[-171.78848955047994,-9.12803691044985],[-171.78848955047994,-9.127948216510276],[-171.7885793820083,-9.127948216510276],[-171.7885793820083,-9.12785952254859]]],[[[-171.78974719187772,-9.127948216510276],[-171.78963967257405,-9.127917863299672],[-171.78971579689903,-9.127839801348046],[-171.78974719187772,-9.127948216510276]]],[[[-171.7894094683167,-9.126816522346473],[-171.78945609473988,-9.126773864229278],[-171.7895377896723,-9.126686815669984],[-171.7895891313736,-9.126945425076315],[-171.78938786576407,-9.126972581719201],[-171.7894094683167,-9.126816522346473]]],[[[-171.78813022436628,-9.126529110477236],[-171.78830988742317,-9.126529110477236],[-171.78830988742317,-9.126617804769808],[-171.78848955047994,-9.126617804769808],[-171.78848955047994,-9.12670649904021],[-171.78866921353682,-9.12670649904021],[-171.78893870812198,-9.12670649904021],[-171.78893870812198,-9.12688388751485],[-171.78911837117883,-9.12688388751485],[-171.78911837117883,-9.12706127590144],[-171.78866921353682,-9.12706127590144],[-171.78866921353682,-9.12714997006151],[-171.78848955047994,-9.12714997006151],[-171.78848955047994,-9.127238664199695],[-171.78839971895152,-9.127238664199695],[-171.78839971895152,-9.127327358315654],[-171.78804039283793,-9.127327358315654],[-171.78804039283793,-9.127238664199695],[-171.78804039283793,-9.12714997006151],[-171.7879505613094,-9.12714997006151],[-171.7879505613094,-9.12706127590144],[-171.78786072978107,-9.12706127590144],[-171.78786072978107,-9.12688388751485],[-171.7879505613094,-9.12688388751485],[-171.7879505613094,-9.126617804769808],[-171.78813022436628,-9.126617804769808],[-171.78813022436628,-9.126529110477236]]],[[[-171.78822005589473,-9.124134356242848],[-171.78866921353682,-9.124134356242848],[-171.78866921353682,-9.124223051130855],[-171.78884887659362,-9.124223051130855],[-171.78884887659362,-9.12448913566243],[-171.78893870812198,-9.12448913566243],[-171.78893870812198,-9.1250213041302],[-171.78893870812198,-9.125109998797598],[-171.78884887659362,-9.125109998797598],[-171.78875904506518,-9.125109998797598],[-171.78875904506518,-9.12519869344294],[-171.7885793820083,-9.12519869344294],[-171.7885793820083,-9.12528738806634],[-171.7879505613094,-9.12528738806634],[-171.7879505613094,-9.12519869344294],[-171.78786072978107,-9.12519869344294],[-171.78786072978107,-9.125376082667685],[-171.78777089825272,-9.125376082667685],[-171.78777089825272,-9.125642166339105],[-171.7875014036674,-9.125642166339105],[-171.7875014036674,-9.12555347180404],[-171.78741157213904,-9.12555347180404],[-171.78741157213904,-9.125464777246918],[-171.78732174061062,-9.125464777246918],[-171.78732174061062,-9.125109998797598],[-171.78723190908218,-9.125109998797598],[-171.78723190908218,-9.124932609440634],[-171.78723190908218,-9.124577830462158],[-171.78732174061062,-9.124577830462158],[-171.78732174061062,-9.12448913566243],[-171.78741157213904,-9.12448913566243],[-171.78741157213904,-9.124400440840589],[-171.78786072978107,-9.124400440840589],[-171.78786072978107,-9.124311745996692],[-171.7879505613094,-9.124311745996692],[-171.7879505613094,-9.124223051130855],[-171.78822005589473,-9.124223051130855],[-171.78822005589473,-9.124134356242848]]],[[[-171.7875221947536,-9.12300184607028],[-171.78766027563807,-9.12296079531393],[-171.78773737591598,-9.122872441164304],[-171.7877916893388,-9.123046061026514],[-171.7875014036674,-9.123070015867313],[-171.7875221947536,-9.12300184607028]]],[[[-171.78669291991173,-9.121562194900264],[-171.78678275144017,-9.121562194900264],[-171.78687258296858,-9.121562194900264],[-171.78687258296858,-9.121650890427645],[-171.78698312882275,-9.12168375334926],[-171.7868933740547,-9.12176011138206],[-171.7868517918824,-9.121807755971133],[-171.7867137109979,-9.121848806860214],[-171.78667212882553,-9.121896451437408],[-171.78662387946946,-9.121937502316257],[-171.7865822972971,-9.122073842304019],[-171.78636689681946,-9.122114893162461],[-171.78633359379805,-9.122005672316675],[-171.78633359379805,-9.121828281416299],[-171.7864234253265,-9.121828281416299],[-171.7864234253265,-9.121739585932971],[-171.78651325685485,-9.121739585932971],[-171.7866030883833,-9.121739585932971],[-171.7866030883833,-9.121650890427645],[-171.78669291991173,-9.121650890427645],[-171.78669291991173,-9.121562194900264]]],[[[-171.78761905533588,-9.121188034762497],[-171.78770307501014,-9.121274378195153],[-171.787790526968,-9.121357335432037],[-171.78759123519583,-9.12138480377945],[-171.78761905533588,-9.121188034762497]]],[[[-171.7864441396523,-9.118868455651125],[-171.78635438488425,-9.118792098353026],[-171.78631280271188,-9.118490721071566],[-171.78649246576876,-9.118437313269567],[-171.78653404794113,-9.118389665523637],[-171.78674944841876,-9.118348616943479],[-171.78680354252626,-9.118526009573316],[-171.7868517918824,-9.118567058133067],[-171.7868933740547,-9.118668035133851],[-171.78680354252626,-9.11874445065456],[-171.78676196035389,-9.119111516146518],[-171.7868517918824,-9.119187931572128],[-171.7868933740547,-9.119235579211534],[-171.78694162341085,-9.119276627689601],[-171.78698320558314,-9.119679059519058],[-171.7870314549392,-9.119720107946193],[-171.78707303711158,-9.119945147439182],[-171.78712128646762,-9.11998619583568],[-171.7871628686399,-9.120122539275599],[-171.78721111799598,-9.120163587651689],[-171.78725270016835,-9.120376267698589],[-171.78707303711158,-9.120429675210517],[-171.7870314549392,-9.120477322684053],[-171.78698320558314,-9.120518371019273],[-171.78694162341085,-9.120566018481043],[-171.7868933740547,-9.120607066806144],[-171.7868517918824,-9.120654714256034],[-171.78680354252626,-9.12069576257096],[-171.78676196035389,-9.120743410008913],[-171.7867137109979,-9.120784458313665],[-171.78667212882553,-9.12083210573985],[-171.78662387946946,-9.120873154034314],[-171.7865822972971,-9.120920801448676],[-171.7864442164127,-9.120961849732907],[-171.78640263424032,-9.12100949713539],[-171.78635438488425,-9.121050546762945],[-171.78631280271188,-9.121098191446833],[-171.78617472182736,-9.121139242417485],[-171.78613313965508,-9.121186887089493],[-171.786084890299,-9.121227938050026],[-171.78604330812664,-9.121275582710155],[-171.78590522724224,-9.121316633660399],[-171.78582788571748,-9.121405261579525],[-171.78577381354143,-9.121227938050026],[-171.78572556418536,-9.121186887089493],[-171.78570477309916,-9.121030021273157],[-171.78570477309916,-9.120763934161971],[-171.78561494157083,-9.120763934161971],[-171.78561494157083,-9.120143063464297],[-171.78561494157083,-9.119965671637999],[-171.78552511004239,-9.119965671637999],[-171.78552511004239,-9.119788279723593],[-171.78543527851394,-9.119788279723593],[-171.78543527851394,-9.119344799551698],[-171.7853454469855,-9.119344799551698],[-171.7853454469855,-9.119078711184102],[-171.78525561545715,-9.119078711184102],[-171.78525561545715,-9.118901318828875],[-171.78525561545715,-9.118635230130621],[-171.78525561545715,-9.118546533853873],[-171.7853454469855,-9.118546533853873],[-171.78543527851394,-9.118546533853873],[-171.7854540299683,-9.118476353396545],[-171.78568602164492,-9.118439321712515],[-171.78574968886343,-9.118351614721576],[-171.78581335608186,-9.118439321712515],[-171.78595551623013,-9.118476353396545],[-171.7859742676844,-9.118546533853873],[-171.7859742676844,-9.118635230130621],[-171.78615393074128,-9.118635230130621],[-171.78615393074128,-9.118901318828875],[-171.78633359379805,-9.118901318828875],[-171.7864441396523,-9.118868455651125]]],[[[-171.7851066894333,-9.118085586516713],[-171.78518575258263,-9.118160750267577],[-171.7850759524003,-9.118191748526272],[-171.7851066894333,-9.118085586516713]]],[[[-171.7853662380717,-9.118123576444077],[-171.78541448742774,-9.118082527833337],[-171.7854685596039,-9.117905202653105],[-171.78554590112856,-9.117993831419142],[-171.78572548742497,-9.118047218986646],[-171.78560772609887,-9.118147400335488],[-171.78568398201298,-9.118212272825986],[-171.78572556418536,-9.118257399213064],[-171.7853454469855,-9.118280444891298],[-171.7853662380717,-9.118123576444077]]],[[[-171.78487753788914,-9.117766782249078],[-171.78478870424524,-9.11770391812513],[-171.78487753788914,-9.117641053989985],[-171.78491504079784,-9.117500692705391],[-171.7849673694176,-9.11746366092035],[-171.78500487232628,-9.117411996146643],[-171.78505720094603,-9.117374964352393],[-171.7850947038546,-9.117323299565896],[-171.78520998691835,-9.117286267762495],[-171.7852743669114,-9.117374964352393],[-171.78541652705968,-9.117411996146643],[-171.7854540299683,-9.117725435849195],[-171.7850947038546,-9.117766782249078],[-171.78505720094603,-9.117818446971455],[-171.7848962893435,-9.11783696284607],[-171.78487753788914,-9.117766782249078]]],[[[-171.78462679475825,-9.116417816599608],[-171.7848962893435,-9.116417816599608],[-171.7848962893435,-9.116683906950527],[-171.78480645781505,-9.116683906950527],[-171.78480645781505,-9.11677260368998],[-171.78462679475825,-9.11677260368998],[-171.78462679475825,-9.116417816599608]]],[[[-171.8615225830789,-9.11783696284607],[-171.86161241460735,-9.11783696284607],[-171.86161241460735,-9.11801435573011],[-171.8617022461357,-9.11801435573011],[-171.8617022461357,-9.118103052139247],[-171.86179207766412,-9.118103052139247],[-171.86179207766412,-9.11845783755507],[-171.86188190919256,-9.11845783755507],[-171.86188190919256,-9.118723926385485],[-171.86190270027868,-9.118969490762595],[-171.86204078116316,-9.1190105392713],[-171.86208236333553,-9.119146883083943],[-171.8621306126916,-9.119187931572128],[-171.8621721948639,-9.119324275317126],[-171.86222044421996,-9.119365323785132],[-171.86226202639233,-9.119501667462202],[-171.8623102757484,-9.119542715909745],[-171.86235185792077,-9.119679059519058],[-171.86240010727684,-9.119720107946193],[-171.8624416894492,-9.120264564200795],[-171.86235185792077,-9.120340979379591],[-171.8623102757484,-9.120477322684053],[-171.8621721948639,-9.120518371019273],[-171.8621306126916,-9.120566018481043],[-171.86202834598825,-9.120607066806144],[-171.86195094963483,-9.120518371019273],[-171.86190270027868,-9.120477322684053],[-171.8618611181064,-9.120429675210517],[-171.86181286875023,-9.120388626865008],[-171.86177128657786,-9.120340979379591],[-171.86159170028154,-9.12028759215525],[-171.8616814550495,-9.12021123516081],[-171.86172303722188,-9.120074891754655],[-171.8618611181064,-9.120033843368446],[-171.86190270027868,-9.119995080857223],[-171.86166901987457,-9.119945147439182],[-171.86159162352115,-9.120033843368446],[-171.86154337416508,-9.120074891754655],[-171.8615017919927,-9.120122539275599],[-171.86128639151508,-9.120163587651689],[-171.86125308849358,-9.120054367562204],[-171.86116325696526,-9.120054367562204],[-171.86116325696526,-9.119965671637999],[-171.8610734254368,-9.119965671637999],[-171.8610734254368,-9.119876975691739],[-171.86098359390837,-9.119876975691739],[-171.86098359390837,-9.119788279723593],[-171.86071409932313,-9.119788279723593],[-171.86071409932313,-9.119876975691739],[-171.86035477320956,-9.119876975691739],[-171.86035477320956,-9.119788279723593],[-171.86026494168112,-9.119788279723593],[-171.86026494168112,-9.11961088772091],[-171.86017511015277,-9.11961088772091],[-171.86017511015277,-9.119344799551698],[-171.86008527862424,-9.119344799551698],[-171.86008527862424,-9.119167407328746],[-171.8599954470959,-9.119167407328746],[-171.8599954470959,-9.118901318828875],[-171.85990561556747,-9.118901318828875],[-171.85990561556747,-9.118635230130621],[-171.85981578403903,-9.118635230130621],[-171.85981578403903,-9.11845783755507],[-171.85972595251067,-9.11845783755507],[-171.85972595251067,-9.118280444891298],[-171.85963612098223,-9.118280444891298],[-171.85963612098223,-9.118103052139247],[-171.8595462894539,-9.118103052139247],[-171.8595462894539,-9.11801435573011],[-171.85945645792538,-9.11801435573011],[-171.85945645792538,-9.11783696284607],[-171.85936662639702,-9.11783696284607],[-171.85936662639702,-9.117748266370938],[-171.85927679486858,-9.117748266370938],[-171.85927679486858,-9.117659569873751],[-171.85918696334014,-9.117659569873751],[-171.85918696334014,-9.117570873354566],[-171.85900730028334,-9.117570873354566],[-171.85900730028334,-9.117482176813326],[-171.858917468755,-9.117482176813326],[-171.858917468755,-9.11739348025003],[-171.85873780569813,-9.11739348025003],[-171.85873780569813,-9.117304783664736],[-171.85837847958447,-9.117304783664736],[-171.85837847958447,-9.11721608705733],[-171.85774965888558,-9.11721608705733],[-171.85774965888558,-9.117038693776578],[-171.85783949041402,-9.117038693776578],[-171.85783949041402,-9.116861300407606],[-171.85792932194235,-9.116861300407606],[-171.85792932194235,-9.116595210188848],[-171.8580191534708,-9.116595210188848],[-171.8580191534708,-9.116506513405227],[-171.85792932194235,-9.116506513405227],[-171.85792932194235,-9.116240422922147],[-171.85810898499923,-9.116240422922147],[-171.85810898499923,-9.116151726050362],[-171.8581988165276,-9.116151726050362],[-171.8581988165276,-9.116063029156635],[-171.85828864805612,-9.116063029156635],[-171.85828864805612,-9.115974332240796],[-171.8584683111129,-9.115974332240796],[-171.8584683111129,-9.115885635302902],[-171.858917468755,-9.115885635302902],[-171.858917468755,-9.115974332240796],[-171.8595462894539,-9.115974332240796],[-171.8595462894539,-9.115885635302902],[-171.85981578403903,-9.115885635302902],[-171.85981578403903,-9.115974332240796],[-171.8599954470959,-9.115974332240796],[-171.8599954470959,-9.116063029156635],[-171.85972595251067,-9.116063029156635],[-171.85972595251067,-9.116151726050362],[-171.85990561556747,-9.116151726050362],[-171.85990561556747,-9.116240422922147],[-171.86008527862424,-9.116240422922147],[-171.86008527862424,-9.116329119771933],[-171.86017511015277,-9.116329119771933],[-171.86017511015277,-9.116417816599608],[-171.86026494168112,-9.116417816599608],[-171.86026494168112,-9.116506513405227],[-171.86035477320956,-9.116506513405227],[-171.86035477320956,-9.116595210188848],[-171.86053443626636,-9.116595210188848],[-171.86053443626636,-9.11677260368998],[-171.8606242677948,-9.11677260368998],[-171.8606242677948,-9.116861300407606],[-171.86071409932313,-9.116861300407606],[-171.86071409932313,-9.11694999710312],[-171.86080393085157,-9.11694999710312],[-171.86080393085157,-9.117038693776578],[-171.86089376238002,-9.117038693776578],[-171.86089376238002,-9.117127390427925],[-171.86098359390837,-9.117127390427925],[-171.86098359390837,-9.11721608705733],[-171.8610734254368,-9.11721608705733],[-171.8610734254368,-9.117304783664736],[-171.86116325696526,-9.117304783664736],[-171.86116325696526,-9.11739348025003],[-171.86125308849358,-9.11739348025003],[-171.86125308849358,-9.117570873354566],[-171.86134292002203,-9.117570873354566],[-171.86134292002203,-9.117748266370938],[-171.86143275155047,-9.117748266370938],[-171.8615225830789,-9.117748266370938],[-171.8615225830789,-9.11783696284607]]],[[[-171.85939736342993,-9.115779472607528],[-171.8594764265794,-9.115854636843892],[-171.85936662639702,-9.115885635302902],[-171.85939736342993,-9.115779472607528]]],[[[-171.7835795534503,-9.11498119893804],[-171.78365861659964,-9.115056363342433],[-171.78354881641727,-9.115087361870735],[-171.7835795534503,-9.11498119893804]]],[[[-171.82253569974813,-9.113934297096137],[-171.82264321905183,-9.113964651496019],[-171.82256709472685,-9.114042716482743],[-171.82253569974813,-9.113934297096137]]],[[[-171.82118822682193,-9.113934297096137],[-171.82118822682193,-9.11384559965154],[-171.82145772140714,-9.11384559965154],[-171.82145772140714,-9.113934297096137],[-171.82118822682193,-9.113934297096137]]],[[[-171.82253569974813,-9.113934297096137],[-171.82242818044446,-9.113903942693582],[-171.82250430476935,-9.113825877676447],[-171.82253569974813,-9.113934297096137]]],[[[-171.82558997171407,-9.11384559965154],[-171.82558997171407,-9.113756902185003],[-171.82576963477092,-9.113756902185003],[-171.82576963477092,-9.11384559965154],[-171.82558997171407,-9.11384559965154]]],[[[-171.82585946629936,-9.113579507185705],[-171.82582872926636,-9.11368567053512],[-171.825749666117,-9.113610505842132],[-171.82585946629936,-9.113579507185705]]],[[[-171.82585946629936,-9.113579507185705],[-171.82585946629936,-9.113490809653115],[-171.82594929782772,-9.113490809653115],[-171.82594929782772,-9.113579507185705],[-171.82585946629936,-9.113579507185705]]],[[[-171.78408780558772,-9.113224716922957],[-171.78462679475825,-9.113224716922957],[-171.78462679475825,-9.113313414521713],[-171.7848962893435,-9.113313414521713],[-171.7848962893435,-9.113402112098356],[-171.78498612087193,-9.113402112098356],[-171.7850759524003,-9.113402112098356],[-171.7850759524003,-9.113579507185705],[-171.7848962893435,-9.113579507185705],[-171.7847166262867,-9.113579507185705],[-171.7847166262867,-9.113668204696353],[-171.7842674686446,-9.113668204696353],[-171.7842674686446,-9.11384559965154],[-171.78417763711616,-9.11384559965154],[-171.78417763711616,-9.113934297096137],[-171.7839979740594,-9.113934297096137],[-171.7839979740594,-9.11402299451862],[-171.78390814253103,-9.11402299451862],[-171.78390814253103,-9.114111691919163],[-171.7838183110025,-9.114111691919163],[-171.7838183110025,-9.114289086654026],[-171.7833691533605,-9.114289086654026],[-171.7833691533605,-9.11420038929765],[-171.78327932183205,-9.11420038929765],[-171.78327932183205,-9.11402299451862],[-171.7833691533605,-9.11402299451862],[-171.7833691533605,-9.113934297096137],[-171.7832102813899,-9.113913772550518],[-171.78316869921753,-9.113866124201081],[-171.78312044986146,-9.113825075100863],[-171.78307886768908,-9.113688729256012],[-171.782989112921,-9.113612370850376],[-171.78309965877526,-9.113579507185705],[-171.78309965877526,-9.113490809653115],[-171.78327932183205,-9.113490809653115],[-171.78327932183205,-9.113402112098356],[-171.78345898488894,-9.113402112098356],[-171.78345898488894,-9.113313414521713],[-171.78408780558772,-9.113313414521713],[-171.78408780558772,-9.113224716922957]]],[[[-171.78294078680466,-9.112713055483766],[-171.78298903616073,-9.112672006251046],[-171.783054743011,-9.112596706002762],[-171.78312044986146,-9.112672006251046],[-171.7832102046295,-9.112748364857794],[-171.78303061833302,-9.112801753209567],[-171.78298903616073,-9.112849401700998],[-171.78291999571837,-9.112869926307724],[-171.78294078680466,-9.112713055483766]]],[[[-171.81283389467967,-9.112426437543093],[-171.81283389467967,-9.112515135340118],[-171.8126542316227,-9.112515135340118],[-171.8126542316227,-9.112603833115088],[-171.81256440009435,-9.112603833115088],[-171.81256440009435,-9.11269253086789],[-171.81229490550913,-9.11269253086789],[-171.81229490550913,-9.112603833115088],[-171.81211524245234,-9.112603833115088],[-171.81211524245234,-9.112426437543093],[-171.81283389467967,-9.112426437543093]]],[[[-171.82280519433337,-9.112426437543093],[-171.8226976750296,-9.11239608301247],[-171.82277379935456,-9.112318017665757],[-171.82280519433337,-9.112426437543093]]],[[[-171.80915080201467,-9.1111846660732],[-171.8089000588838,-9.111166149853773],[-171.8088625559752,-9.11111448416898],[-171.80881022735537,-9.111077451721826],[-171.80877272444675,-9.111025786024243],[-171.80868389080277,-9.110962920713689],[-171.80877272444675,-9.110900055391937],[-171.80883639166527,-9.110812346549324],[-171.8089000588838,-9.110900055391937],[-171.8093117136172,-9.110937087857565],[-171.80934921652582,-9.110988753567824],[-171.8094913766741,-9.111025786024243],[-171.80952887958267,-9.111077451721826],[-171.80967103973097,-9.11111448416898],[-171.80970854263947,-9.111166149853773],[-171.81003036584454,-9.111203182291717],[-171.81006786875312,-9.111254847963437],[-171.81029986042975,-9.111291880392457],[-171.81033736333836,-9.111343546051444],[-171.810569355015,-9.111380578471028],[-171.81060685792357,-9.111432244117282],[-171.8109018040442,-9.111469276527657],[-171.81099234834716,-9.111344535405351],[-171.8110560155657,-9.111432244117282],[-171.81164733335598,-9.111469276527657],[-171.8116848362646,-9.111520942161121],[-171.81173716488433,-9.111557974562345],[-171.81177466779292,-9.111609640182849],[-171.8119168279412,-9.11164667257492],[-171.8119543308498,-9.111698338182634],[-171.81218632252643,-9.111735370565498],[-171.81222382543504,-9.111787036160479],[-171.81274406315123,-9.111805552347732],[-171.81272327206494,-9.11173737904636],[-171.81258519118055,-9.111696329701601],[-171.81254360900817,-9.111661040524893],[-171.81272327206494,-9.111607631701304],[-171.81276485423732,-9.111559983044174],[-171.81304678399758,-9.111518933679065],[-171.813124180351,-9.111607631701304],[-171.81317242970704,-9.111648681056238],[-171.8132140118794,-9.111696329701601],[-171.81326226123548,-9.11173737904636],[-171.81330384340785,-9.111873725636087],[-171.8137114188776,-9.111914774960383],[-171.81375300104986,-9.111962423570276],[-171.81407074499117,-9.11200347288451],[-171.81411232716354,-9.112043632995324],[-171.81384283257822,-9.112092170786525],[-171.81380125040593,-9.112137297947015],[-171.81451990263326,-9.112180868666485],[-171.81456148480564,-9.112228517240794],[-171.8149207012616,-9.112269566524333],[-171.81501064244765,-9.112193228116553],[-171.81483097939076,-9.112139819372658],[-171.8147893972185,-9.112092170786525],[-171.81456148480564,-9.112051121482466],[-171.81451990263326,-9.11201583234083],[-171.81469956569006,-9.111962423570276],[-171.81474114786243,-9.111826077014427],[-171.81487922874683,-9.111785027679844],[-171.81494493559728,-9.111709727244602],[-171.81501064244765,-9.111785027679844],[-171.81538240373635,-9.111826077014427],[-171.81548392476773,-9.111709727244602],[-171.8155496316181,-9.111785027679844],[-171.8156877125026,-9.111826077014427],[-171.8157292946749,-9.111873725636087],[-171.8158673755594,-9.111914774960383],[-171.81590895773178,-9.111962423570276],[-171.8163165332015,-9.11200347288451],[-171.8163581153738,-9.112139819372658],[-171.81640636472994,-9.112180868666485],[-171.81644794690231,-9.112228517240794],[-171.8174718311356,-9.112269566524333],[-171.81752592524322,-9.112092170786525],[-171.81798751806025,-9.112051121482466],[-171.81806491441375,-9.112139819372658],[-171.81820299529815,-9.112180868666485],[-171.81824457747052,-9.112228517240794],[-171.81838265835495,-9.112269566524333],[-171.81842424052732,-9.112317215086875],[-171.81879600181583,-9.112358264360239],[-171.81887339816933,-9.112269566524333],[-171.8189216475254,-9.112228517240794],[-171.81896322969777,-9.112180868666485],[-171.81901147905384,-9.112139819372658],[-171.8190530612262,-9.112092170786525],[-171.81924515945792,-9.112051121482466],[-171.81932255581142,-9.112139819372658],[-171.8195504682243,-9.112180868666485],[-171.81959205039666,-9.112228517240794],[-171.81964029975273,-9.112269566524333],[-171.8196818819251,-9.112317215086875],[-171.81973013128118,-9.112358264360239],[-171.81977171345355,-9.112405912910958],[-171.81981996280962,-9.112446962174147],[-171.81986154498188,-9.112494610713043],[-171.8199996258664,-9.112535659966],[-171.82004120803867,-9.112583308493015],[-171.82008945739483,-9.112624357735854],[-171.82013103956712,-9.112672006251046],[-171.82026912045163,-9.112713055483766],[-171.820334827302,-9.112788355707494],[-171.82040053415233,-9.112713055483766],[-171.8204487835084,-9.112672006251046],[-171.82049036568077,-9.112624357735854],[-171.8206284465652,-9.112583308493015],[-171.82067002873757,-9.112446962174147],[-171.82071827809372,-9.112405912910958],[-171.82079264789667,-9.112320690673414],[-171.82084969179436,-9.112459243116746],[-171.82073185370794,-9.11255948423019],[-171.82080810962216,-9.112624357735854],[-171.82084969179436,-9.112672006251046],[-171.8212572672641,-9.112713055483766],[-171.82131133944023,-9.112890383242359],[-171.82142444031717,-9.112760771657975],[-171.8214910024971,-9.112979080923935],[-171.82156834402167,-9.112890450913312],[-171.82170642490618,-9.112849401700998],[-171.82174800707847,-9.112801753209567],[-171.82206575101984,-9.112760703987021],[-171.82210733319212,-9.112713055483766],[-171.82251490866196,-9.112672006251046],[-171.82255649083424,-9.112624357735854],[-171.8226047401903,-9.112583308493015],[-171.82264632236266,-9.112535659966],[-171.82278440324708,-9.112494610713043],[-171.82280519433337,-9.112426437543093],[-171.8229632548375,-9.112405108978749],[-171.82304648497674,-9.112316411154495],[-171.8230729672938,-9.112487591872252],[-171.82287342330918,-9.112549969683073],[-171.82291662841433,-9.11258250456126],[-171.8231429178944,-9.112625161667609],[-171.82322614803363,-9.11271385941518],[-171.82350224400804,-9.112671202319461],[-171.82354544911323,-9.112625161667609],[-171.82386157012164,-9.11258250456126],[-171.8239047752269,-9.112536463897982],[-171.82395140165008,-9.112493806781004],[-171.8240028530089,-9.112227713308073],[-171.8241679644986,-9.112282648698624],[-171.8240412331784,-9.11239859360893],[-171.82408443828376,-9.112493806781004],[-171.8244005592921,-9.112536463897982],[-171.82448378943138,-9.112625161667609],[-171.8246700538773,-9.11258250456126],[-171.82475328401662,-9.112493806781004],[-171.82484971693418,-9.112536463897982],[-171.82492767254158,-9.11261953820582],[-171.82499642787403,-9.112405108978749],[-171.82538870610472,-9.1124477661063],[-171.82544558551604,-9.112625161667609],[-171.82556836916152,-9.11258250456126],[-171.8256463247688,-9.112499430244668],[-171.82570140579512,-9.112671202319461],[-171.82601752680353,-9.11271385941518],[-171.8260607319088,-9.112759900055607],[-171.82610735833197,-9.112802557140697],[-171.82619058847118,-9.112891254844442],[-171.82628702138874,-9.112848597769698],[-171.826330226494,-9.112802557140697],[-171.82646668444562,-9.112759900055607],[-171.82652356385694,-9.11258250456126],[-171.82682601055927,-9.112625161667609],[-171.82688288997068,-9.112802557140697],[-171.8270955051445,-9.112759900055607],[-171.82717873528372,-9.112671202319461],[-171.8272182997557,-9.112926989174525],[-171.82704887872126,-9.112979952525905],[-171.82700567361607,-9.113025993132112],[-171.82686921566446,-9.113068650185426],[-171.82680269734766,-9.113139535483356],[-171.8266961539968,-9.113025993132112],[-171.82659972107925,-9.113068650185426],[-171.82655651597398,-9.11311469078015],[-171.82615056343724,-9.113157347822948],[-171.82610735833197,-9.113203388406191],[-171.8260607319088,-9.113246045438416],[-171.82601752680353,-9.113292086010233],[-171.82597090038036,-9.113334743031885],[-171.82592769527508,-9.11338078359222],[-171.8258810688519,-9.113423440603299],[-171.82585946629936,-9.113490809653115],[-171.82570140579512,-9.113512138152714],[-171.8256445263837,-9.11368953318538],[-171.82552174273835,-9.113646876206133],[-171.82546666171203,-9.113475104600468],[-171.8253653928931,-9.11358302336248],[-171.8252988745762,-9.113512138152714],[-171.82507258509625,-9.113469481152094],[-171.82502937999098,-9.113423440603299],[-171.8249827535678,-9.11338078359222],[-171.82491623525107,-9.113309898342266],[-171.82484971693418,-9.11338078359222],[-171.82471325898265,-9.113423440603299],[-171.8246700538773,-9.113469481152094],[-171.82462342745413,-9.113512138152714],[-171.82454019731492,-9.113600835679904],[-171.82444376439736,-9.113558178690198],[-171.8244005592921,-9.113512138152714],[-171.82435393286892,-9.113469481152094],[-171.82431072776373,-9.113423440603299],[-171.82426410134056,-9.11338078359222],[-171.82421293509154,-9.113116148411848],[-171.82413106470693,-9.113203388406191],[-171.82408443828376,-9.113246045438416],[-171.8240412331784,-9.113292086010233],[-171.8239047752269,-9.113334743031885],[-171.82386157012164,-9.11338078359222],[-171.82372511217002,-9.113423440603299],[-171.82368190706484,-9.113469481152094],[-171.82363528064167,-9.113512138152714],[-171.8235920755364,-9.113558178690198],[-171.82354544911323,-9.113600835679904],[-171.82350224400804,-9.113824271171836],[-171.8234556175849,-9.113866928129994],[-171.82337766197742,-9.11395000212832],[-171.82332258095119,-9.113778230668686],[-171.82327595452801,-9.113735573700012],[-171.82323274942274,-9.113512138152714],[-171.82318612299957,-9.113469481152094],[-171.8231429178944,-9.113423440603299],[-171.82309629147113,-9.11338078359222],[-171.82301306133192,-9.113292086010233],[-171.822826796886,-9.113334743031885],[-171.82278359178073,-9.11338078359222],[-171.82273696535748,-9.113423440603299],[-171.82265373521824,-9.113512138152714],[-171.82246747077232,-9.113469481152094],[-171.82242426566705,-9.113423440603299],[-171.82237763924388,-9.11338078359222],[-171.8223344341386,-9.113334743031885],[-171.82228780771547,-9.113292086010233],[-171.82224460261028,-9.113246045438416],[-171.82165898701658,-9.113203388406191],[-171.82157575687734,-9.11311469078015],[-171.82120982937457,-9.113157347822948],[-171.82112659923524,-9.113246045438416],[-171.82067084020412,-9.113203388406191],[-171.82062763509893,-9.113157347822948],[-171.82058100867567,-9.11311469078015],[-171.82051449035876,-9.113043805477389],[-171.82044797204196,-9.11311469078015],[-171.8202216825619,-9.113157347822948],[-171.82013845242278,-9.113246045438416],[-171.8193233672779,-9.113203388406191],[-171.81928016217262,-9.113157347822948],[-171.81896404116424,-9.11311469078015],[-171.818880811025,-9.113025993132112],[-171.81878437810735,-9.113068650185426],[-171.8187011479681,-9.113157347822948],[-171.8180657258801,-9.11311469078015],[-171.81802252077483,-9.113068650185426],[-171.81797589435166,-9.113025993132112],[-171.81793268924648,-9.112979952525905],[-171.81788606282333,-9.112937295461904],[-171.81784285771806,-9.112891254844442],[-171.81770639976645,-9.112848597769698],[-171.81766319466126,-9.112802557140697],[-171.817616568238,-9.112759900055607],[-171.81753333809888,-9.112671202319461],[-171.817167410596,-9.11271385941518],[-171.81708418045676,-9.112802557140697],[-171.81492162238567,-9.112759900055607],[-171.81486474297427,-9.11258250456126],[-171.81438263321522,-9.112625161667609],[-171.81429940307598,-9.11271385941518],[-171.81384364404477,-9.112671202319461],[-171.8138004389395,-9.112625161667609],[-171.81357414945944,-9.11258250456126],[-171.81353094435426,-9.112536463897982],[-171.81303516028908,-9.112493806781004],[-171.8129919551838,-9.1124477661063],[-171.81283389467967,-9.112426437543093],[-171.8128526461339,-9.112356255882958],[-171.81290497475376,-9.112319223564441],[-171.8129686419722,-9.112231515070278],[-171.8130323091907,-9.112319223564441],[-171.81380329003787,-9.112356255882958],[-171.81384079294648,-9.112407921388069],[-171.81422311426454,-9.11244495369732],[-171.8142899505885,-9.112360570590397],[-171.8139306244748,-9.112319223564441],[-171.81389312156622,-9.11226755804654],[-171.8136611298896,-9.112230525718815],[-171.81362362698098,-9.112178860188124],[-171.81350834391728,-9.11214182785119],[-171.81344396392413,-9.112230525718815],[-171.81323884933204,-9.11226755804654],[-171.81317446933897,-9.112178860188124],[-171.81267298307705,-9.11214182785119],[-171.81263548016844,-9.112090162307595],[-171.8116848362646,-9.112053129961453],[-171.81164733335598,-9.112001464405068],[-171.81069668945202,-9.111964432049831],[-171.81065918654352,-9.1119127664806],[-171.8104271948668,-9.11187573411604],[-171.8103896919582,-9.11182406853402],[-171.8099780372247,-9.111787036160479],[-171.8099405343161,-9.111735370565498],[-171.80988820569635,-9.111698338182634],[-171.80985070278766,-9.11164667257492],[-171.80970854263947,-9.111609640182849],[-171.80967103973097,-9.111557974562345],[-171.80961871111103,-9.111520942161121],[-171.80958120820245,-9.111469276527657],[-171.80952887958267,-9.111432244117282],[-171.8094913766741,-9.111380578471028],[-171.80934921652582,-9.111343546051444],[-171.8093117136172,-9.111291880392457],[-171.80916955346902,-9.111254847963437],[-171.80915080201467,-9.1111846660732]]],[[[-171.8083215271729,-9.110939096342918],[-171.80823292380987,-9.110863721290855],[-171.80839759666904,-9.110809348707903],[-171.80845294087354,-9.110974385590907],[-171.808342318259,-9.111007269796573],[-171.8083215271729,-9.110939096342918]]],[[[-171.78516578392882,-9.111007269796573],[-171.7852368640028,-9.110988753567824],[-171.7852743669114,-9.110937087857565],[-171.78532669553124,-9.110900055391937],[-171.78536419843985,-9.110848389668774],[-171.78541652705968,-9.110811357193995],[-171.7854540299683,-9.110670993225199],[-171.78549950498635,-9.110633960731832],[-171.78554386149665,-9.110873513335548],[-171.7854540299683,-9.110937087857565],[-171.78541652705968,-9.111166149853773],[-171.78536419843985,-9.111203182291717],[-171.78530053122134,-9.111290891038436],[-171.7852368640028,-9.111203182291717],[-171.78518453538297,-9.111166149853773],[-171.78516578392882,-9.111007269796573]]],[[[-171.78516578392882,-9.111007269796573],[-171.7850759524003,-9.111007269796573],[-171.7850759524003,-9.111095967945914],[-171.7848962893435,-9.111095967945914],[-171.7847166262867,-9.111095967945914],[-171.7847166262867,-9.111007269796573],[-171.78453696322993,-9.111007269796573],[-171.78453696322993,-9.110918571625177],[-171.7844471317014,-9.110918571625177],[-171.7844471317014,-9.110829873431783],[-171.78435730017304,-9.110829873431783],[-171.78435730017304,-9.110652476979055],[-171.7842674686446,-9.110652476979055],[-171.7842674686446,-9.110563778719552],[-171.78417763711616,-9.110563778719552],[-171.78417763711616,-9.11047508043822],[-171.78408780558772,-9.11047508043822],[-171.78408780558772,-9.110386382134777],[-171.78390814253103,-9.110386382134777],[-171.78390814253103,-9.110297683809165],[-171.7838183110025,-9.110297683809165],[-171.7838183110025,-9.110208985461668],[-171.7836386479457,-9.110208985461668],[-171.7836386479457,-9.11012028709223],[-171.78345898488894,-9.11012028709223],[-171.78345898488894,-9.110031588700679],[-171.7831894903036,-9.110031588700679],[-171.7831894903036,-9.109942890287073],[-171.78300982724681,-9.109942890287073],[-171.78300982724681,-9.109854191851525],[-171.78291999571837,-9.109854191851525],[-171.78291999571837,-9.109942890287073],[-171.7827403326616,-9.109942890287073],[-171.7827403326616,-9.10896720628466],[-171.78265050113316,-9.10896720628466],[-171.78265050113316,-9.108789808907204],[-171.78256066960472,-9.108789808907204],[-171.78256066960472,-9.108701110185393],[-171.78247083807636,-9.108701110185393],[-171.78247083807636,-9.10861241144164],[-171.78238100654792,-9.10861241144164],[-171.78238100654792,-9.108523712675833],[-171.7822911750195,-9.108523712675833],[-171.7822911750195,-9.108435013887856],[-171.78220134349115,-9.108435013887856],[-171.78220134349115,-9.108346315078052],[-171.7821115119627,-9.108346315078052],[-171.7821115119627,-9.108257616246192],[-171.78193184890583,-9.108257616246192],[-171.78193184890583,-9.108168917392334],[-171.78184201737747,-9.108168917392334],[-171.78184201737747,-9.108257616246192],[-171.78175218584906,-9.108257616246192],[-171.78175218584906,-9.108168917392334],[-171.7816623543207,-9.108168917392334],[-171.7816623543207,-9.108080218516363],[-171.78157252279226,-9.108080218516363],[-171.78157252279226,-9.107991519618452],[-171.78157252279226,-9.107725422792669],[-171.78148269126382,-9.107725422792669],[-171.78148269126382,-9.107370626716659],[-171.78139285973546,-9.107370626716659],[-171.78139285973546,-9.107193228546635],[-171.78130302820693,-9.107193228546635],[-171.78130302820693,-9.106927131126554],[-171.7812131966786,-9.106927131126554],[-171.7812131966786,-9.106749732736318],[-171.78112336515017,-9.106749732736318],[-171.78112336515017,-9.106572334258033],[-171.7810335336218,-9.106572334258033],[-171.7810335336218,-9.106394935691867],[-171.78094370209337,-9.106394935691867],[-171.78094370209337,-9.106306236375701],[-171.78085387056493,-9.106306236375701],[-171.78085387056493,-9.106128837677318],[-171.78076403903657,-9.106128837677318],[-171.78076403903657,-9.10604013829527],[-171.78067420750804,-9.10604013829527],[-171.78067420750804,-9.10577404001657],[-171.7805843759797,-9.10577404001657],[-171.7805843759797,-9.105596641054206],[-171.78049454445127,-9.105596641054206],[-171.78049454445127,-9.10506444363881],[-171.78031488139447,-9.10506444363881],[-171.78031488139447,-9.104266146030113],[-171.78040471292292,-9.104266146030113],[-171.78040471292292,-9.104088746319519],[-171.78049454445127,-9.104088746319519],[-171.78049454445127,-9.103822646588469],[-171.7805843759797,-9.103822646588469],[-171.7805843759797,-9.10373394663418],[-171.78076403903657,-9.10373394663418],[-171.78076403903657,-9.103467846639148],[-171.78085387056493,-9.103467846639148],[-171.78085387056493,-9.103290446532469],[-171.78094370209337,-9.103290446532469],[-171.78094370209337,-9.103113046337626],[-171.7810335336218,-9.103113046337626],[-171.7810335336218,-9.102846945880515],[-171.78112336515017,-9.102846945880515],[-171.78112336515017,-9.102758245684186],[-171.7812131966786,-9.102758245684186],[-171.7812131966786,-9.102669545465801],[-171.78130302820693,-9.102669545465801],[-171.78130302820693,-9.102580845225475],[-171.78139285973546,-9.102580845225475],[-171.78139285973546,-9.102492144963094],[-171.78148269126382,-9.102492144963094],[-171.78148269126382,-9.1024034446786],[-171.7821115119627,-9.1024034446786],[-171.7821115119627,-9.102492144963094],[-171.78238100654792,-9.102492144963094],[-171.78238100654792,-9.102580845225475],[-171.78247083807636,-9.102580845225475],[-171.78265050113316,-9.102580845225475],[-171.78265050113316,-9.102669545465801],[-171.78300982724681,-9.102669545465801],[-171.78300982724681,-9.102758245684186],[-171.7833691533605,-9.102758245684186],[-171.7833691533605,-9.102846945880515],[-171.78372847947415,-9.102846945880515],[-171.78372847947415,-9.102935646055016],[-171.78390814253103,-9.102935646055016],[-171.78390814253103,-9.103024346207292],[-171.78417763711616,-9.103024346207292],[-171.78417763711616,-9.103113046337626],[-171.7844471317014,-9.103113046337626],[-171.7844471317014,-9.103201746446075],[-171.78462679475825,-9.103201746446075],[-171.78462679475825,-9.103290446532469],[-171.78480645781505,-9.103290446532469],[-171.78480645781505,-9.103467846639148],[-171.7848962893435,-9.103467846639148],[-171.7848962893435,-9.103556546659433],[-171.7850759524003,-9.103556546659433],[-171.7850759524003,-9.10364524665772],[-171.78516578392882,-9.10364524665772],[-171.78516578392882,-9.10373394663418],[-171.78525561545715,-9.10373394663418],[-171.78525561545715,-9.103822646588469],[-171.78543527851394,-9.103822646588469],[-171.78543527851394,-9.103911346520874],[-171.78552511004239,-9.103911346520874],[-171.78552511004239,-9.104000046431224],[-171.78561494157083,-9.104000046431224],[-171.78561494157083,-9.104088746319519],[-171.78570477309916,-9.104088746319519],[-171.78570477309916,-9.104177446185815],[-171.7857946046276,-9.104177446185815],[-171.7857946046276,-9.104266146030113],[-171.78588443615604,-9.104266146030113],[-171.7859742676844,-9.104266146030113],[-171.7859742676844,-9.104354845852413],[-171.78606409921284,-9.104354845852413],[-171.78606409921284,-9.104443545652828],[-171.78615393074128,-9.104443545652828],[-171.78615393074128,-9.104532245431074],[-171.7862437622696,-9.104532245431074],[-171.7862437622696,-9.104620945187321],[-171.7864234253265,-9.104620945187321],[-171.7864234253265,-9.104709644921684],[-171.78651325685485,-9.104709644921684],[-171.78651325685485,-9.104798344633934],[-171.7866030883833,-9.104798344633934],[-171.7866030883833,-9.10497574399244],[-171.78669291991173,-9.10497574399244],[-171.78669291991173,-9.10506444363881],[-171.78678275144017,-9.10506444363881],[-171.78678275144017,-9.105153143263067],[-171.78687258296858,-9.105153143263067],[-171.78687258296858,-9.105241842865325],[-171.78705224602538,-9.105241842865325],[-171.78705224602538,-9.105330542445529],[-171.78714207755374,-9.105330542445529],[-171.78714207755374,-9.105419242003734],[-171.78723190908218,-9.105419242003734],[-171.78723190908218,-9.105507941539997],[-171.78741157213904,-9.105507941539997],[-171.78741157213904,-9.105596641054206],[-171.7875014036674,-9.105596641054206],[-171.7875014036674,-9.10577404001657],[-171.78759123519583,-9.10577404001657],[-171.78759123519583,-9.105951438890997],[-171.78768106672428,-9.105951438890997],[-171.78768106672428,-9.10604013829527],[-171.78777089825272,-9.10604013829527],[-171.78777089825272,-9.106217537037537],[-171.78786072978107,-9.106217537037537],[-171.78786072978107,-9.10648363498592],[-171.7879505613094,-9.10648363498592],[-171.7879505613094,-9.106927131126554],[-171.78804039283793,-9.106927131126554],[-171.78804039283793,-9.107104529428625],[-171.78804039283793,-9.107370626716659],[-171.78813022436628,-9.107370626716659],[-171.78813022436628,-9.107636723806706],[-171.78822005589473,-9.107636723806706],[-171.78822005589473,-9.108080218516363],[-171.78813022436628,-9.108080218516363],[-171.78813022436628,-9.108257616246192],[-171.78804039283793,-9.108257616246192],[-171.78804039283793,-9.108435013887856],[-171.7879505613094,-9.108435013887856],[-171.7879505613094,-9.108523712675833],[-171.78786072978107,-9.108523712675833],[-171.78786072978107,-9.10861241144164],[-171.78741157213904,-9.10861241144164],[-171.78741157213904,-9.108523712675833],[-171.78723190908218,-9.108523712675833],[-171.78723190908218,-9.108435013887856],[-171.78705224602538,-9.108435013887856],[-171.78705224602538,-9.108346315078052],[-171.78696241449694,-9.108346315078052],[-171.78696241449694,-9.108257616246192],[-171.7864234253265,-9.108257616246192],[-171.7864234253265,-9.108080218516363],[-171.7862437622696,-9.108080218516363],[-171.7862437622696,-9.108168917392334],[-171.7859742676844,-9.108168917392334],[-171.7859742676844,-9.107991519618452],[-171.78552511004239,-9.107991519618452],[-171.78552511004239,-9.107636723806706],[-171.78561494157083,-9.107636723806706],[-171.78561494157083,-9.107459325768673],[-171.78570477309916,-9.107459325768673],[-171.78570477309916,-9.107104529428625],[-171.78561494157083,-9.107104529428625],[-171.78561494157083,-9.107015830288503],[-171.78552511004239,-9.107015830288503],[-171.78552511004239,-9.106927131126554],[-171.78543527851394,-9.106927131126554],[-171.78543527851394,-9.106838431942435],[-171.78525561545715,-9.106838431942435],[-171.78525561545715,-9.106749732736318],[-171.7850759524003,-9.106749732736318],[-171.7850759524003,-9.106661033508203],[-171.78498612087193,-9.106661033508203],[-171.7848962893435,-9.106661033508203],[-171.7848962893435,-9.106572334258033],[-171.78480645781505,-9.106572334258033],[-171.78480645781505,-9.10648363498592],[-171.78480645781505,-9.106394935691867],[-171.7847166262867,-9.106394935691867],[-171.7847166262867,-9.106306236375701],[-171.78462679475825,-9.106306236375701],[-171.78462679475825,-9.106128837677318],[-171.78453696322993,-9.106128837677318],[-171.78453696322993,-9.105951438890997],[-171.7844471317014,-9.105951438890997],[-171.7844471317014,-9.10577404001657],[-171.78435730017304,-9.10577404001657],[-171.78435730017304,-9.105685340546472],[-171.7842674686446,-9.105685340546472],[-171.7842674686446,-9.105596641054206],[-171.78408780558772,-9.105596641054206],[-171.78408780558772,-9.105507941539997],[-171.78390814253103,-9.105507941539997],[-171.78390814253103,-9.105419242003734],[-171.7836386479457,-9.105419242003734],[-171.7836386479457,-9.105330542445529],[-171.7833691533605,-9.105330542445529],[-171.78327932183205,-9.105330542445529],[-171.78327932183205,-9.105241842865325],[-171.7831894903036,-9.105241842865325],[-171.7831894903036,-9.105153143263067],[-171.78311841022952,-9.105134627407665],[-171.783080907321,-9.105082959497622],[-171.78302857870108,-9.10504592777886],[-171.78296419870802,-9.104957228128114],[-171.78257942105907,-9.104994259856028],[-171.78254191815046,-9.10504592777886],[-171.7824895895307,-9.105082959497622],[-171.78245208662213,-9.105134627407665],[-171.78239975800219,-9.105171659117275],[-171.7823622550937,-9.10531202659945],[-171.78230992647383,-9.105349058290642],[-171.78227242356525,-9.105400726162316],[-171.78222009494542,-9.1054377578443],[-171.7821825920368,-9.105489425703126],[-171.78204043188862,-9.105526457375959],[-171.78200292898,-9.105844223646386],[-171.78191409533602,-9.105907089180675],[-171.78200292898,-9.105969954704051],[-171.78202168043435,-9.106306236375701],[-171.7821115119627,-9.106306236375701],[-171.7821115119627,-9.106394935691867],[-171.7821115119627,-9.10648363498592],[-171.78220134349115,-9.10648363498592],[-171.78220134349115,-9.106661033508203],[-171.7822911750195,-9.106661033508203],[-171.7822911750195,-9.106749732736318],[-171.7822911750195,-9.106838431942435],[-171.78238100654792,-9.106838431942435],[-171.78238100654792,-9.106927131126554],[-171.78256066960472,-9.106927131126554],[-171.78256066960472,-9.107015830288503],[-171.78283016419005,-9.107015830288503],[-171.78283016419005,-9.107104529428625],[-171.7831894903036,-9.107104529428625],[-171.7831894903036,-9.107193228546635],[-171.78345898488894,-9.107193228546635],[-171.78345898488894,-9.107281927642703],[-171.7836386479457,-9.107281927642703],[-171.7836386479457,-9.107370626716659],[-171.7838183110025,-9.107370626716659],[-171.7838183110025,-9.107459325768673],[-171.78390814253103,-9.107459325768673],[-171.78390814253103,-9.107548024798575],[-171.7839979740594,-9.107548024798575],[-171.7839979740594,-9.107636723806706],[-171.7842674686446,-9.107636723806706],[-171.7842674686446,-9.107725422792669],[-171.78435730017304,-9.107725422792669],[-171.78435730017304,-9.107814121756633],[-171.7844471317014,-9.107814121756633],[-171.7844471317014,-9.108257616246192],[-171.78435730017304,-9.108257616246192],[-171.78435730017304,-9.10861241144164],[-171.7842674686446,-9.10861241144164],[-171.7842674686446,-9.109144603574236],[-171.78435730017304,-9.109144603574236],[-171.78435730017304,-9.1094106993433],[-171.7844471317014,-9.1094106993433],[-171.7844471317014,-9.109499397889067],[-171.78453696322993,-9.109499397889067],[-171.78453696322993,-9.109676794914321],[-171.78462679475825,-9.109676794914321],[-171.78462679475825,-9.10976549339398],[-171.7847166262867,-9.10976549339398],[-171.7847166262867,-9.109854191851525],[-171.78480645781505,-9.109854191851525],[-171.78480645781505,-9.109942890287073],[-171.7848962893435,-9.109942890287073],[-171.7848962893435,-9.110031588700679],[-171.78498612087193,-9.110031588700679],[-171.78498612087193,-9.11012028709223],[-171.7850759524003,-9.11012028709223],[-171.7850759524003,-9.110208985461668],[-171.78516578392882,-9.110208985461668],[-171.78516578392882,-9.110386382134777],[-171.78525561545715,-9.110386382134777],[-171.78525561545715,-9.11047508043822],[-171.7853454469855,-9.11047508043822],[-171.7853454469855,-9.110563778719552],[-171.78525561545715,-9.110563778719552],[-171.78525561545715,-9.110652476979055],[-171.78525561545715,-9.110829873431783],[-171.78516578392882,-9.110829873431783],[-171.78516578392882,-9.111007269796573]]],[[[-172.5001535906936,-8.582533944112072],[-172.50020591931334,-8.58249686116227],[-172.50024342222196,-8.582356292895156],[-172.5002957508418,-8.58231920992796],[-172.5003332537504,-8.582267467255463],[-172.50038558237023,-8.582230384279512],[-172.50042308527884,-8.582178641594965],[-172.50047541389867,-8.582141558610488],[-172.50051291680728,-8.582089815913776],[-172.5005652454271,-8.582052732920545],[-172.5006027483356,-8.582000990211668],[-172.50065507695547,-8.581963907209854],[-172.50069257986405,-8.581912164488813],[-172.50083474001224,-8.581875081478302],[-172.50087224292085,-8.581823338745323],[-172.50098752050175,-8.581786255726115],[-172.50105190597773,-8.581875081478302],[-172.50110423459756,-8.581912164488813],[-172.50114173750606,-8.581963907209854],[-172.50119406612592,-8.582000990211668],[-172.5012315690345,-8.582052732920545],[-172.50128389765433,-8.582089815913776],[-172.50132140056286,-8.58231920992796],[-172.50141023420693,-8.58238216422626],[-172.50132140056286,-8.582445118514102],[-172.50128389765433,-8.582940988884559],[-172.5012315690345,-8.58297807179099],[-172.50119406612592,-8.583029814366682],[-172.50114173750606,-8.583066897264416],[-172.50110423459756,-8.583207465268401],[-172.50103315452338,-8.58322600670914],[-172.50103315452338,-8.583403657519113],[-172.50049416535293,-8.583403657519113],[-172.50049416535293,-8.583314832124472],[-172.5004043338245,-8.583314832124472],[-172.5004043338245,-8.58322600670914],[-172.5002246707677,-8.58322600670914],[-172.5002246707677,-8.583048355815947],[-172.50013483923925,-8.583048355815947],[-172.50013483923925,-8.582959530338258],[-172.50004500771092,-8.582959530338258],[-172.50004500771092,-8.58278187932035],[-172.50004500771092,-8.582693053780247],[-172.50013483923925,-8.582693053780247],[-172.5001535906936,-8.582533944112072]]],[[[-172.50184163827913,-8.582071274417615],[-172.5017518067507,-8.582071274417615],[-172.5017518067507,-8.581982448711244],[-172.50166197522228,-8.581982448711244],[-172.50166197522228,-8.581893622984126],[-172.50157214369392,-8.581893622984126],[-172.50157214369392,-8.581804797236146],[-172.5014823121654,-8.581804797236146],[-172.5014823121654,-8.581715971467418],[-172.50139248063704,-8.581715971467418],[-172.50139248063704,-8.581538319867661],[-172.5013026491086,-8.581538319867661],[-172.5013026491086,-8.5813606681848],[-172.50121281758024,-8.5813606681848],[-172.50121281758024,-8.58109419050453],[-172.5014823121654,-8.58109419050453],[-172.5014823121654,-8.581183016418777],[-172.50166197522228,-8.581183016418777],[-172.50166197522228,-8.58127184231222],[-172.5017518067507,-8.58127184231222],[-172.5017518067507,-8.5813606681848],[-172.50184163827913,-8.5813606681848],[-172.50184163827913,-8.581449494036633],[-172.5019314698075,-8.581449494036633],[-172.5019314698075,-8.581538319867661],[-172.50202130133593,-8.581538319867661],[-172.50202130133593,-8.581715971467418],[-172.5021111328643,-8.581715971467418],[-172.5021111328643,-8.581804797236146],[-172.5022009643928,-8.581804797236146],[-172.5022009643928,-8.581982448711244],[-172.50238062744958,-8.581982448711244],[-172.50247045897802,-8.581982448711244],[-172.50247045897802,-8.582071274417615],[-172.50247045897802,-8.582604228219395],[-172.50256029050638,-8.582604228219395],[-172.50256029050638,-8.582870704839706],[-172.50265012203482,-8.582870704839706],[-172.50265012203482,-8.582959530338258],[-172.50273995356318,-8.582959530338258],[-172.50273995356318,-8.583137181272889],[-172.50291961662003,-8.583137181272889],[-172.50291961662003,-8.583314832124472],[-172.5030094481484,-8.583314832124472],[-172.5030094481484,-8.58349248289295],[-172.50309927967692,-8.58349248289295],[-172.50309927967692,-8.583581308245982],[-172.50318911120527,-8.583581308245982],[-172.50318911120527,-8.58367013357821],[-172.50327894273371,-8.58367013357821],[-172.50327894273371,-8.583758958889689],[-172.50336877426204,-8.583758958889689],[-172.50336877426204,-8.583847784180477],[-172.50345860579057,-8.583847784180477],[-172.50345860579057,-8.583936609450234],[-172.50363826884728,-8.583936609450234],[-172.50363826884728,-8.584025434699356],[-172.50381793190417,-8.584025434699356],[-172.50381793190417,-8.584114259927787],[-172.5039077634326,-8.584114259927787],[-172.5039077634326,-8.584203085135243],[-172.50399759496094,-8.584203085135243],[-172.50399759496094,-8.584291910322008],[-172.50408742648946,-8.584291910322008],[-172.50408742648946,-8.584469560633181],[-172.50417725801782,-8.584469560633181],[-172.50417725801782,-8.584558385757475],[-172.50426708954618,-8.584558385757475],[-172.50426708954618,-8.584736035944047],[-172.50444675260306,-8.584736035944047],[-172.50444675260306,-8.584824861006041],[-172.50507557330192,-8.584824861006041],[-172.50507557330192,-8.58491368604723],[-172.50525523635872,-8.58491368604723],[-172.50525523635872,-8.585002511067614],[-172.5054348994156,-8.585002511067614],[-172.5054348994156,-8.585091336067364],[-172.50615355164283,-8.585091336067364],[-172.50615355164283,-8.585002511067614],[-172.50624338317135,-8.585002511067614],[-172.50624338317135,-8.58491368604723],[-172.5063332146997,-8.58491368604723],[-172.5063332146997,-8.584824861006041],[-172.5065128777565,-8.584824861006041],[-172.5065128777565,-8.584736035944047],[-172.50660270928503,-8.584736035944047],[-172.50660270928503,-8.584558385757475],[-172.5066925408134,-8.584558385757475],[-172.5066925408134,-8.584380735487969],[-172.50678237234172,-8.584380735487969],[-172.50678237234172,-8.58349248289295],[-172.5066925408134,-8.58349248289295],[-172.5066925408134,-8.583403657519113],[-172.5060637201145,-8.583403657519113],[-172.5060637201145,-8.583314832124472],[-172.5058840570576,-8.583314832124472],[-172.5058840570576,-8.58322600670914],[-172.5054348994156,-8.58322600670914],[-172.5054348994156,-8.582870704839706],[-172.5054348994156,-8.582604228219395],[-172.5054348994156,-8.582248925768056],[-172.50552473094405,-8.582248925768056],[-172.50552473094405,-8.58216010010318],[-172.5056145624725,-8.58216010010318],[-172.5056145624725,-8.581982448711244],[-172.50570439400082,-8.581982448711244],[-172.50570439400082,-8.581893622984126],[-172.5058840570576,-8.581893622984126],[-172.5058840570576,-8.581804797236146],[-172.50597388858606,-8.581804797236146],[-172.50597388858606,-8.581893622984126],[-172.5060637201145,-8.581893622984126],[-172.50615355164283,-8.581893622984126],[-172.50615355164283,-8.581982448711244],[-172.5063332146997,-8.581982448711244],[-172.5063332146997,-8.582071274417615],[-172.50642304622806,-8.582071274417615],[-172.50642304622806,-8.58216010010318],[-172.5065128777565,-8.58216010010318],[-172.5065128777565,-8.582248925768056],[-172.50660270928503,-8.582248925768056],[-172.50660270928503,-8.582337751412012],[-172.5066925408134,-8.582337751412012],[-172.5066925408134,-8.582426577035221],[-172.50678237234172,-8.582426577035221],[-172.50678237234172,-8.582515402637682],[-172.50687220387016,-8.582515402637682],[-172.50687220387016,-8.582604228219395],[-172.5069620353986,-8.582604228219395],[-172.5069620353986,-8.582693053780247],[-172.50705186692696,-8.582693053780247],[-172.50705186692696,-8.58278187932035],[-172.5071416984554,-8.58278187932035],[-172.5071416984554,-8.582870704839706],[-172.50723152998393,-8.582870704839706],[-172.50723152998393,-8.582959530338258],[-172.50732136151225,-8.582959530338258],[-172.50732136151225,-8.583048355815947],[-172.5074111930406,-8.583048355815947],[-172.5074111930406,-8.583137181272889],[-172.50750102456905,-8.583137181272889],[-172.50750102456905,-8.58322600670914],[-172.5075908560975,-8.58322600670914],[-172.5075908560975,-8.583314832124472],[-172.5077705191543,-8.583314832124472],[-172.5077705191543,-8.583048355815947],[-172.5078603506827,-8.583048355815947],[-172.5078603506827,-8.583314832124472],[-172.50795018221115,-8.583314832124472],[-172.50795018221115,-8.583403657519113],[-172.50795018221115,-8.58349248289295],[-172.5080400137395,-8.58349248289295],[-172.5080400137395,-8.58367013357821],[-172.50812984526794,-8.58367013357821],[-172.50812984526794,-8.583936609450234],[-172.5080400137395,-8.583936609450234],[-172.5080400137395,-8.584025434699356],[-172.50795018221115,-8.584025434699356],[-172.50795018221115,-8.584114259927787],[-172.5078603506827,-8.584114259927787],[-172.5078603506827,-8.584203085135243],[-172.5077705191543,-8.584203085135243],[-172.5077705191543,-8.584291910322008],[-172.50768068762594,-8.584291910322008],[-172.50768068762594,-8.584380735487969],[-172.5075908560975,-8.584380735487969],[-172.5075908560975,-8.584469560633181],[-172.50750102456905,-8.584469560633181],[-172.50750102456905,-8.584558385757475],[-172.50732136151225,-8.584558385757475],[-172.50732136151225,-8.584647210861192],[-172.50723152998393,-8.584647210861192],[-172.50723152998393,-8.584736035944047],[-172.50705186692696,-8.584736035944047],[-172.50705186692696,-8.584824861006041],[-172.5069620353986,-8.584824861006041],[-172.5069620353986,-8.58491368604723],[-172.50678237234172,-8.58491368604723],[-172.50678237234172,-8.585002511067614],[-172.5066925408134,-8.585002511067614],[-172.5066925408134,-8.585091336067364],[-172.50660270928503,-8.585091336067364],[-172.50660270928503,-8.585180161046196],[-172.5065128777565,-8.585180161046196],[-172.5065128777565,-8.585268986004223],[-172.50642304622806,-8.585268986004223],[-172.50642304622806,-8.585357810941616],[-172.5063332146997,-8.585357810941616],[-172.5063332146997,-8.585446635858148],[-172.50615355164283,-8.585446635858148],[-172.50615355164283,-8.585535460753704],[-172.5060637201145,-8.585535460753704],[-172.5060637201145,-8.585624285628626],[-172.50516540483036,-8.585624285628626],[-172.50516540483036,-8.585535460753704],[-172.5049857417736,-8.585535460753704],[-172.5049857417736,-8.585446635858148],[-172.50489591024507,-8.585446635858148],[-172.50489591024507,-8.585357810941616],[-172.50471624718827,-8.585357810941616],[-172.50471624718827,-8.585268986004223],[-172.50462641565983,-8.585268986004223],[-172.50462641565983,-8.585180161046196],[-172.50453658413147,-8.585180161046196],[-172.50453658413147,-8.585091336067364],[-172.50444675260306,-8.585091336067364],[-172.50444675260306,-8.585002511067614],[-172.5043569210747,-8.585002511067614],[-172.5043569210747,-8.58491368604723],[-172.50426708954618,-8.58491368604723],[-172.50426708954618,-8.584824861006041],[-172.50408742648946,-8.584824861006041],[-172.50408742648946,-8.584736035944047],[-172.5039077634326,-8.584736035944047],[-172.5039077634326,-8.584647210861192],[-172.5037281003758,-8.584647210861192],[-172.5037281003758,-8.584558385757475],[-172.50354843731893,-8.584558385757475],[-172.50354843731893,-8.584469560633181],[-172.50336877426204,-8.584469560633181],[-172.50336877426204,-8.584380735487969],[-172.50318911120527,-8.584380735487969],[-172.50318911120527,-8.584291910322008],[-172.5030094481484,-8.584291910322008],[-172.5030094481484,-8.584203085135243],[-172.50273995356318,-8.584203085135243],[-172.50273995356318,-8.584114259927787],[-172.50238062744958,-8.584114259927787],[-172.50238062744958,-8.584025434699356],[-172.5021111328643,-8.584025434699356],[-172.5021111328643,-8.583936609450234],[-172.5019314698075,-8.583936609450234],[-172.5019314698075,-8.583847784180477],[-172.50184163827913,-8.583847784180477],[-172.50157214369392,-8.583847784180477],[-172.50157214369392,-8.58367013357821],[-172.50157214369392,-8.58349248289295],[-172.5014823121654,-8.58349248289295],[-172.5014823121654,-8.583403657519113],[-172.50157214369392,-8.583403657519113],[-172.50157214369392,-8.583137181272889],[-172.50166197522228,-8.583137181272889],[-172.50166197522228,-8.583048355815947],[-172.50166197522228,-8.582870704839706],[-172.5017518067507,-8.582870704839706],[-172.5017518067507,-8.582604228219395],[-172.50184163827913,-8.582604228219395],[-172.50184163827913,-8.582071274417615]]],[[[-172.5089383290236,-8.580294756341914],[-172.50902816055205,-8.580294756341914],[-172.50902816055205,-8.580383582443176],[-172.5091179920805,-8.580383582443176],[-172.5092976551373,-8.580383582443176],[-172.5092976551373,-8.580650060622077],[-172.5091179920805,-8.580650060622077],[-172.5091179920805,-8.580827712637358],[-172.50902816055205,-8.580827712637358],[-172.5089591146269,-8.58084826557365],[-172.50888178406805,-8.580937026487277],[-172.50884849749528,-8.580827712637358],[-172.50875866596684,-8.580827712637358],[-172.50875866596684,-8.580738886640063],[-172.5086688344384,-8.580738886640063],[-172.5086688344384,-8.580561234583172],[-172.5086688344384,-8.58047240852352],[-172.50875866596684,-8.58047240852352],[-172.50875866596684,-8.580383582443176],[-172.50884849749528,-8.580383582443176],[-172.5089383290236,-8.580383582443176],[-172.5089383290236,-8.580294756341914]]],[[[-172.4997755131256,-8.580294756341914],[-172.50004500771092,-8.580294756341914],[-172.50004500771092,-8.581804797236146],[-172.49995517618248,-8.581804797236146],[-172.49995517618248,-8.582071274417615],[-172.49986534465404,-8.582071274417615],[-172.49986534465404,-8.58216010010318],[-172.4997755131256,-8.58216010010318],[-172.4997755131256,-8.582248925768056],[-172.49968568159724,-8.582248925768056],[-172.49968568159724,-8.582426577035221],[-172.4995958500688,-8.582426577035221],[-172.49957709861457,-8.58249686116227],[-172.4995247699947,-8.582533944112072],[-172.4994611027762,-8.58262178297963],[-172.49939743555768,-8.582533944112072],[-172.4990756123526,-8.58249686116227],[-172.499038109444,-8.582445118514102],[-172.49889594929581,-8.582408035555602],[-172.49885844638723,-8.582356292895156],[-172.49853662318216,-8.58231920992796],[-172.49849912027355,-8.582267467255463],[-172.49844679165372,-8.582230384279512],[-172.49840928874514,-8.582178641594965],[-172.49835696012536,-8.582141558610488],[-172.49831945721678,-8.582089815913776],[-172.4981772970685,-8.582052732920545],[-172.4981397941599,-8.581938746065646],[-172.49822962568834,-8.581875081478302],[-172.49826712859695,-8.581734512980915],[-172.49833820867113,-8.581715971467418],[-172.49833820867113,-8.581627145677942],[-172.4985178717279,-8.581627145677942],[-172.4985178717279,-8.581449494036633],[-172.49860770325625,-8.581449494036633],[-172.49860770325625,-8.5813606681848],[-172.4986975347847,-8.5813606681848],[-172.4986975347847,-8.58127184231222],[-172.49878736631314,-8.58127184231222],[-172.49878736631314,-8.58109419050453],[-172.4988771978415,-8.58109419050453],[-172.4988771978415,-8.581005364569648],[-172.4989670293699,-8.581005364569648],[-172.4989670293699,-8.580916538613906],[-172.49905686089835,-8.580916538613906],[-172.49905686089835,-8.580827712637358],[-172.49923652395515,-8.580827712637358],[-172.49923652395515,-8.580738886640063],[-172.4993263554836,-8.580738886640063],[-172.4993263554836,-8.580650060622077],[-172.49941618701203,-8.580650060622077],[-172.49941618701203,-8.580561234583172],[-172.49950601854036,-8.580561234583172],[-172.49950601854036,-8.58047240852352],[-172.49968568159724,-8.58047240852352],[-172.49968568159724,-8.580383582443176],[-172.4997755131256,-8.580383582443176],[-172.4997755131256,-8.580294756341914]]],[[[-172.49727898178438,-8.581112732048496],[-172.49733131040423,-8.581075648959768],[-172.49736881331282,-8.581023906117764],[-172.49742114193265,-8.580986823020567],[-172.49745864484117,-8.580935080166455],[-172.497510973461,-8.580897997060447],[-172.49754847636962,-8.580846254194284],[-172.49760080498945,-8.58080917107958],[-172.49763830789806,-8.58075742820131],[-172.4976906365179,-8.58072034507802],[-172.4977281394265,-8.580668602187416],[-172.49778046804624,-8.580631519055544],[-172.49781797095483,-8.580490950097726],[-172.49787029957477,-8.580453866948403],[-172.49790780248327,-8.580402124021646],[-172.4979601311031,-8.580365040863683],[-172.4979976340117,-8.580224471807185],[-172.49804996263154,-8.580187388631828],[-172.49808746554007,-8.580135645668747],[-172.4981397941599,-8.58009856248475],[-172.4982034613785,-8.58001072303341],[-172.49826712859695,-8.58009856248475],[-172.49831945721678,-8.580135645668747],[-172.49835696012536,-8.580621733228497],[-172.4981772970685,-8.580668602187416],[-172.4981397941599,-8.58072034507802],[-172.49808746554007,-8.58075742820131],[-172.49804996263154,-8.580897997060447],[-172.4979976340117,-8.580935080166455],[-172.4979601311031,-8.581164474878392],[-172.49790780248327,-8.581201557958309],[-172.49787029957477,-8.581342126653055],[-172.49781797095483,-8.581379209715635],[-172.49778046804624,-8.581430952509209],[-172.49763830789806,-8.581468035563091],[-172.49760080498945,-8.581519778344614],[-172.49752972491535,-8.581538319867661],[-172.49752972491535,-8.581627145677942],[-172.49726023033014,-8.581627145677942],[-172.49726023033014,-8.581538319867661],[-172.4971703988017,-8.581538319867661],[-172.4971703988017,-8.581449494036633],[-172.4971703988017,-8.5813606681848],[-172.49726023033014,-8.5813606681848],[-172.49727898178438,-8.581112732048496]]],[[[-172.4984587827153,-8.579921961903324],[-172.49853784586475,-8.57999723429242],[-172.49842804019946,-8.580028277913698],[-172.4984587827153,-8.579921961903324]]],[[[-172.49627208351757,-8.581005364569648],[-172.49591275740391,-8.581005364569648],[-172.49591275740391,-8.580916538613906],[-172.49573309434703,-8.580916538613906],[-172.49573309434703,-8.580650060622077],[-172.49566404842196,-8.580629507675098],[-172.4956224772154,-8.58050533879242],[-172.4958436456843,-8.58043949451627],[-172.4957123745384,-8.580327670361726],[-172.49589197180063,-8.58027420337578],[-172.4959335430072,-8.580226483189904],[-172.49607163485751,-8.580185377248938],[-172.49611320606408,-8.580137657051978],[-172.49616146638584,-8.580096551101462],[-172.4962030375924,-8.58004883089319],[-172.49625129791428,-8.580007724933068],[-172.49629286912085,-8.579960004713712],[-172.49634112944273,-8.579918898743983],[-172.4963827006492,-8.579871178513486],[-172.49643096097108,-8.57983007253415],[-172.49647253217765,-8.579782352292455],[-172.49652079249952,-8.5797412463034],[-172.4965623637061,-8.579693526050619],[-172.49675446742071,-8.57965242005207],[-172.4968318582913,-8.5797412463034],[-172.49690811968833,-8.579806212414042],[-172.4968318582913,-8.579871178513486],[-172.49679028708474,-8.58027420337578],[-172.49674202676297,-8.580315309307025],[-172.4967004555564,-8.580451855566935],[-172.49665219523453,-8.580492961479024],[-172.49661062402788,-8.580718333697973],[-172.4965623637061,-8.580759439581186],[-172.49652079249952,-8.580807159699987],[-172.49647253217765,-8.58084826557365],[-172.49643096097108,-8.580895985681423],[-172.49636191504592,-8.580916538613906],[-172.49636191504592,-8.581005364569648],[-172.49627208351757,-8.581005364569648]]],[[[-172.49440722397355,-8.5798719863202],[-172.49445385039672,-8.579829264727323],[-172.49449705550188,-8.57969433385773],[-172.49454368192514,-8.579651612244845],[-172.49462417610653,-8.57956570817504],[-172.49467671855876,-8.579789682191347],[-172.49458688703032,-8.5798719863202],[-172.49454368192514,-8.579918090937383],[-172.49449705550188,-8.579960812520255],[-172.49445385039672,-8.580006917126695],[-172.49438562142092,-8.580028277913698],[-172.49440722397355,-8.5798719863202]]],[[[-172.49878736631314,-8.57922884150696],[-172.49878736631314,-8.579051188743676],[-172.49878736631314,-8.578962362330913],[-172.4988771978415,-8.578962362330913],[-172.4988771978415,-8.579051188743676],[-172.4989670293699,-8.579051188743676],[-172.4989670293699,-8.57922884150696],[-172.49878736631314,-8.57922884150696]]],[[[-172.4919601701537,-8.578873535897287],[-172.4919601701537,-8.578695882967793],[-172.49205000168223,-8.578695882967793],[-172.49205000168223,-8.578873535897287],[-172.4919601701537,-8.578873535897287]]],[[[-172.49321781155157,-8.579850625524273],[-172.49321781155157,-8.579761799298524],[-172.49312798002313,-8.579761799298524],[-172.49312798002313,-8.579672973051856],[-172.49303814849478,-8.579672973051856],[-172.49303814849478,-8.579317667857595],[-172.49305689994895,-8.579069730387403],[-172.49310922856887,-8.579032647099211],[-172.49314673147748,-8.578980903978845],[-172.49328889162567,-8.578943820682127],[-172.49332639453425,-8.578892077549597],[-172.49355838621088,-8.578854994244125],[-172.4935958891195,-8.578803251099487],[-172.49373804926776,-8.578766167785375],[-172.49380171648627,-8.578678328026001],[-172.4938653837047,-8.578766167785375],[-172.49391771232456,-8.578803251099487],[-172.49395521523314,-8.579006065318993],[-172.4938653837047,-8.579069730387403],[-172.49382788079612,-8.579387952560182],[-172.49377555217637,-8.579425035813529],[-172.49373804926776,-8.579654431437746],[-172.49368572064785,-8.579691514665058],[-172.49364821773923,-8.579743257688676],[-172.49357713766514,-8.579761799298524],[-172.49357713766514,-8.579850625524273],[-172.49321781155157,-8.579850625524273]]],[[[-172.49034320264235,-8.578251750280344],[-172.4904330341708,-8.578251750280344],[-172.4904330341708,-8.578429403417545],[-172.49034320264235,-8.578429403417545],[-172.49034320264235,-8.578518229955137],[-172.4902533711139,-8.578518229955137],[-172.4902533711139,-8.578340576859432],[-172.49034320264235,-8.578340576859432],[-172.49034320264235,-8.578251750280344]]],[[[-172.50886928309856,-8.578272303356073],[-172.50918703800556,-8.578231197203593],[-172.50922860921222,-8.578183476761069],[-172.50936670106245,-8.57814237059904],[-172.509408272269,-8.57809465014526],[-172.50960037598372,-8.578053543973681],[-172.50967776685422,-8.57814237059904],[-172.50981585870446,-8.578183476761069],[-172.5098574299111,-8.578586503414272],[-172.5099056902329,-8.578627609528269],[-172.50994726143946,-8.578906390403347],[-172.5098574299111,-8.578982915368101],[-172.50981585870446,-8.579297114838482],[-172.50976759838258,-8.579338220875456],[-172.5097260271761,-8.57938594117303],[-172.50964976577907,-8.579450907344324],[-172.5097260271761,-8.579515873504704],[-172.50976759838258,-8.57970582748868],[-172.50967776685422,-8.579782352292455],[-172.50963619564766,-8.57983007253415],[-172.50958793532578,-8.579871178513486],[-172.50952223395825,-8.579946586450603],[-172.5094565325909,-8.579871178513486],[-172.50931844074057,-8.57983007253415],[-172.509276869534,-8.579782352292455],[-172.5089591146269,-8.5797412463034],[-172.50891754342032,-8.579693526050619],[-172.50886928309856,-8.57965242005207],[-172.508827711892,-8.579249394529882],[-172.5080607993428,-8.579208288483244],[-172.5080400137395,-8.578873535897287],[-172.50795018221115,-8.578873535897287],[-172.50795018221115,-8.578784709442857],[-172.507881136286,-8.578805262489652],[-172.50783956507942,-8.578941809292587],[-172.50773729289315,-8.578982915368101],[-172.50765990202257,-8.57889408893925],[-172.50761164170078,-8.578852982854244],[-172.5075700704942,-8.578751854926338],[-172.50765990202257,-8.578675329915086],[-172.50770147322922,-8.578627609528269],[-172.50783956507942,-8.578586503414272],[-172.5079052664469,-8.578511095207148],[-172.50800672716673,-8.578627544469725],[-172.5080607993428,-8.578449956483723],[-172.50810905966466,-8.57840885035057],[-172.50815063087123,-8.578361129930215],[-172.50828872272146,-8.578320023787455],[-172.5083302939281,-8.578272303356073],[-172.50861222917106,-8.578231197203593],[-172.50868962004168,-8.578320023787455],[-172.50879189222795,-8.578361129930215],[-172.50886928309856,-8.578272303356073]]],[[[-172.48594145775013,-8.577274656540112],[-172.486048977054,-8.57730505521863],[-172.4859728527289,-8.577383234080855],[-172.48594145775013,-8.577274656540112]]],[[[-172.49630282603349,-8.576990686031877],[-172.49638188918286,-8.577065959001686],[-172.49627208351757,-8.577097002862786],[-172.49630282603349,-8.576990686031877]]],[[[-172.50687220387016,-8.577185829711823],[-172.5066925408134,-8.577185829711823],[-172.5066925408134,-8.577097002862786],[-172.50660270928503,-8.577097002862786],[-172.50660270928503,-8.577008175993],[-172.5065128777565,-8.577008175993],[-172.5065128777565,-8.576919349102354],[-172.50640232641945,-8.57688643478724],[-172.50649209215322,-8.576809969037356],[-172.5065336633598,-8.576762248416117],[-172.50726475624495,-8.576721142100325],[-172.50734214711554,-8.576809969037356],[-172.50765990202257,-8.57685107534354],[-172.50770147322922,-8.576898795953468],[-172.50783956507942,-8.576939902250047],[-172.507881136286,-8.577041030660325],[-172.50779130475757,-8.577117556000871],[-172.5077497335511,-8.577165276577432],[-172.5074111930406,-8.577185829711823],[-172.5071416984554,-8.577185829711823],[-172.5071416984554,-8.577274656540112],[-172.50687220387016,-8.577274656540112],[-172.50687220387016,-8.577185829711823]]],[[[-172.49474494753457,-8.576475214337734],[-172.4950144421198,-8.576475214337734],[-172.49519410517667,-8.576475214337734],[-172.49519410517667,-8.576564041332233],[-172.4950144421198,-8.576564041332233],[-172.4950144421198,-8.576830522190903],[-172.49492461059137,-8.576830522190903],[-172.49492461059137,-8.576919349102354],[-172.49474494753457,-8.576919349102354],[-172.49474494753457,-8.577008175993],[-172.49456528447777,-8.577008175993],[-172.49456528447777,-8.576564041332233],[-172.49474494753457,-8.576564041332233],[-172.49474494753457,-8.576475214337734]]],[[[-172.4874685937332,-8.576564041332233],[-172.4874685937332,-8.576297560286605],[-172.48755842526157,-8.576297560286605],[-172.48755842526157,-8.576564041332233],[-172.4874685937332,-8.576564041332233]]],[[[-172.49312798002313,-8.5761199061522],[-172.49312798002313,-8.576031079054076],[-172.49330764308002,-8.576031079054076],[-172.49330764308002,-8.5761199061522],[-172.49312798002313,-8.5761199061522]]],[[[-172.48874702621708,-8.575696323668183],[-172.48879527557324,-8.575655217237113],[-172.48883685774553,-8.575518669252801],[-172.48888510710168,-8.575477562802405],[-172.48893917927776,-8.575299973343704],[-172.48901652080232,-8.575388735553929],[-172.48906477015848,-8.575429842013932],[-172.48910635233085,-8.575477562802405],[-172.4893342647437,-8.575518669252801],[-172.48937584691598,-8.57556639003019],[-172.48951392780057,-8.575607496470866],[-172.48955550997286,-8.575655217237113],[-172.48960375932893,-8.575696323668183],[-172.4896453415013,-8.575744044423175],[-172.48971438194346,-8.575764597634588],[-172.4897331333978,-8.57569431226159],[-172.4898219670418,-8.575631356854728],[-172.48969662837365,-8.575542529642235],[-172.48978546201764,-8.575479574210249],[-172.48982296492625,-8.575427830605804],[-172.48996035496762,-8.57539074696217],[-172.49000262798302,-8.57571947381939],[-172.4899127964546,-8.575783139438556],[-172.489875293546,-8.576012537262045],[-172.4898042134719,-8.576031079054076],[-172.4898042134719,-8.576297560286605],[-172.48971438194346,-8.576297560286605],[-172.48971438194346,-8.576652868305814],[-172.4896245504151,-8.576652868305814],[-172.4896245504151,-8.57754113690038],[-172.48971438194346,-8.57754113690038],[-172.48971438194346,-8.577896443756515],[-172.4896245504151,-8.577896443756515],[-172.4896245504151,-8.578251750280344],[-172.48953471888666,-8.578251750280344],[-172.48953471888666,-8.578340576859432],[-172.48944488735825,-8.578340576859432],[-172.48944488735825,-8.578429403417545],[-172.48926522430145,-8.578429403417545],[-172.48926522430145,-8.578340576859432],[-172.4891753927731,-8.578340576859432],[-172.48863640360256,-8.578340576859432],[-172.48863640360256,-8.578251750280344],[-172.4882770774889,-8.578251750280344],[-172.4882770774889,-8.578162923680622],[-172.48809741443202,-8.578162923680622],[-172.48809741443202,-8.578074097060039],[-172.4879177513753,-8.578074097060039],[-172.4879177513753,-8.577985270418651],[-172.48782791984678,-8.577985270418651],[-172.48782791984678,-8.577807617073688],[-172.48773808831845,-8.577807617073688],[-172.48773808831845,-8.577629963645563],[-172.48782791984678,-8.577629963645563],[-172.48782791984678,-8.57745231013439],[-172.4879177513753,-8.57745231013439],[-172.4879177513753,-8.57736348334754],[-172.48800758290366,-8.57736348334754],[-172.48800758290366,-8.577274656540112],[-172.48809741443202,-8.577274656540112],[-172.48809741443202,-8.577185829711823],[-172.4882770774889,-8.577185829711823],[-172.4882770774889,-8.577008175993],[-172.48836690901734,-8.577008175993],[-172.48836690901734,-8.576830522190903],[-172.48845674054567,-8.576830522190903],[-172.48845674054567,-8.576741695258818],[-172.4885465720742,-8.576741695258818],[-172.4885465720742,-8.576652868305814],[-172.48863640360256,-8.576652868305814],[-172.48863640360256,-8.576564041332233],[-172.488726235131,-8.576564041332233],[-172.488726235131,-8.576475214337734],[-172.48874702621708,-8.575696323668183]]],[[[-172.47848544089197,-8.575853424795127],[-172.4783057778352,-8.575853424795127],[-172.4783057778352,-8.575586943250926],[-172.47832778612096,-8.575342223768018],[-172.47837360107778,-8.575298699270775],[-172.47845762075193,-8.575212230371449],[-172.47848544089197,-8.575409288784499],[-172.47857527242041,-8.575409288784499],[-172.47857527242041,-8.575675770453131],[-172.47864431286268,-8.575696323668183],[-172.47868589503506,-8.57579745240946],[-172.47859606350653,-8.575873978000516],[-172.47851872198194,-8.575962740076648],[-172.47848544089197,-8.575853424795127]]],[[[-172.48594145775013,-8.577274656540112],[-172.4858732287744,-8.577296017480876],[-172.48583002366914,-8.577342122410698],[-172.48551390266076,-8.577384844283245],[-172.48547069755557,-8.577430949202494],[-172.48537426463793,-8.57747367106515],[-172.4852910344987,-8.577384844283245],[-172.4850230202914,-8.577334244887254],[-172.4851113714419,-8.577253295598211],[-172.48515457654707,-8.5770295369486],[-172.48520120297025,-8.576986815036094],[-172.48524440807552,-8.576851883156621],[-172.4852910344987,-8.576809161224048],[-172.48531263705124,-8.576741695258818],[-172.48531263705124,-8.576652868305814],[-172.48540246857976,-8.576652868305814],[-172.48540246857976,-8.576564041332233],[-172.48549230010812,-8.576564041332233],[-172.48549230010812,-8.576475214337734],[-172.48558213163656,-8.576475214337734],[-172.48558213163656,-8.5763863873226],[-172.48567196316498,-8.5763863873226],[-172.4856927542511,-8.576318113467892],[-172.48574100360725,-8.576277007104068],[-172.48578258577953,-8.576087051405295],[-172.4856927542511,-8.576010525857043],[-172.48565117207872,-8.575376433975919],[-172.48574100360725,-8.575299908284705],[-172.4857950757833,-8.57512231874307],[-172.48587241730786,-8.575211080994734],[-172.48592066666401,-8.575252187473893],[-172.4859622488364,-8.575388735553929],[-172.48601049819237,-8.575429842013932],[-172.48605208036474,-8.57556639003019],[-172.4861003297209,-8.575607496470866],[-172.48614191189318,-8.57579745240946],[-172.48605208036474,-8.575873978000516],[-172.48601049819237,-8.576099352960227],[-172.4859622488364,-8.576140459343264],[-172.48592066666401,-8.576774549949334],[-172.48601049819237,-8.57685107534354],[-172.48605208036474,-8.57712985752255],[-172.4859622488364,-8.577206382845077],[-172.48594145775013,-8.577274656540112]]],[[[-172.48376470998213,-8.577206382845077],[-172.48344696604084,-8.577165276577432],[-172.48340538386847,-8.577117556000871],[-172.48322579757198,-8.57706408856302],[-172.48331555234003,-8.576987622848833],[-172.4833571345124,-8.57685107534354],[-172.48340538386847,-8.576809969037356],[-172.48344696604084,-8.576673421468115],[-172.4834952153969,-8.576632315142547],[-172.4835367975692,-8.576495767509527],[-172.48358504692536,-8.576454661164803],[-172.48362662909764,-8.576318113467892],[-172.48367487845368,-8.576277007104068],[-172.48371646062597,-8.575696323668183],[-172.48376470998213,-8.575655217237113],[-172.4838062921545,-8.575341014754315],[-172.48385454151057,-8.575299908284705],[-172.48389612368285,-8.57516336017278],[-172.48394437303892,-8.575122253683901],[-172.4839859552112,-8.575074532850863],[-172.48403420456737,-8.57503342635249],[-172.48409991141773,-8.57495801743994],[-172.48416561826818,-8.57503342635249],[-172.48421386762425,-8.575074532850863],[-172.4842554497965,-8.575211080994734],[-172.48430369915258,-8.575252187473893],[-172.48434528132486,-8.575886279562383],[-172.4842554497965,-8.575962805135475],[-172.48421386762425,-8.576774549949334],[-172.48430369915258,-8.57685107534354],[-172.48434528132486,-8.576898795953468],[-172.4844215372391,-8.576963762550179],[-172.4843172747669,-8.57705258943048],[-172.48443503609303,-8.577152915419845],[-172.4842554497965,-8.577206382845077],[-172.48421386762425,-8.57725410341044],[-172.48378550106833,-8.577274656540112],[-172.48376470998213,-8.577206382845077]]],[[[-172.48003132832932,-8.575783139438556],[-172.4800836569491,-8.575746055829597],[-172.48012115985767,-8.57569431226159],[-172.48017348847762,-8.575657228643877],[-172.48021099138612,-8.575605485063818],[-172.48026332000595,-8.575568401437408],[-172.48030082291456,-8.575516657845242],[-172.4803531515343,-8.575479574210249],[-172.4803906544429,-8.575339003345675],[-172.48044298306274,-8.575301919693345],[-172.48048048597136,-8.57525017606497],[-172.4805328145912,-8.575213092403942],[-172.48057031749977,-8.575161348763288],[-172.48062264611963,-8.57512426509362],[-172.48066014902813,-8.575072521440859],[-172.48071247764796,-8.575035437762551],[-172.48077614486658,-8.574947597140465],[-172.480839812085,-8.575035437762551],[-172.48089214070484,-8.575072521440859],[-172.48092964361345,-8.576190191446585],[-172.48101847725735,-8.576253146760791],[-172.48092964361345,-8.576316102064595],[-172.48089214070484,-8.576545499566294],[-172.4807312291023,-8.576564041332233],[-172.4807312291023,-8.576652868305814],[-172.48064139757398,-8.576652868305814],[-172.4802820714602,-8.576652868305814],[-172.4802820714602,-8.576564041332233],[-172.4801024084034,-8.576564041332233],[-172.4801024084034,-8.576475214337734],[-172.47992274534656,-8.576475214337734],[-172.47992274534656,-8.5763863873226],[-172.4798329138182,-8.5763863873226],[-172.4798329138182,-8.576031079054076],[-172.47992274534656,-8.576031079054076],[-172.47992274534656,-8.575942251934976],[-172.47992274534656,-8.575853424795127],[-172.48001257687508,-8.575853424795127],[-172.48003132832932,-8.575783139438556]]],[[[-172.47765820568196,-8.57569431226159],[-172.47756937203798,-8.575631356854728],[-172.47765820568196,-8.575568401437408],[-172.47769570859057,-8.57525017606497],[-172.4777480372104,-8.575213092403942],[-172.477785540119,-8.574806039349028],[-172.4779277002673,-8.574768955644743],[-172.47796520317587,-8.574717211943664],[-172.478015897897,-8.574680128230625],[-172.47803628324988,-8.575142806928966],[-172.47803628324988,-8.575409288784499],[-172.47803628324988,-8.575586943250926],[-172.47803628324988,-8.575675770453131],[-172.47801753179562,-8.575746055829597],[-172.47772258567502,-8.575783139438556],[-172.47765820568196,-8.57569431226159]]],[[[-172.48080026954457,-8.57480805076051],[-172.48071166618152,-8.574732565901002],[-172.4808763390407,-8.574678116818689],[-172.48093168324527,-8.574843394129516],[-172.48082106063066,-8.574876324886418],[-172.48080026954457,-8.57480805076051]]],[[[-172.4750718428123,-8.575231634234854],[-172.4750718428123,-8.574609842657082],[-172.47525150586918,-8.574609842657082],[-172.47525150586918,-8.575231634234854],[-172.4750718428123,-8.575231634234854]]],[[[-172.4799039938923,-8.57459130079576],[-172.4799676611108,-8.574503460071014],[-172.48003132832932,-8.57459130079576],[-172.48012016197325,-8.574654256374913],[-172.48003132832932,-8.574717211943664],[-172.47999382542073,-8.57512426509362],[-172.4799414968009,-8.575161348763288],[-172.4799039938923,-8.575213092403942],[-172.47985166527255,-8.57525017606497],[-172.47981416236394,-8.57539074696217],[-172.47976183374402,-8.575427830605804],[-172.4797243308354,-8.575479574210249],[-172.4796090477717,-8.575516657845242],[-172.47954466777873,-8.575427830605804],[-172.47940250763045,-8.57539074696217],[-172.47936500472184,-8.575339003345675],[-172.479312676102,-8.575301919693345],[-172.4792751731934,-8.574921448801774],[-172.47936500472184,-8.57485778303817],[-172.47940250763045,-8.574806039349028],[-172.47954466777873,-8.574768955644743],[-172.4795821706873,-8.574717211943664],[-172.47974308228976,-8.574698670087628],[-172.47974308228976,-8.574609842657082],[-172.4798329138182,-8.574609842657082],[-172.4799039938923,-8.57459130079576]]],[[[-172.48252785967054,-8.574432187733748],[-172.48263537897424,-8.574462586639527],[-172.48255925464926,-8.574540766086727],[-172.48252785967054,-8.574432187733748]]],[[[-172.48207870202845,-8.575053979602217],[-172.48207870202845,-8.574876324886418],[-172.48207870202845,-8.574698670087628],[-172.48210459219436,-8.574410794102334],[-172.48219054184273,-8.574499252910812],[-172.4823261883279,-8.57454277749946],[-172.48234819661366,-8.574698670087628],[-172.4824380281421,-8.574698670087628],[-172.4824380281421,-8.574787497497482],[-172.48261769119898,-8.574787497497482],[-172.48261769119898,-8.57496515225472],[-172.48270752272742,-8.57496515225472],[-172.48270752272742,-8.576475214337734],[-172.48281936254162,-8.576511099708682],[-172.48277054296588,-8.576939788397226],[-172.48268551444156,-8.576852284352412],[-172.48261769119898,-8.576830522190903],[-172.48261769119898,-8.577008175993],[-172.48234819661366,-8.577008175993],[-172.48234819661366,-8.576919349102354],[-172.48189903897165,-8.576919349102354],[-172.48189903897165,-8.576830522190903],[-172.4818092074432,-8.576830522190903],[-172.48162954438644,-8.576830522190903],[-172.48162954438644,-8.576741695258818],[-172.481539712858,-8.576741695258818],[-172.481539712858,-8.5761199061522],[-172.48162954438644,-8.5761199061522],[-172.48162954438644,-8.575942251934976],[-172.48171937591488,-8.575942251934976],[-172.48171937591488,-8.575853424795127],[-172.4818092074432,-8.575853424795127],[-172.4818092074432,-8.575675770453131],[-172.48189903897165,-8.575675770453131],[-172.48189903897165,-8.575498116028086],[-172.4819888705001,-8.575498116028086],[-172.4819888705001,-8.575231634234854],[-172.48207870202845,-8.575231634234854],[-172.48207870202845,-8.575053979602217]]],[[[-172.48252785967054,-8.574432187733748],[-172.4824380281421,-8.574432187733748],[-172.4824380281421,-8.574343360240846],[-172.48252785967054,-8.574343360240846],[-172.48252785967054,-8.574432187733748]]],[[[-172.482019607533,-8.574237042639368],[-172.48209867068246,-8.574312316154874],[-172.4819888705001,-8.574343360240846],[-172.482019607533,-8.574237042639368]]],[[[-172.4824380281421,-8.574343360240846],[-172.48233050883843,-8.574312961325461],[-172.4824066331634,-8.574234781831365],[-172.4824380281421,-8.574343360240846]]],[[[-172.47805829153575,-8.57427629503627],[-172.47810410649254,-8.57423277041687],[-172.4781904180111,-8.574143942877527],[-172.47832778612096,-8.574207988272917],[-172.47827760679067,-8.57454005585754],[-172.4781596919439,-8.5744187042161],[-172.47810410649254,-8.574588080367164],[-172.47803628324988,-8.574609842657082],[-172.47805829153575,-8.57427629503627]]],[[[-172.48019223993177,-8.574076877637765],[-172.48019223993177,-8.574432187733748],[-172.4801024084034,-8.574432187733748],[-172.4801024084034,-8.574076877637765],[-172.48019223993177,-8.574076877637765]]],[[[-172.48228910211833,-8.574059387541695],[-172.4823681652676,-8.574134661092387],[-172.48225836508533,-8.574165705192911],[-172.48228910211833,-8.574059387541695]]],[[[-172.50723152998393,-8.575409288784499],[-172.5071416984554,-8.575409288784499],[-172.5071416984554,-8.575320461519993],[-172.5069620353986,-8.575320461519993],[-172.50687220387016,-8.575320461519993],[-172.50687220387016,-8.575231634234854],[-172.5066925408134,-8.575231634234854],[-172.5066925408134,-8.575142806928966],[-172.50642304622806,-8.575142806928966],[-172.50642304622806,-8.575053979602217],[-172.5063332146997,-8.575053979602217],[-172.5063332146997,-8.57496515225472],[-172.50624338317135,-8.57496515225472],[-172.50624338317135,-8.574876324886418],[-172.50615355164283,-8.574876324886418],[-172.50615355164283,-8.574698670087628],[-172.50615355164283,-8.574609842657082],[-172.5060637201145,-8.574609842657082],[-172.5060637201145,-8.574521015205733],[-172.5059926400404,-8.574502473340146],[-172.5059551371318,-8.574450729602688],[-172.50581297698352,-8.574413645863672],[-172.505775474075,-8.574361902114276],[-172.50572314545508,-8.574324818366563],[-172.50568564254647,-8.574273074604946],[-172.50559680890257,-8.57421011896264],[-172.50568564254647,-8.574147163309874],[-172.50572314545508,-8.574095419524099],[-172.505775474075,-8.574058335750408],[-172.50581297698352,-8.574006591952582],[-172.50586530560335,-8.573969508170194],[-172.50590280851196,-8.573917764360147],[-172.50619774914964,-8.573880680569175],[-172.50626213462562,-8.573969508170194],[-172.5064042947738,-8.574006591952582],[-172.50642304622806,-8.574076877637765],[-172.50660270928503,-8.574076877637765],[-172.5066925408134,-8.574076877637765],[-172.5066925408134,-8.574165705192911],[-172.50678237234172,-8.574165705192911],[-172.50687220387016,-8.574165705192911],[-172.50687220387016,-8.574254532727252],[-172.5069620353986,-8.574254532727252],[-172.5069620353986,-8.574343360240846],[-172.50705186692696,-8.574343360240846],[-172.5071416984554,-8.574343360240846],[-172.5071416984554,-8.574432187733748],[-172.50723152998393,-8.574432187733748],[-172.50723152998393,-8.574521015205733],[-172.5074111930406,-8.574521015205733],[-172.50768068762594,-8.574521015205733],[-172.50768068762594,-8.574609842657082],[-172.50812984526794,-8.574609842657082],[-172.50812984526794,-8.574698670087628],[-172.50830950832474,-8.574698670087628],[-172.50830950832474,-8.574787497497482],[-172.5084891713816,-8.574787497497482],[-172.5084891713816,-8.57496515225472],[-172.50857900290995,-8.57496515225472],[-172.50857900290995,-8.575053979602217],[-172.50857900290995,-8.575142806928966],[-172.5086688344384,-8.575142806928966],[-172.5086688344384,-8.575320461519993],[-172.50875866596684,-8.575320461519993],[-172.50875866596684,-8.575498116028086],[-172.5086688344384,-8.575498116028086],[-172.5086688344384,-8.575586943250926],[-172.5084891713816,-8.575586943250926],[-172.5084891713816,-8.575675770453131],[-172.50830950832474,-8.575675770453131],[-172.50830950832474,-8.575764597634588],[-172.50812984526794,-8.575764597634588],[-172.50812984526794,-8.575853424795127],[-172.50723152998393,-8.575853424795127],[-172.50723152998393,-8.575409288784499]]],[[[-172.48088888387323,-8.57427629503627],[-172.48079961159877,-8.574191479492868],[-172.4808465889264,-8.57361097720468],[-172.48093290044497,-8.573699804868738],[-172.48097871540176,-8.573743329549018],[-172.4810227319734,-8.574055115317265],[-172.48106854693012,-8.574098639956958],[-172.48111256350174,-8.574279781126052],[-172.4810227319734,-8.574365122544805],[-172.48097871540176,-8.574499252910812],[-172.4809108921591,-8.574521015205733],[-172.48088888387323,-8.57427629503627]]],[[[-172.47688722483488,-8.574095419524099],[-172.47693955345463,-8.574058335750408],[-172.47697705636324,-8.574006591952582],[-172.47702938498307,-8.573969508170194],[-172.47706688789168,-8.573828936747077],[-172.4771192165115,-8.573791852947409],[-172.47715671942012,-8.573384798370228],[-172.47720904803995,-8.573347714527245],[-172.47727271525838,-8.573259873514985],[-172.47733638247698,-8.573347714527245],[-172.47738871109672,-8.573384798370228],[-172.47742621400533,-8.573587615482268],[-172.47733638247698,-8.573651281458638],[-172.4772988795684,-8.574031753622023],[-172.47738871109672,-8.574095419524099],[-172.47742621400533,-8.574920028344593],[-172.47733638247698,-8.574983694097796],[-172.4772988795684,-8.575568401437408],[-172.47724655094845,-8.575605485063818],[-172.47720904803995,-8.575657228643877],[-172.47704813643733,-8.575675770453131],[-172.47668881032376,-8.575675770453131],[-172.47668881032376,-8.575586943250926],[-172.47659897879532,-8.575586943250926],[-172.47659897879532,-8.575498116028086],[-172.47650914726697,-8.575498116028086],[-172.47650914726697,-8.575409288784499],[-172.47650914726697,-8.574876324886418],[-172.47659897879532,-8.574876324886418],[-172.47659897879532,-8.574521015205733],[-172.47668881032376,-8.574521015205733],[-172.47668881032376,-8.574343360240846],[-172.4767786418521,-8.574343360240846],[-172.4767786418521,-8.574254532727252],[-172.47686847338062,-8.574254532727252],[-172.47688722483488,-8.574095419524099]]],[[[-172.48019223993177,-8.574076877637765],[-172.48019223993177,-8.573899222465116],[-172.47992274534656,-8.573899222465116],[-172.47992274534656,-8.573810394847783],[-172.4798329138182,-8.573810394847783],[-172.4798329138182,-8.573632739550533],[-172.47974308228976,-8.573632739550533],[-172.47967363611428,-8.573652891677],[-172.47960000101742,-8.573740542842017],[-172.47945320235158,-8.573686370119674],[-172.47954303388002,-8.5736125874231],[-172.47956341923296,-8.573543911870843],[-172.47947358770455,-8.573543911870843],[-172.47947358770455,-8.573455084170462],[-172.47956341923296,-8.573455084170462],[-172.47956341923296,-8.573277428707115],[-172.47965325076132,-8.573277428707115],[-172.47965325076132,-8.573188600944377],[-172.47974308228976,-8.573188600944377],[-172.47981416236394,-8.573170059013648],[-172.47985166527255,-8.573029487295003],[-172.48016359735954,-8.572992403417345],[-172.48021099138612,-8.573170059013648],[-172.48026332000595,-8.57320714287414],[-172.48030082291456,-8.573525369957508],[-172.48038965655846,-8.573588325713331],[-172.48030082291456,-8.573651281458638],[-172.48026332000595,-8.573854098428455],[-172.48038965655846,-8.573943636266108],[-172.48030082291456,-8.574006591952582],[-172.48026332000595,-8.574058335750408],[-172.48019223993177,-8.574076877637765]]],[[[-172.4783057778352,-8.572922117531618],[-172.47848544089197,-8.572922117531618],[-172.47848544089197,-8.573010945356543],[-172.47857527242041,-8.573010945356543],[-172.47857527242041,-8.573099773160777],[-172.47866510394877,-8.573099773160777],[-172.47866510394877,-8.573277428707115],[-172.47857527242041,-8.573277428707115],[-172.47857527242041,-8.573455084170462],[-172.47848544089197,-8.573455084170462],[-172.47848544089197,-8.573543911870843],[-172.47821594630676,-8.573543911870843],[-172.47821594630676,-8.573455084170462],[-172.4781261147784,-8.573455084170462],[-172.4781261147784,-8.573099773160777],[-172.47821594630676,-8.573099773160777],[-172.47821594630676,-8.573010945356543],[-172.4783057778352,-8.573010945356543],[-172.4783057778352,-8.572922117531618]]],[[[-172.47381420141463,-8.572744461819184],[-172.47390403294298,-8.572744461819184],[-172.4739938644714,-8.572744461819184],[-172.4739938644714,-8.572833289685775],[-172.47408369599984,-8.572833289685775],[-172.4741735275282,-8.572833289685775],[-172.4741735275282,-8.572922117531618],[-172.4741735275282,-8.573010945356543],[-172.47426335905664,-8.573010945356543],[-172.47435319058508,-8.573010945356543],[-172.47435319058508,-8.573099773160777],[-172.47435319058508,-8.573188600944377],[-172.47444302211343,-8.573188600944377],[-172.47444302211343,-8.573543911870843],[-172.47435319058508,-8.573543911870843],[-172.47435319058508,-8.573899222465116],[-172.47435319058508,-8.5739880500617],[-172.47426335905664,-8.5739880500617],[-172.47426335905664,-8.574076877637765],[-172.47435319058508,-8.574076877637765],[-172.47435319058508,-8.574343360240846],[-172.47444302211343,-8.574343360240846],[-172.47444302211343,-8.574432187733748],[-172.47446177356775,-8.574502473340146],[-172.4745141021876,-8.574539557070466],[-172.4745516050962,-8.574768955644743],[-172.4746404387402,-8.574831911194508],[-172.4745516050962,-8.574894866733871],[-172.4745141021876,-8.575213092403942],[-172.47444302211343,-8.575231634234854],[-172.47444302211343,-8.575320461519993],[-172.47426335905664,-8.575320461519993],[-172.47426335905664,-8.575409288784499],[-172.47381420141463,-8.575409288784499],[-172.47381420141463,-8.575320461519993],[-172.4735447068294,-8.575320461519993],[-172.4735447068294,-8.575231634234854],[-172.47336504377262,-8.575231634234854],[-172.47336504377262,-8.57496515225472],[-172.47345487530094,-8.57496515225472],[-172.47345487530094,-8.574698670087628],[-172.4735447068294,-8.574698670087628],[-172.4735447068294,-8.574609842657082],[-172.4735447068294,-8.574076877637765],[-172.47363453835774,-8.574076877637765],[-172.47363453835774,-8.573455084170462],[-172.47363453835774,-8.573188600944377],[-172.47363453835774,-8.572922117531618],[-172.47372436988618,-8.572922117531618],[-172.47372436988618,-8.572833289685775],[-172.47381420141463,-8.572833289685775],[-172.47381420141463,-8.572744461819184]]],[[[-172.47860600945342,-8.572460487925355],[-172.4786850726028,-8.572535761792665],[-172.47857527242041,-8.572566806023758],[-172.47860600945342,-8.572460487925355]]],[[[-172.47722779949422,-8.572566806023758],[-172.47713796796586,-8.572566806023758],[-172.47713796796586,-8.57238915014534],[-172.47704813643733,-8.57238915014534],[-172.47704813643733,-8.571945010085926],[-172.47722779949422,-8.571945010085926],[-172.47722779949422,-8.572033838139305],[-172.47731763102263,-8.572033838139305],[-172.47731763102263,-8.572122666171936],[-172.47740746255099,-8.572122666171936],[-172.47740746255099,-8.572211494183819],[-172.47758712560787,-8.572211494183819],[-172.47758712560787,-8.572566806023758],[-172.4774972940795,-8.572566806023758],[-172.4774972940795,-8.572744461819184],[-172.47731763102263,-8.572744461819184],[-172.47731763102263,-8.572655633931845],[-172.47722779949422,-8.572655633931845],[-172.47722779949422,-8.572566806023758]]],[[[-172.50771143014174,-8.571394551110984],[-172.5077904932911,-8.57146982518941],[-172.50768068762594,-8.571500869507588],[-172.50771143014174,-8.571394551110984]]],[[[-172.5098628744123,-8.571311101178878],[-172.5101277414456,-8.57135109664307],[-172.51003790991726,-8.571433402599837],[-172.509994704812,-8.571479508241111],[-172.50983664430774,-8.571500869507588],[-172.5098628744123,-8.571311101178878]]],[[[-172.47381420141463,-8.5718561820118],[-172.47372436988618,-8.5718561820118],[-172.47372436988618,-8.571767353916869],[-172.47363453835774,-8.571767353916869],[-172.47363453835774,-8.571500869507588],[-172.47363453835774,-8.571234384911463],[-172.4739938644714,-8.571234384911463],[-172.4739938644714,-8.571500869507588],[-172.4739938644714,-8.5718561820118],[-172.47390403294298,-8.5718561820118],[-172.47390403294298,-8.572033838139305],[-172.47381420141463,-8.572033838139305],[-172.47381420141463,-8.5718561820118]]],[[[-172.47509059426665,-8.571252926936381],[-172.4751429228865,-8.571215842885351],[-172.475180425795,-8.571164098700592],[-172.47523275441483,-8.571127014640922],[-172.47529642163337,-8.571039173115537],[-172.4753600888519,-8.571127014640922],[-172.47550224900007,-8.571164098700592],[-172.47552100045442,-8.571323213130995],[-172.47552100045442,-8.571412041329609],[-172.47543116892598,-8.571412041329609],[-172.47543116892598,-8.571500869507588],[-172.47543116892598,-8.571678525801246],[-172.47534133739754,-8.571678525801246],[-172.47534133739754,-8.571767353916869],[-172.47525150586918,-8.571767353916869],[-172.47525150586918,-8.571945010085926],[-172.47498201128397,-8.571945010085926],[-172.47498201128397,-8.5718561820118],[-172.47489217975553,-8.5718561820118],[-172.47489217975553,-8.571500869507588],[-172.47498201128397,-8.571500869507588],[-172.47498201128397,-8.571412041329609],[-172.47498201128397,-8.571323213130995],[-172.4750718428123,-8.571323213130995],[-172.47509059426665,-8.571252926936381]]],[[[-172.50938748666573,-8.571767353916869],[-172.50940623811996,-8.572370608175675],[-172.50945856673982,-8.572407692114098],[-172.5094960696484,-8.572637091975253],[-172.50958590117685,-8.572700758110898],[-172.50954839826827,-8.57281474773771],[-172.5094960696484,-8.572851831632647],[-172.50945856673982,-8.572992403417345],[-172.50936873521138,-8.573056069493418],[-172.50940623811996,-8.57325888678082],[-172.50945856673982,-8.573295970632557],[-172.5094960696484,-8.57343654225275],[-172.5096757327052,-8.57348341209837],[-172.50963822979668,-8.573525369957508],[-172.50940623811996,-8.573562453783211],[-172.50936873521138,-8.573703025304837],[-172.5092265750632,-8.573740109113317],[-172.50916290784468,-8.573827950014504],[-172.50909924062614,-8.573740109113317],[-172.5090469120063,-8.573703025304837],[-172.5090094090978,-8.573651281458638],[-172.50857900290995,-8.573632739550533],[-172.50768068762594,-8.573632739550533],[-172.5074111930406,-8.573632739550533],[-172.5074111930406,-8.573543911870843],[-172.50723152998393,-8.573543911870843],[-172.50723152998393,-8.573455084170462],[-172.50705186692696,-8.573455084170462],[-172.50705186692696,-8.573188600944377],[-172.5071416984554,-8.573188600944377],[-172.5071416984554,-8.573010945356543],[-172.50732136151225,-8.573010945356543],[-172.50732136151225,-8.572922117531618],[-172.5074111930406,-8.572922117531618],[-172.5074111930406,-8.572833289685775],[-172.50750102456905,-8.572833289685775],[-172.50750102456905,-8.572566806023758],[-172.5075908560975,-8.572566806023758],[-172.5075908560975,-8.57230032217501],[-172.5075226271217,-8.57227896095344],[-172.50747942201642,-8.57218361073484],[-172.50756925354486,-8.572101304940418],[-172.50761245865004,-8.572055199374631],[-172.5076590850733,-8.572012476902842],[-172.50770229017849,-8.571966371326255],[-172.50783874813007,-8.57192364884446],[-172.50788195323534,-8.571788715167202],[-172.5079285796585,-8.571745992665342],[-172.5079717847637,-8.571699887056468],[-172.5081082427153,-8.571657164544717],[-172.50815144782058,-8.571522230772871],[-172.50819807424375,-8.571479508241111],[-172.50824127934894,-8.571433402599837],[-172.5082879057722,-8.571390680058187],[-172.50833111087738,-8.571255746191696],[-172.50850507722046,-8.571201280346372],[-172.50838069257364,-8.57108732276538],[-172.5086072013689,-8.571035367118839],[-172.50869043699095,-8.571124195384755],[-172.50882689494273,-8.571166917956532],[-172.50887010004791,-8.571213023630037],[-172.509056359011,-8.571255746191696],[-172.50913959463304,-8.571166917956532],[-172.5091862210563,-8.571124195384755],[-172.5092641766636,-8.571041000210812],[-172.50931925768992,-8.571213023630037],[-172.5093658841131,-8.571255746191696],[-172.50940908921837,-8.571390680058187],[-172.50954554716995,-8.571433402599837],[-172.50958875227514,-8.571528753006703],[-172.5094989207467,-8.571611058925043],[-172.50945571564154,-8.571745992665342],[-172.50938748666573,-8.571767353916869]],[[-172.50884849749528,-8.57238915014534],[-172.50875866596684,-8.57238915014534],[-172.50875866596684,-8.572211494183819],[-172.5086688344384,-8.572211494183819],[-172.5086688344384,-8.572122666171936],[-172.50812984526794,-8.572122666171936],[-172.50812984526794,-8.572211494183819],[-172.50812984526794,-8.57230032217501],[-172.5080400137395,-8.57230032217501],[-172.5080400137395,-8.572566806023758],[-172.50795018221115,-8.572566806023758],[-172.50795018221115,-8.572744461819184],[-172.5080400137395,-8.572744461819184],[-172.5080400137395,-8.572833289685775],[-172.50812984526794,-8.572833289685775],[-172.50812984526794,-8.572922117531618],[-172.50830950832474,-8.572922117531618],[-172.50830950832474,-8.572833289685775],[-172.5084891713816,-8.572833289685775],[-172.5084891713816,-8.572744461819184],[-172.50857900290995,-8.572744461819184],[-172.50857900290995,-8.572655633931845],[-172.5086688344384,-8.572655633931845],[-172.5086688344384,-8.572566806023758],[-172.50884849749528,-8.572566806023758],[-172.50884849749528,-8.57238915014534]]],[[[-172.4751396660549,-8.570566041893755],[-172.47527703416483,-8.570501995884626],[-172.4753633456834,-8.570590824275314],[-172.4754091606402,-8.570634349311604],[-172.47545317721185,-8.57067965264514],[-172.47549899216855,-8.570723177671312],[-172.47556591621859,-8.570792054334333],[-172.47567274467934,-8.57068211407551],[-172.47572267179706,-8.57102888824977],[-172.47552100045442,-8.571056728410326],[-172.47549899216855,-8.570989662625777],[-172.47545317721185,-8.57094613763013],[-172.4754091606402,-8.570900834328313],[-172.47518368262652,-8.570857309322491],[-172.4751396660549,-8.570566041893755]]],[[[-172.4735447068294,-8.569901959128913],[-172.4739938644714,-8.569901959128913],[-172.4739938644714,-8.56999078765972],[-172.47408369599984,-8.56999078765972],[-172.47408369599984,-8.570257273127538],[-172.4739938644714,-8.570257273127538],[-172.4739938644714,-8.570701415158794],[-172.47390403294298,-8.570701415158794],[-172.47390403294298,-8.570790243502756],[-172.47363453835774,-8.570790243502756],[-172.47363453835774,-8.570879071826027],[-172.4735447068294,-8.570879071826027],[-172.4735447068294,-8.570967900128608],[-172.47336504377262,-8.570967900128608],[-172.47336504377262,-8.570434930002364],[-172.47345487530094,-8.570434930002364],[-172.47345487530094,-8.570257273127538],[-172.4735447068294,-8.570257273127538],[-172.4735447068294,-8.569901959128913]]],[[[-172.51091462264864,-8.567237093555946],[-172.5112739487623,-8.567237093555946],[-172.5112739487623,-8.56732592270913],[-172.51136378029082,-8.56732592270913],[-172.51136378029082,-8.567503580953542],[-172.51136378029082,-8.567947726201396],[-172.51145361181918,-8.567947726201396],[-172.51145361181918,-8.568391870930384],[-172.51154344334762,-8.568391870930384],[-172.51154344334762,-8.568569528676846],[-172.51145361181918,-8.568569528676846],[-172.51145361181918,-8.568658357518757],[-172.51145361181918,-8.56892484392057],[-172.51136378029082,-8.56892484392057],[-172.51136378029082,-8.569102501418001],[-172.51118411723394,-8.569102501418001],[-172.51109428570552,-8.569102501418001],[-172.51100445417717,-8.569102501418001],[-172.51082479112029,-8.569102501418001],[-172.51082479112029,-8.569013672679603],[-172.51055529653507,-8.569013672679603],[-172.51055529653507,-8.56892484392057],[-172.51010613889304,-8.56892484392057],[-172.50983664430774,-8.56892484392057],[-172.50974681277938,-8.56892484392057],[-172.50974681277938,-8.569013672679603],[-172.50947731819417,-8.569013672679603],[-172.50947731819417,-8.569102501418001],[-172.50938748666573,-8.569102501418001],[-172.50938748666573,-8.569191330135538],[-172.50875866596684,-8.569191330135538],[-172.50875866596684,-8.568747186340204],[-172.50875866596684,-8.56812538415528],[-172.50884849749528,-8.56812538415528],[-172.50884849749528,-8.568036555188598],[-172.5089383290236,-8.568036555188598],[-172.5089383290236,-8.567947726201396],[-172.50902816055205,-8.567947726201396],[-172.5091179920805,-8.567947726201396],[-172.5091179920805,-8.567858897193332],[-172.5092976551373,-8.567858897193332],[-172.5092976551373,-8.567770068164407],[-172.50947731819417,-8.567770068164407],[-172.50947731819417,-8.56768123911479],[-172.50974681277938,-8.56768123911479],[-172.50974681277938,-8.567592410044654],[-172.50992647583618,-8.567592410044654],[-172.51010613889304,-8.567592410044654],[-172.51010613889304,-8.567503580953542],[-172.51028580194983,-8.567503580953542],[-172.51028580194983,-8.567414751841739],[-172.51055529653507,-8.567414751841739],[-172.51055529653507,-8.56732592270913],[-172.51091462264864,-8.56732592270913],[-172.51091462264864,-8.567237093555946]]],[[[-172.51145361181918,-8.563772740396416],[-172.51136378029082,-8.563772740396416],[-172.51136378029082,-8.563683910413317],[-172.51129270021664,-8.563665368019315],[-172.51125519730803,-8.563613622807168],[-172.5112028686883,-8.563576538011148],[-172.5111653657797,-8.56352479278695],[-172.51111303715976,-8.56348770798229],[-172.51107553425126,-8.563373715559521],[-172.5111653657797,-8.563310047862444],[-172.5112028686883,-8.563258302601923],[-172.5112917023323,-8.563195345136023],[-172.5112028686883,-8.563132387659607],[-172.5111653657797,-8.562929564971284],[-172.51125519730803,-8.5628658971998],[-172.51129270021664,-8.562636491444607],[-172.51143486036483,-8.562599406553431],[-172.51147236327344,-8.562458830927312],[-172.51169445834927,-8.5624217460188],[-172.51174185785865,-8.562599406553431],[-172.5117941864786,-8.562636491444607],[-172.51183168938718,-8.562839314289079],[-172.51174185785865,-8.562902982064998],[-172.51170435495007,-8.563043557527124],[-172.5116520263303,-8.563080642374928],[-172.5116145234217,-8.563665368019315],[-172.51154344334762,-8.563683910413317],[-172.51154344334762,-8.563772740396416],[-172.51145361181918,-8.563772740396416]]],[[[-172.47192773931795,-8.556932771036543],[-172.47192773931795,-8.557021602595114],[-172.4718379077895,-8.557021602595114],[-172.47174807626118,-8.557021602595114],[-172.47174807626118,-8.557110434132937],[-172.47084976097696,-8.557110434132937],[-172.47084976097696,-8.557376928622261],[-172.4709395925054,-8.557376928622261],[-172.4709395925054,-8.55746576007715],[-172.47102942403384,-8.55746576007715],[-172.4711192555623,-8.55746576007715],[-172.4711192555623,-8.557554591511462],[-172.4712090870906,-8.557554591511462],[-172.4712090870906,-8.557643422924968],[-172.47129891861906,-8.557643422924968],[-172.47147858167585,-8.557643422924968],[-172.47147858167585,-8.557732254317784],[-172.4715684132043,-8.557732254317784],[-172.4715684132043,-8.557909917041172],[-172.47165824473274,-8.557909917041172],[-172.47165824473274,-8.558087579681683],[-172.4715684132043,-8.558087579681683],[-172.4715684132043,-8.55817641097093],[-172.47147858167585,-8.55817641097093],[-172.47147858167585,-8.558265242239315],[-172.4713887501474,-8.558265242239315],[-172.4713887501474,-8.558442904714013],[-172.47129891861906,-8.558442904714013],[-172.47129891861906,-8.558620567105834],[-172.4712090870906,-8.558620567105834],[-172.4712090870906,-8.55870939827065],[-172.47084976097696,-8.55870939827065],[-172.47084976097696,-8.558620567105834],[-172.47075992944852,-8.558620567105834],[-172.47075992944852,-8.558531735920326],[-172.47067009792016,-8.558531735920326],[-172.47067009792016,-8.558442904714013],[-172.47050918631766,-8.558424362064557],[-172.47047168340904,-8.558372616139934],[-172.47014986020397,-8.55833553083329],[-172.47008619298546,-8.55824768906524],[-172.47002252576704,-8.55833553083329],[-172.46995144569286,-8.55835407348701],[-172.46977178263597,-8.55835407348701],[-172.46977178263597,-8.558265242239315],[-172.46959211957926,-8.558265242239315],[-172.46959211957926,-8.55817641097093],[-172.46950228805073,-8.55817641097093],[-172.46950228805073,-8.558087579681683],[-172.4689632988804,-8.558087579681683],[-172.4689632988804,-8.55817641097093],[-172.46842430970983,-8.55817641097093],[-172.46842430970983,-8.558265242239315],[-172.4683344781815,-8.558265242239315],[-172.4683344781815,-8.55835407348701],[-172.46824464665306,-8.55835407348701],[-172.46824464665306,-8.558531735920326],[-172.46815481512462,-8.558531735920326],[-172.46815481512462,-8.55870939827065],[-172.46806498359618,-8.55870939827065],[-172.46806498359618,-8.55888706053804],[-172.46797515206782,-8.55888706053804],[-172.46797515206782,-8.558975891640728],[-172.46788532053938,-8.558975891640728],[-172.46788532053938,-8.559153553783858],[-172.46779548901097,-8.559153553783858],[-172.46779548901097,-8.559242384824245],[-172.4677056574826,-8.559242384824245],[-172.4677056574826,-8.559420046843002],[-172.46761582595408,-8.559420046843002],[-172.46761582595408,-8.559597708778767],[-172.46752599442573,-8.559597708778767],[-172.46752599442573,-8.560041863255492],[-172.4674361628973,-8.560041863255492],[-172.4674361628973,-8.560308355692712],[-172.46734633136893,-8.560308355692712],[-172.46734633136893,-8.560486017213805],[-172.4674361628973,-8.560486017213805],[-172.4674361628973,-8.560574847943371],[-172.46761582595408,-8.560574847943371],[-172.46761582595408,-8.56066367865219],[-172.46797515206782,-8.56066367865219],[-172.46797515206782,-8.560574847943371],[-172.46815481512462,-8.560574847943371],[-172.46815481512462,-8.560486017213805],[-172.46824464665306,-8.560486017213805],[-172.4683344781815,-8.560486017213805],[-172.4683344781815,-8.560574847943371],[-172.46842430970983,-8.560574847943371],[-172.46842430970983,-8.56066367865219],[-172.46842430970983,-8.560752509340148],[-172.46851414123827,-8.560752509340148],[-172.46851414123827,-8.560930170654103],[-172.46860397276672,-8.560930170654103],[-172.46860397276672,-8.56101900127993],[-172.46869380429507,-8.56101900127993],[-172.46869380429507,-8.561196662469342],[-172.4687836358235,-8.561196662469342],[-172.4687836358235,-8.561551984599475],[-172.46887346735187,-8.561551984599475],[-172.46887346735187,-8.561907306397927],[-172.4689632988804,-8.561907306397927],[-172.4689632988804,-8.562084967172666],[-172.46905313040872,-8.562084967172666],[-172.46905313040872,-8.562351458179421],[-172.46914296193708,-8.562351458179421],[-172.46914296193708,-8.562706779231291],[-172.46905313040872,-8.562706779231291],[-172.46905313040872,-8.562795609442503],[-172.4689632988804,-8.562795609442503],[-172.4689632988804,-8.562973269802512],[-172.46887346735187,-8.562973269802512],[-172.46887346735187,-8.563062099951424],[-172.46860397276672,-8.563062099951424],[-172.46860397276672,-8.5631509300797],[-172.46851414123827,-8.5631509300797],[-172.46851414123827,-8.563239760187116],[-172.46842430970983,-8.563239760187116],[-172.46842430970983,-8.56341742033976],[-172.4683344781815,-8.56341742033976],[-172.4683344781815,-8.563595080409527],[-172.46842430970983,-8.563595080409527],[-172.46842430970983,-8.563772740396416],[-172.46851414123827,-8.563772740396416],[-172.46851414123827,-8.5639504003002],[-172.46860397276672,-8.5639504003002],[-172.46860397276672,-8.564039230220942],[-172.46869380429507,-8.564039230220942],[-172.46869380429507,-8.564216890000353],[-172.4687836358235,-8.564216890000353],[-172.4687836358235,-8.564394549696829],[-172.46887346735187,-8.564394549696829],[-172.46887346735187,-8.564661039085877],[-172.46905313040872,-8.564661039085877],[-172.46905313040872,-8.564749868840806],[-172.46914296193708,-8.564749868840806],[-172.46921404201126,-8.564768411182058],[-172.46925154491987,-8.564820156237147],[-172.46934037856386,-8.564883113434291],[-172.46925154491987,-8.564946070621033],[-172.46921404201126,-8.56506006257257],[-172.46930387353962,-8.565123729976904],[-172.46934137644823,-8.565859528781289],[-172.46925154491987,-8.565923196051813],[-172.4692327934656,-8.566171142098085],[-172.46932262499396,-8.566171142098085],[-172.46932262499396,-8.566437630242547],[-172.4694124565224,-8.566437630242547],[-172.4694124565224,-8.56652645958252],[-172.46950228805073,-8.56652645958252],[-172.46950228805073,-8.566970605971505],[-172.46959211957926,-8.566970605971505],[-172.46959211957926,-8.567148264381842],[-172.46968195110762,-8.567148264381842],[-172.46968195110762,-8.56732592270913],[-172.46977178263597,-8.56732592270913],[-172.46977178263597,-8.567503580953542],[-172.4698616141645,-8.567503580953542],[-172.4698616141645,-8.568480699814017],[-172.46977178263597,-8.568480699814017],[-172.46977178263597,-8.568658357518757],[-172.46968195110762,-8.568658357518757],[-172.46968195110762,-8.56883601514079],[-172.46959211957926,-8.56883601514079],[-172.46959211957926,-8.56892484392057],[-172.46950228805073,-8.56892484392057],[-172.46950228805073,-8.569102501418001],[-172.4694124565224,-8.569102501418001],[-172.4694124565224,-8.569191330135538],[-172.46932262499396,-8.569191330135538],[-172.46932262499396,-8.569280158832328],[-172.4692327934656,-8.569280158832328],[-172.4692327934656,-8.56936898750837],[-172.46914296193708,-8.56936898750837],[-172.46914296193708,-8.569546644798208],[-172.46905313040872,-8.569546644798208],[-172.46905313040872,-8.569635473412006],[-172.4689632988804,-8.569635473412006],[-172.4689632988804,-8.569724302005113],[-172.46887346735187,-8.569724302005113],[-172.46887346735187,-8.569813130577415],[-172.4687836358235,-8.569813130577415],[-172.4687836358235,-8.569901959128913],[-172.46869380429507,-8.569901959128913],[-172.46869380429507,-8.56999078765972],[-172.46860397276672,-8.56999078765972],[-172.46860397276672,-8.570079616169778],[-172.46851414123827,-8.570079616169778],[-172.46851414123827,-8.570257273127538],[-172.46842430970983,-8.570257273127538],[-172.46842430970983,-8.570434930002364],[-172.4683344781815,-8.570434930002364],[-172.4683344781815,-8.570612586794027],[-172.46824464665306,-8.570612586794027],[-172.46824464665306,-8.570790243502756],[-172.46815481512462,-8.570790243502756],[-172.46815481512462,-8.57114555667124],[-172.46806498359618,-8.57114555667124],[-172.46806498359618,-8.571234384911463],[-172.46788532053938,-8.571234384911463],[-172.46788532053938,-8.571500869507588],[-172.46779548901097,-8.571500869507588],[-172.46779548901097,-8.57158969766482],[-172.46761582595408,-8.57158969766482],[-172.46761582595408,-8.571678525801246],[-172.46761582595408,-8.5718561820118],[-172.46752599442573,-8.5718561820118],[-172.46752599442573,-8.572033838139305],[-172.4674361628973,-8.572033838139305],[-172.4674361628973,-8.572211494183819],[-172.46734633136893,-8.572211494183819],[-172.46734633136893,-8.572477978094923],[-172.4674361628973,-8.572477978094923],[-172.4674361628973,-8.572744461819184],[-172.4674361628973,-8.572922117531618],[-172.46752599442573,-8.572922117531618],[-172.46752599442573,-8.573010945356543],[-172.46761582595408,-8.573010945356543],[-172.46761582595408,-8.573188600944377],[-172.4677056574826,-8.573188600944377],[-172.4677056574826,-8.573277428707115],[-172.46788532053938,-8.573277428707115],[-172.46788532053938,-8.573366256449162],[-172.46797515206782,-8.573366256449162],[-172.46797515206782,-8.573455084170462],[-172.46824464665306,-8.573455084170462],[-172.46824464665306,-8.573543911870843],[-172.4689632988804,-8.573543911870843],[-172.46905313040872,-8.573543911870843],[-172.46968195110762,-8.573543911870843],[-172.46968195110762,-8.573632739550533],[-172.46995144569286,-8.573632739550533],[-172.46995144569286,-8.573543911870843],[-172.4700412772213,-8.573543911870843],[-172.4700412772213,-8.573455084170462],[-172.47013110874963,-8.573455084170462],[-172.47013110874963,-8.573366256449162],[-172.47022094027815,-8.573366256449162],[-172.47022094027815,-8.573188600944377],[-172.4703107718065,-8.573188600944377],[-172.4703107718065,-8.573010945356543],[-172.4704904348634,-8.573010945356543],[-172.4704904348634,-8.572922117531618],[-172.47058026639175,-8.572922117531618],[-172.47058026639175,-8.572833289685775],[-172.47067009792016,-8.572833289685775],[-172.47075992944852,-8.572833289685775],[-172.47075992944852,-8.572744461819184],[-172.47084976097696,-8.572744461819184],[-172.47084976097696,-8.572655633931845],[-172.4709395925054,-8.572655633931845],[-172.4709395925054,-8.572566806023758],[-172.4709395925054,-8.572477978094923],[-172.47102942403384,-8.572477978094923],[-172.47102942403384,-8.57238915014534],[-172.4711192555623,-8.57238915014534],[-172.4711192555623,-8.57230032217501],[-172.47129891861906,-8.57230032217501],[-172.47129891861906,-8.572211494183819],[-172.47174807626118,-8.572211494183819],[-172.47174807626118,-8.57230032217501],[-172.47210740237475,-8.57230032217501],[-172.47210740237475,-8.57238915014534],[-172.4724667284884,-8.57238915014534],[-172.4724667284884,-8.572477978094923],[-172.47255656001684,-8.572477978094923],[-172.47255656001684,-8.572211494183819],[-172.47273622307372,-8.572211494183819],[-172.47273622307372,-8.57230032217501],[-172.47300571765885,-8.57230032217501],[-172.47300571765885,-8.572566806023758],[-172.4729158861304,-8.572566806023758],[-172.4729158861304,-8.572744461819184],[-172.4729158861304,-8.572833289685775],[-172.47282605460208,-8.572833289685775],[-172.47282605460208,-8.573010945356543],[-172.47273622307372,-8.573010945356543],[-172.47273622307372,-8.573277428707115],[-172.4726463915452,-8.573277428707115],[-172.4726463915452,-8.573455084170462],[-172.47255656001684,-8.573455084170462],[-172.47255656001684,-8.573543911870843],[-172.4724667284884,-8.573543911870843],[-172.4724667284884,-8.573810394847783],[-172.47237689696004,-8.573810394847783],[-172.47237689696004,-8.574343360240846],[-172.47237689696004,-8.575053979602217],[-172.47228706543152,-8.575053979602217],[-172.47228706543152,-8.575142806928966],[-172.4721972339032,-8.575142806928966],[-172.4721972339032,-8.575231634234854],[-172.47210740237475,-8.575231634234854],[-172.47210740237475,-8.575320461519993],[-172.4715684132043,-8.575320461519993],[-172.4715684132043,-8.575409288784499],[-172.47084976097696,-8.575409288784499],[-172.47075992944852,-8.575409288784499],[-172.47075992944852,-8.575498116028086],[-172.47058026639175,-8.575498116028086],[-172.4698616141645,-8.575498116028086],[-172.46761582595408,-8.575498116028086],[-172.46761582595408,-8.575409288784499],[-172.46689717372684,-8.575409288784499],[-172.46689717372684,-8.575320461519993],[-172.46599885844273,-8.575320461519993],[-172.46599885844273,-8.575409288784499],[-172.46554970080072,-8.575409288784499],[-172.46554970080072,-8.575320461519993],[-172.46545986927228,-8.575320461519993],[-172.46545986927228,-8.575231634234854],[-172.4652802062154,-8.575231634234854],[-172.4652802062154,-8.575142806928966],[-172.46519037468704,-8.575142806928966],[-172.46519037468704,-8.575053979602217],[-172.4651005431586,-8.575053979602217],[-172.4651005431586,-8.57496515225472],[-172.46492088010183,-8.57496515225472],[-172.46492088010183,-8.574787497497482],[-172.4648310485734,-8.574787497497482],[-172.4648310485734,-8.573455084170462],[-172.46492088010183,-8.573455084170462],[-172.46492088010183,-8.573366256449162],[-172.46492088010183,-8.573010945356543],[-172.46501071163019,-8.573010945356543],[-172.46501071163019,-8.572744461819184],[-172.4651005431586,-8.572744461819184],[-172.4651005431586,-8.57238915014534],[-172.46519037468704,-8.57238915014534],[-172.46519037468704,-8.572033838139305],[-172.4652802062154,-8.572033838139305],[-172.4652802062154,-8.5718561820118],[-172.46537003774384,-8.5718561820118],[-172.46537003774384,-8.571500869507588],[-172.46545986927228,-8.571500869507588],[-172.46545986927228,-8.571323213130995],[-172.46545986927228,-8.571234384911463],[-172.46545986927228,-8.570967900128608],[-172.46554970080072,-8.570967900128608],[-172.46554970080072,-8.570790243502756],[-172.46563953232916,-8.570790243502756],[-172.46563953232916,-8.570701415158794],[-172.46563953232916,-8.570523758408513],[-172.46563953232916,-8.570257273127538],[-172.4657293638575,-8.570257273127538],[-172.4657293638575,-8.56999078765972],[-172.46581919538593,-8.56999078765972],[-172.46581919538593,-8.569813130577415],[-172.46581919538593,-8.569724302005113],[-172.4659090269143,-8.569724302005113],[-172.4659090269143,-8.569546644798208],[-172.46599885844273,-8.569546644798208],[-172.46599885844273,-8.569191330135538],[-172.46608868997117,-8.569191330135538],[-172.46608868997117,-8.56883601514079],[-172.46617852149961,-8.56883601514079],[-172.46617852149961,-8.568480699814017],[-172.46626835302794,-8.568480699814017],[-172.46626835302794,-8.568391870930384],[-172.46626835302794,-8.56812538415528],[-172.46635818455638,-8.56812538415528],[-172.46637693601065,-8.567699781313308],[-172.46642926463048,-8.567662696915704],[-172.4664667675391,-8.567255635775894],[-172.46651909615892,-8.567218551334975],[-172.46655659906753,-8.566900318972444],[-172.46660892768736,-8.566863234496964],[-172.46664643059597,-8.566278513767884],[-172.46669875921572,-8.566241429231752],[-172.4667362621243,-8.564768411182058],[-172.46678859074416,-8.564731326498645],[-172.46682609365274,-8.564617334448542],[-172.46669975710014,-8.564527794414744],[-172.46678859074416,-8.56446483715888],[-172.46682609365274,-8.56426201518076],[-172.4667362621243,-8.56419834763227],[-172.46669875921572,-8.563435962745928],[-172.46664643059597,-8.563398877932684],[-172.46660892768736,-8.563169472498828],[-172.46655659906753,-8.563132387659607],[-172.46651909615892,-8.562814151878797],[-172.4664667675391,-8.562777067004959],[-172.46642926463048,-8.562458830927312],[-172.46637693601065,-8.5624217460188],[-172.46633943310212,-8.562103509643862],[-172.4662871044823,-8.562066424700731],[-172.4662496015737,-8.561837018463564],[-172.46619727295385,-8.561799933494399],[-172.46617852149961,-8.561551984599475],[-172.46608868997117,-8.561551984599475],[-172.46608868997117,-8.561374323575876],[-172.46608868997117,-8.56128549303304],[-172.46599885844273,-8.56128549303304],[-172.46599885844273,-8.561196662469342],[-172.46599885844273,-8.56101900127993],[-172.4659090269143,-8.56101900127993],[-172.4659090269143,-8.56066367865219],[-172.46581919538593,-8.56066367865219],[-172.46581919538593,-8.560397186463717],[-172.4657293638575,-8.560397186463717],[-172.4657293638575,-8.559864201526977],[-172.46563953232916,-8.559864201526977],[-172.46563953232916,-8.557998748371745],[-172.4657293638575,-8.557998748371745],[-172.4657293638575,-8.557821085689909],[-172.46581919538593,-8.557821085689909],[-172.46581919538593,-8.557643422924968],[-172.4659090269143,-8.557643422924968],[-172.4659090269143,-8.55746576007715],[-172.46599885844273,-8.55746576007715],[-172.46599885844273,-8.557376928622261],[-172.46608868997117,-8.557376928622261],[-172.46608868997117,-8.557199265650183],[-172.46626835302794,-8.557199265650183],[-172.46626835302794,-8.557110434132937],[-172.46635818455638,-8.557110434132937],[-172.46635818455638,-8.557021602595114],[-172.46644801608474,-8.557021602595114],[-172.46644801608474,-8.556932771036543],[-172.46653784761318,-8.556932771036543],[-172.46653784761318,-8.556843939457224],[-172.46662767914162,-8.556843939457224],[-172.46662767914162,-8.556755107857157],[-172.46689717372684,-8.556755107857157],[-172.46689717372684,-8.556666276236456],[-172.4669870052552,-8.556666276236456],[-172.4669870052552,-8.556577444595007],[-172.46716666831207,-8.556577444595007],[-172.46716666831207,-8.556488612932753],[-172.46725649984052,-8.556488612932753],[-172.46725649984052,-8.556399781249809],[-172.46734633136893,-8.556399781249809],[-172.46734633136893,-8.55631094954623],[-172.4674361628973,-8.55631094954623],[-172.46752599442573,-8.55631094954623],[-172.46752599442573,-8.556222117821846],[-172.4677056574826,-8.556222117821846],[-172.4677056574826,-8.556133286076715],[-172.46788532053938,-8.556133286076715],[-172.46788532053938,-8.55604445431095],[-172.46806498359618,-8.55604445431095],[-172.46806498359618,-8.55595562252438],[-172.46824464665306,-8.55595562252438],[-172.46824464665306,-8.555866790717062],[-172.46842430970983,-8.555866790717062],[-172.46842430970983,-8.555777958889053],[-172.46860397276672,-8.555777958889053],[-172.46860397276672,-8.555689127040466],[-172.46887346735187,-8.555689127040466],[-172.46887346735187,-8.555600295171075],[-172.46905313040872,-8.555600295171075],[-172.46905313040872,-8.555511463280936],[-172.4692327934656,-8.555511463280936],[-172.4692327934656,-8.55542263137005],[-172.4694124565224,-8.55542263137005],[-172.4694124565224,-8.555333799438472],[-172.46959211957926,-8.555333799438472],[-172.46959211957926,-8.55524496748626],[-172.4698616141645,-8.55524496748626],[-172.4698616141645,-8.555156135513243],[-172.4700412772213,-8.555156135513243],[-172.4700412772213,-8.555067303519536],[-172.4703107718065,-8.555067303519536],[-172.4703107718065,-8.55497847150491],[-172.4704904348634,-8.55497847150491],[-172.4704904348634,-8.554889639469877],[-172.47067009792016,-8.554889639469877],[-172.47067009792016,-8.554800807413983],[-172.47075992944852,-8.554800807413983],[-172.47075992944852,-8.554711975337398],[-172.47084976097696,-8.554711975337398],[-172.47102942403384,-8.554711975337398],[-172.47102942403384,-8.554623143240065],[-172.4712090870906,-8.554623143240065],[-172.4712090870906,-8.55453431112204],[-172.47129891861906,-8.55453431112204],[-172.47129891861906,-8.554445478983325],[-172.4713887501474,-8.554445478983325],[-172.4713887501474,-8.554356646823749],[-172.47165824473274,-8.554356646823749],[-172.47165824473274,-8.554267814643538],[-172.47192773931795,-8.554267814643538],[-172.47192773931795,-8.554178982442693],[-172.4720175708463,-8.554178982442693],[-172.4720175708463,-8.5540901502211],[-172.4721972339032,-8.5540901502211],[-172.4721972339032,-8.554001317978646],[-172.47237689696004,-8.554001317978646],[-172.47237689696004,-8.55391248571567],[-172.47255656001684,-8.55391248571567],[-172.47255656001684,-8.553823653431948],[-172.47282605460208,-8.553823653431948],[-172.47282605460208,-8.553734821127478],[-172.4729158861304,-8.553734821127478],[-172.4729158861304,-8.55364598880226],[-172.47300571765885,-8.55364598880226],[-172.47300571765885,-8.553557156456236],[-172.47318538071565,-8.553557156456236],[-172.47318538071565,-8.553468324089692],[-172.47336504377262,-8.553468324089692],[-172.47336504377262,-8.553379491702287],[-172.47345487530094,-8.553379491702287],[-172.47345487530094,-8.553290659294305],[-172.47363453835774,-8.553290659294305],[-172.47363453835774,-8.553201826865518],[-172.47372436988618,-8.553201826865518],[-172.47372436988618,-8.55311299441604],[-172.47390403294298,-8.55311299441604],[-172.47390403294298,-8.553024161945757],[-172.47408369599984,-8.553024161945757],[-172.47408369599984,-8.552935329454783],[-172.4741735275282,-8.552935329454783],[-172.4741735275282,-8.552846496943289],[-172.47426335905664,-8.552846496943289],[-172.47426335905664,-8.552757664410933],[-172.47444302211343,-8.552757664410933],[-172.47444302211343,-8.55266883185783],[-172.47453285364185,-8.55266883185783],[-172.47453285364185,-8.552579999284148],[-172.47471251669873,-8.552579999284148],[-172.47471251669873,-8.55249116668955],[-172.4748023482271,-8.55249116668955],[-172.47489217975553,-8.55249116668955],[-172.47489217975553,-8.552402334074316],[-172.47498201128397,-8.552402334074316],[-172.47498201128397,-8.552313501438448],[-172.4750718428123,-8.552313501438448],[-172.47516167434074,-8.552313501438448],[-172.47516167434074,-8.55222466878189],[-172.47534133739754,-8.55222466878189],[-172.47534133739754,-8.552135836104526],[-172.47543116892598,-8.552135836104526],[-172.47543116892598,-8.552047003406415],[-172.47561083198286,-8.552047003406415],[-172.47561083198286,-8.551958170687726],[-172.4757006635112,-8.551958170687726],[-172.4757006635112,-8.551869337948233],[-172.47588032656807,-8.551869337948233],[-172.47588032656807,-8.551780505188106],[-172.4761498211532,-8.551780505188106],[-172.4761498211532,-8.551691672407117],[-172.47632948421008,-8.551691672407117],[-172.47632948421008,-8.551602839605664],[-172.47632948421008,-8.551514006783236],[-172.47641931573853,-8.551514006783236],[-172.47641931573853,-8.551425173940288],[-172.47650914726697,-8.551425173940288],[-172.47650914726697,-8.551336341076535],[-172.47659897879532,-8.551336341076535],[-172.47659897879532,-8.551247508192034],[-172.47668881032376,-8.551247508192034],[-172.47668881032376,-8.5511586752869],[-172.47686847338062,-8.5511586752869],[-172.47686847338062,-8.551069842361017],[-172.47695830490898,-8.551069842361017],[-172.47695830490898,-8.5509810094145],[-172.47704813643733,-8.5509810094145],[-172.47704813643733,-8.550892176447235],[-172.47713796796586,-8.550892176447235],[-172.47713796796586,-8.550803343459222],[-172.47722779949422,-8.550803343459222],[-172.47731763102263,-8.550803343459222],[-172.47731763102263,-8.550714510450518],[-172.47740746255099,-8.550714510450518],[-172.47740746255099,-8.55062567742118],[-172.4774972940795,-8.55062567742118],[-172.4774972940795,-8.550536844370981],[-172.47758712560787,-8.550536844370981],[-172.47776678866475,-8.550536844370981],[-172.47776678866475,-8.550448011300148],[-172.47785662019308,-8.550448011300148],[-172.47785662019308,-8.55035917820868],[-172.47794645172152,-8.55035917820868],[-172.47794645172152,-8.550270345096465],[-172.47803628324988,-8.550270345096465],[-172.4780578858026,-8.550202874425338],[-172.4783259000098,-8.55015227141422],[-172.47821238243392,-8.550048262225232],[-172.47828417528257,-8.54998248316241],[-172.47832738038775,-8.549936374917195],[-172.47846383833942,-8.549893649962428],[-172.4785070434446,-8.54975870847494],[-172.47857527242041,-8.549737345988206],[-172.47857527242041,-8.549648512730926],[-172.47866510394877,-8.549648512730926],[-172.47866510394877,-8.549559679453068],[-172.4787549354772,-8.549559679453068],[-172.4787549354772,-8.549470846154463],[-172.47884476700565,-8.549470846154463],[-172.47884476700565,-8.549382012835167],[-172.4790244300625,-8.549382012835167],[-172.4790244300625,-8.549293179495123],[-172.47911426159087,-8.549293179495123],[-172.4792040931193,-8.549293179495123],[-172.47936215362355,-8.549271816982298],[-172.47940535872874,-8.54904804187754],[-172.4794519851519,-8.549005316823184],[-172.47949519025718,-8.548959208459678],[-172.47954181668032,-8.548916483395374],[-172.4795850217855,-8.54887037502101],[-172.47963164820868,-8.548827649946872],[-172.47967485331395,-8.54878154156188],[-172.4797214797372,-8.548738816477567],[-172.4797646848424,-8.548692708081887],[-172.479901142794,-8.548649982987683],[-172.4799443478992,-8.548603874581147],[-172.47999097432245,-8.54856114947711],[-172.48003417942763,-8.54851504105983],[-172.48008080585078,-8.548472315945787],[-172.48012401095596,-8.54842620751782],[-172.48026046890757,-8.548383482393717],[-172.48030367401284,-8.548337373955007],[-172.4803503004361,-8.548294648820956],[-172.4803935055413,-8.54824854037156],[-172.48044013196446,-8.548205815227618],[-172.48048333706973,-8.548159706767422],[-172.4805299634929,-8.548116981613532],[-172.48057316859808,-8.548070873142478],[-172.48061979502123,-8.548028147978584],[-172.4806630001265,-8.547982039496844],[-172.4807994580781,-8.54793931432306],[-172.4808426631833,-8.547893205830633],[-172.4809791211349,-8.5478504806469],[-172.48102232624018,-8.547804372143673],[-172.48106895266335,-8.54776164694988],[-172.48111215776854,-8.54771553843591],[-172.4811587841918,-8.547672813232282],[-172.48120198929695,-8.547626704707511],[-172.48124861572012,-8.547583980849367],[-172.4812918208254,-8.54753786960299],[-172.48133844724856,-8.547495147090274],[-172.48138165235383,-8.547360202042682],[-172.48151811030536,-8.547317479510184],[-172.48156131541063,-8.547271368231463],[-172.4816079418339,-8.547228645689074],[-172.48165114693907,-8.54718253439961],[-172.48169777336224,-8.547139811847103],[-172.4817409784674,-8.547093700546895],[-172.48178760489066,-8.547050977984611],[-172.48183080999584,-8.54700486667366],[-172.481877436419,-8.546962144101428],[-172.48192064152428,-8.546916032779734],[-172.48196726794745,-8.54687331019744],[-172.48201047305264,-8.546827198865003],[-172.4820570994759,-8.546784476272705],[-172.48210030458108,-8.546738364929638],[-172.48214693100425,-8.54669564232745],[-172.48219013610952,-8.546649530973525],[-172.4823265940611,-8.546606808361389],[-172.4823697991663,-8.546560696996721],[-172.48241642558946,-8.546517974374638],[-172.48245963069465,-8.546471862999226],[-172.48259608864635,-8.546429140367138],[-172.48263929375153,-8.546294194942163],[-172.4826859201748,-8.546251472290237],[-172.48272912527997,-8.546205360882652],[-172.48277575170314,-8.546162638220665],[-172.48281895680842,-8.546116526802336],[-172.48295541476,-8.546073804130401],[-172.48299861986519,-8.54602769270133],[-172.4831350778168,-8.545984970019504],[-172.48317828292207,-8.545938858579689],[-172.48322490934524,-8.545896135887801],[-172.48326811445042,-8.54576119027422],[-172.48331474087368,-8.545718467562438],[-172.48335794597887,-8.54567235609045],[-172.483404572402,-8.545629633368833],[-172.48344777750728,-8.545583521886044],[-172.48371579171456,-8.545532920972676],[-172.48358992668977,-8.54541759749435],[-172.4837638985157,-8.545363130663532],[-172.48380710362096,-8.545317019148456],[-172.48385373004413,-8.545274296386935],[-172.48389693514932,-8.54522818486123],[-172.48394356157257,-8.545185462089762],[-172.48398676667773,-8.545139350553256],[-172.4840333931009,-8.54509662777184],[-172.48407659820617,-8.545050516224535],[-172.48412322462934,-8.545007793433285],[-172.48416642973453,-8.544961681875236],[-172.48421305615778,-8.544918959073868],[-172.48425626126297,-8.544872847505246],[-172.48430288768614,-8.544830124693988],[-172.4843460927914,-8.544784013114395],[-172.48439271921458,-8.54474129029336],[-172.48443592431985,-8.54469517870308],[-172.48448255074302,-8.544652455871983],[-172.48452575584818,-8.544606344271017],[-172.48457238227135,-8.544563621429859],[-172.48461558737662,-8.54451750981815],[-172.4846622137998,-8.5444747869671],[-172.48470541890507,-8.54442867534459],[-172.48475204532824,-8.544385952483537],[-172.48479525043342,-8.544339840850512],[-172.4848418768566,-8.54429711797951],[-172.48488508196186,-8.544162171800053],[-172.48493170838503,-8.544119448909214],[-172.48497491349022,-8.54398450266683],[-172.48502153991348,-8.543941779755983],[-172.48506474501875,-8.543895668069126],[-172.4851113714419,-8.543852945148444],[-172.48515457654707,-8.54380683345073],[-172.48520120297025,-8.543764110520101],[-172.48524440807552,-8.543717998811758],[-172.4852910344987,-8.543675275871124],[-172.48533423960396,-8.54362916415198],[-172.48538086602713,-8.543586441201455],[-172.48542407113231,-8.543540329471568],[-172.48547069755557,-8.543497606511096],[-172.48551390266076,-8.543451494770466],[-172.48556052908393,-8.543408771799989],[-172.48560373418908,-8.543362660048672],[-172.48574019214078,-8.54331993706819],[-172.48578339724597,-8.543273825306073],[-172.48583002366914,-8.543231102315758],[-172.4858732287744,-8.543184990542898],[-172.48591985519758,-8.543142267542635],[-172.48596306030285,-8.543096155759088],[-172.48603128927866,-8.543074794254437],[-172.48603128927866,-8.54298595944499],[-172.486121120807,-8.54298595944499],[-172.48621095233543,-8.54298595944499],[-172.48648044692067,-8.54298595944499],[-172.48648044692067,-8.543074794254437],[-172.4865702784491,-8.543074794254437],[-172.4865702784491,-8.543163629043363],[-172.48666010997755,-8.543163629043363],[-172.48666010997755,-8.543252463811541],[-172.48674994150588,-8.543252463811541],[-172.48674994150588,-8.543341298559028],[-172.48683977303432,-8.543341298559028],[-172.48683977303432,-8.543518967991872],[-172.48692960456268,-8.543518967991872],[-172.48692960456268,-8.54369663734201],[-172.48701943609112,-8.54369663734201],[-172.48701943609112,-8.544140810355145],[-172.48710926761956,-8.544140810355145],[-172.48710926761956,-8.544318479415608],[-172.48719909914792,-8.544318479415608],[-172.48719909914792,-8.544851486100242],[-172.48710926761956,-8.544851486100242],[-172.48710926761956,-8.545117989163145],[-172.48701943609112,-8.545117989163145],[-172.48701943609112,-8.54538449203983],[-172.48692960456268,-8.54538449203983],[-172.48692960456268,-8.545650994730238],[-172.48683977303432,-8.545650994730238],[-172.48683977303432,-8.545739828918954],[-172.48674994150588,-8.545739828918954],[-172.48674994150588,-8.545828663087036],[-172.4865702784491,-8.545828663087036],[-172.4865702784491,-8.54591749723437],[-172.48648044692067,-8.54591749723437],[-172.48648044692067,-8.546006331361014],[-172.48639061539222,-8.546006331361014],[-172.48639061539222,-8.546095165466966],[-172.48621095233543,-8.546095165466966],[-172.48621095233543,-8.546272833616854],[-172.48603128927866,-8.546272833616854],[-172.48603128927866,-8.54645050168375],[-172.48576179469333,-8.54645050168375],[-172.48576179469333,-8.546539335686305],[-172.48567196316498,-8.546539335686305],[-172.48567196316498,-8.546628169668054],[-172.48567196316498,-8.546805837569423],[-172.48558213163656,-8.546805837569423],[-172.48558213163656,-8.546983505388027],[-172.48549230010812,-8.546983505388027],[-172.48549230010812,-8.547072339266435],[-172.48540246857976,-8.547072339266435],[-172.48531263705124,-8.547072339266435],[-172.48531263705124,-8.547161173124039],[-172.48522280552288,-8.547161173124039],[-172.48522280552288,-8.547250006960837],[-172.48513297399444,-8.547250006960837],[-172.48513297399444,-8.547338840776888],[-172.48495331093767,-8.547338840776888],[-172.48495331093767,-8.547427674572475],[-172.48486347940923,-8.547427674572475],[-172.48486347940923,-8.547516508347314],[-172.48468381635234,-8.547516508347314],[-172.48468381635234,-8.547605342101349],[-172.484593984824,-8.547605342101349],[-172.484593984824,-8.547783009547345],[-172.48450415329555,-8.547783009547345],[-172.48450415329555,-8.547871843239307],[-172.48441432176722,-8.547871843239307],[-172.48441432176722,-8.547960676910577],[-172.48432449023878,-8.547960676910577],[-172.48432449023878,-8.548138344191045],[-172.48423465871033,-8.548138344191045],[-172.48423465871033,-8.548316011388579],[-172.48414482718198,-8.548316011388579],[-172.48414482718198,-8.548493678503462],[-172.4839651641251,-8.548493678503462],[-172.4839651641251,-8.548582512029782],[-172.48387533259677,-8.548582512029782],[-172.48387533259677,-8.54867134553541],[-172.48360583801144,-8.54867134553541],[-172.4835160064831,-8.54867134553541],[-172.48324651189787,-8.54867134553541],[-172.48324651189787,-8.548760179020405],[-172.48297701731255,-8.548760179020405],[-172.48297701731255,-8.548849012484595],[-172.48279735425578,-8.548849012484595],[-172.48279735425578,-8.548937845928094],[-172.48270752272742,-8.548937845928094],[-172.48270752272742,-8.549026679350959],[-172.48261769119898,-8.549026679350959],[-172.48261769119898,-8.549204346134445],[-172.48252785967054,-8.549204346134445],[-172.48252785967054,-8.549293179495123],[-172.4824380281421,-8.549293179495123],[-172.4824380281421,-8.549382012835167],[-172.4824380281421,-8.549470846154463],[-172.48234819661366,-8.549470846154463],[-172.48234819661366,-8.549648512730926],[-172.48225836508533,-8.549648512730926],[-172.48225836508533,-8.550003845635445],[-172.4821685335569,-8.550003845635445],[-172.4821685335569,-8.550270345096465],[-172.48207870202845,-8.550270345096465],[-172.48207870202845,-8.55062567742118],[-172.4819888705001,-8.55062567742118],[-172.4819888705001,-8.550892176447235],[-172.48189903897165,-8.550892176447235],[-172.48189903897165,-8.5509810094145],[-172.4818092074432,-8.5509810094145],[-172.48182795889755,-8.551051299352707],[-172.48191679254157,-8.551114258826544],[-172.48182795889755,-8.551177218290036],[-172.48179045598897,-8.55131779808113],[-172.4817381273692,-8.551354884070975],[-172.48170062446061,-8.551406630949145],[-172.48122601528306,-8.551443716930464],[-172.48116163529008,-8.551354884070975],[-172.48110930667033,-8.55131779808113],[-172.48107180376164,-8.551203802014982],[-172.48116163529008,-8.55114013228291],[-172.48119913819866,-8.551088385368587],[-172.48125146681852,-8.551051299352707],[-172.48127021827284,-8.5509810094145],[-172.4811803867443,-8.5509810094145],[-172.4811803867443,-8.550803343459222],[-172.48100072368754,-8.550803343459222],[-172.4809108921591,-8.550803343459222],[-172.4809108921591,-8.550714510450518],[-172.48082106063066,-8.550714510450518],[-172.4807312291023,-8.550714510450518],[-172.4807312291023,-8.55062567742118],[-172.48064139757398,-8.55062567742118],[-172.48064139757398,-8.550536844370981],[-172.48055156604545,-8.550536844370981],[-172.48055156604545,-8.550448011300148],[-172.48037190298865,-8.550448011300148],[-172.48037190298865,-8.55035917820868],[-172.4802820714602,-8.55035917820868],[-172.4802820714602,-8.550270345096465],[-172.48019223993177,-8.550270345096465],[-172.48019223993177,-8.550092678809847],[-172.4801024084034,-8.550092678809847],[-172.4801024084034,-8.549915012440408],[-172.48001257687508,-8.549915012440408],[-172.48001257687508,-8.549826179224624],[-172.47992274534656,-8.549826179224624],[-172.47992274534656,-8.549737345988206],[-172.4798329138182,-8.549737345988206],[-172.4798329138182,-8.549559679453068],[-172.47974308228976,-8.549559679453068],[-172.47974308228976,-8.549470846154463],[-172.47956341923296,-8.549470846154463],[-172.47956341923296,-8.549382012835167],[-172.4793837561762,-8.549382012835167],[-172.4793837561762,-8.550181511963501],[-172.47947358770455,-8.550181511963501],[-172.47947358770455,-8.55035917820868],[-172.47947358770455,-8.550448011300148],[-172.47956341923296,-8.550448011300148],[-172.47956341923296,-8.55062567742118],[-172.47965325076132,-8.55062567742118],[-172.47965325076132,-8.550714510450518],[-172.47974308228976,-8.550714510450518],[-172.47974308228976,-8.550892176447235],[-172.4798329138182,-8.550892176447235],[-172.4798329138182,-8.5509810094145],[-172.47992274534656,-8.5509810094145],[-172.47992274534656,-8.551247508192034],[-172.48001257687508,-8.551247508192034],[-172.48001257687508,-8.551425173940288],[-172.47992274534656,-8.551425173940288],[-172.47992274534656,-8.551514006783236],[-172.47992274534656,-8.551691672407117],[-172.4798329138182,-8.551691672407117],[-172.4798329138182,-8.551869337948233],[-172.47974308228976,-8.551869337948233],[-172.47974308228976,-8.552047003406415],[-172.4798329138182,-8.552047003406415],[-172.47992274534656,-8.552047003406415],[-172.47992274534656,-8.552135836104526],[-172.4798329138182,-8.552135836104526],[-172.4798329138182,-8.55222466878189],[-172.47992274534656,-8.55222466878189],[-172.47992274534656,-8.55249116668955],[-172.47956341923296,-8.55249116668955],[-172.47947358770455,-8.55249116668955],[-172.47947358770455,-8.552579999284148],[-172.4793837561762,-8.552579999284148],[-172.4793837561762,-8.55266883185783],[-172.47929392464766,-8.55266883185783],[-172.47929392464766,-8.552757664410933],[-172.4792040931193,-8.552757664410933],[-172.4792040931193,-8.552846496943289],[-172.47911426159087,-8.552846496943289],[-172.47911426159087,-8.552935329454783],[-172.4790244300625,-8.552935329454783],[-172.4790244300625,-8.553024161945757],[-172.4789345985341,-8.553024161945757],[-172.4789345985341,-8.55311299441604],[-172.47884476700565,-8.55311299441604],[-172.47884476700565,-8.553201826865518],[-172.4787549354772,-8.553201826865518],[-172.4787549354772,-8.553290659294305],[-172.47857527242041,-8.553290659294305],[-172.47857527242041,-8.553379491702287],[-172.47848544089197,-8.553379491702287],[-172.47848544089197,-8.553468324089692],[-172.4783057778352,-8.553468324089692],[-172.47821594630676,-8.553468324089692],[-172.47821594630676,-8.553557156456236],[-172.47794645172152,-8.553557156456236],[-172.47794645172152,-8.55364598880226],[-172.47785662019308,-8.55364598880226],[-172.47785662019308,-8.553734821127478],[-172.47776678866475,-8.553734821127478],[-172.47776678866475,-8.553823653431948],[-172.4776769571363,-8.553823653431948],[-172.4776769571363,-8.55391248571567],[-172.47758712560787,-8.55391248571567],[-172.47758712560787,-8.554001317978646],[-172.47740746255099,-8.554001317978646],[-172.47740746255099,-8.5540901502211],[-172.47731763102263,-8.5540901502211],[-172.47731763102263,-8.554178982442693],[-172.47722779949422,-8.554178982442693],[-172.47722779949422,-8.554267814643538],[-172.47713796796586,-8.554267814643538],[-172.47713796796586,-8.554356646823749],[-172.47704813643733,-8.554356646823749],[-172.47704813643733,-8.554445478983325],[-172.47695830490898,-8.554445478983325],[-172.47695830490898,-8.554623143240065],[-172.47686847338062,-8.554623143240065],[-172.47686847338062,-8.554800807413983],[-172.4767786418521,-8.554800807413983],[-172.4767786418521,-8.554889639469877],[-172.47668881032376,-8.554889639469877],[-172.47668881032376,-8.555067303519536],[-172.47659897879532,-8.555067303519536],[-172.47659897879532,-8.555156135513243],[-172.47650914726697,-8.555156135513243],[-172.47650914726697,-8.55524496748626],[-172.47641931573853,-8.55524496748626],[-172.47641931573853,-8.555333799438472],[-172.47632948421008,-8.555333799438472],[-172.47632948421008,-8.55542263137005],[-172.47623965268173,-8.55542263137005],[-172.47623965268173,-8.555511463280936],[-172.4761498211532,-8.555511463280936],[-172.4761498211532,-8.555600295171075],[-172.47605998962487,-8.555600295171075],[-172.47605998962487,-8.555689127040466],[-172.47588032656807,-8.555689127040466],[-172.47588032656807,-8.555777958889053],[-172.47579049503963,-8.555777958889053],[-172.47579049503963,-8.555866790717062],[-172.4757006635112,-8.555866790717062],[-172.4757006635112,-8.55595562252438],[-172.47543116892598,-8.55595562252438],[-172.47543116892598,-8.55604445431095],[-172.4750718428123,-8.55604445431095],[-172.4750718428123,-8.556133286076715],[-172.47498201128397,-8.556133286076715],[-172.47498201128397,-8.556222117821846],[-172.47489217975553,-8.556222117821846],[-172.47487138866933,-8.556290392572691],[-172.47482313931326,-8.556331506518518],[-172.474781557141,-8.556379224281159],[-172.47473330778493,-8.556420338217322],[-172.47469172561256,-8.556468055968935],[-172.4746434762565,-8.556509169895548],[-172.47460189408412,-8.55655688763585],[-172.47455364472805,-8.556598001552914],[-172.47451206255568,-8.556645719282187],[-172.4744638131996,-8.556686833189588],[-172.47442223102732,-8.556734550907777],[-172.47437398167116,-8.55677566480557],[-172.47433239949888,-8.556823382512505],[-172.4742841501428,-8.556864496400749],[-172.47424256797044,-8.556912214096656],[-172.4741943186144,-8.556953327975293],[-172.4741527364421,-8.557001045660115],[-172.47410448708604,-8.55704215952909],[-172.47406290491367,-8.55708987720277],[-172.47392482402915,-8.557130991062195],[-172.47388324185678,-8.55717870872462],[-172.47365532944394,-8.557219822574439],[-172.47357793309044,-8.557308654066105],[-172.47302650874505,-8.557267540225894],[-172.47298492657268,-8.557219822574439],[-172.47284684568817,-8.55717870872462],[-172.47280526351588,-8.557130991062195],[-172.4727570141598,-8.55708987720277],[-172.47271543198744,-8.55704215952909],[-172.47266718263137,-8.557001045660115],[-172.47262560045908,-8.556953327975293],[-172.47257735110293,-8.556912214096656],[-172.47253576893067,-8.556864496400749],[-172.47239768804616,-8.556823382512505],[-172.47235610587379,-8.55677566480557],[-172.47221802498927,-8.556734550907777],[-172.47214068346472,-8.556645787055345],[-172.47210740237475,-8.556755107857157],[-172.47210740237475,-8.556843939457224],[-172.4720175708463,-8.556843939457224],[-172.4720175708463,-8.556932771036543],[-172.47192773931795,-8.556932771036543]],[[-172.47022094027815,-8.573810394847783],[-172.47013110874963,-8.573810394847783],[-172.4700412772213,-8.573810394847783],[-172.4700412772213,-8.573899222465116],[-172.46977178263597,-8.573899222465116],[-172.46977178263597,-8.574076877637765],[-172.47022094027815,-8.574076877637765],[-172.47022094027815,-8.5739880500617],[-172.4703107718065,-8.5739880500617],[-172.4703107718065,-8.573899222465116],[-172.47022094027815,-8.573899222465116],[-172.47022094027815,-8.573810394847783]]],[[[-172.51567569365452,-8.544673817288128],[-172.5156964792578,-8.544605539100417],[-172.51574473957967,-8.544564426600516],[-172.5158220701385,-8.54447565991336],[-172.5158553567114,-8.544584982851006],[-172.51594518823975,-8.544584982851006],[-172.51594518823975,-8.544673817288128],[-172.5158553567114,-8.544673817288128],[-172.51583334842553,-8.545007390848468],[-172.51578753346882,-8.545050918809466],[-172.5157435168972,-8.545273893802403],[-172.5156977019403,-8.545317421732989],[-172.51565368536876,-8.545451562334847],[-172.51560787041194,-8.545495090245083],[-172.51556385384032,-8.5458068991515],[-172.5155180388835,-8.545850427021264],[-172.51547402231188,-8.54625106970667],[-172.51542820735517,-8.54629459752573],[-172.51538419078344,-8.546428737783742],[-172.51533837582673,-8.546472265582622],[-172.51529435925508,-8.5469617415186],[-172.5152485442983,-8.547005269256431],[-172.51520452772664,-8.547139409264503],[-172.51515871276993,-8.54718293698221],[-172.5151146961983,-8.547494744508128],[-172.5150688812414,-8.547538272185136],[-172.51502486466987,-8.54776124572345],[-172.51497904971305,-8.547804773370103],[-172.51489278754045,-8.547893560970124],[-172.51484520161307,-8.547313593301908],[-172.51493503314143,-8.547228243106474],[-172.51497904971305,-8.547005269256431],[-172.51502486466987,-8.5469617415186],[-172.5150688812414,-8.546738767512636],[-172.5151146961983,-8.546695239744338],[-172.51515871276993,-8.545672758674641],[-172.51520452772664,-8.545629230784641],[-172.5152485442983,-8.54540625599941],[-172.51529435925508,-8.545362728078942],[-172.51533837582673,-8.54513975313796],[-172.51538419078344,-8.545096225187137],[-172.51542820735517,-8.544873250090234],[-172.51547402231188,-8.544829722108943],[-172.5155180388835,-8.544784415699667],[-172.51556385384032,-8.544740887708201],[-172.51560787041194,-8.544695581288352],[-172.51567569365452,-8.544673817288128]]],[[[-172.5022009643928,-8.533747026322146],[-172.50229079592114,-8.533747026322146],[-172.50238062744958,-8.533747026322146],[-172.50247045897802,-8.533747026322146],[-172.5028297850916,-8.533747026322146],[-172.5028297850916,-8.533835863282434],[-172.50327894273371,-8.533835863282434],[-172.50345860579057,-8.533835863282434],[-172.50345860579057,-8.534102374039094],[-172.50336877426204,-8.534102374039094],[-172.50336877426204,-8.534280047773393],[-172.50327894273371,-8.534280047773393],[-172.50327894273371,-8.535434925031666],[-172.50336877426204,-8.535434925031666],[-172.50336877426204,-8.535523761599109],[-172.50336877426204,-8.536323289776192],[-172.50327894273371,-8.536323289776192],[-172.50327894273371,-8.536500962477021],[-172.50309927967692,-8.536500962477021],[-172.50309927967692,-8.536412126136952],[-172.50291961662003,-8.536412126136952],[-172.50291961662003,-8.536323289776192],[-172.5028297850916,-8.536323289776192],[-172.5028297850916,-8.536234453394854],[-172.50273995356318,-8.536234453394854],[-172.50273995356318,-8.536145616992599],[-172.50265012203482,-8.536145616992599],[-172.50265012203482,-8.536056780569936],[-172.50256029050638,-8.536056780569936],[-172.50256029050638,-8.535967944126583],[-172.50247045897802,-8.535967944126583],[-172.50247045897802,-8.535790271177575],[-172.50238062744958,-8.535790271177575],[-172.50238062744958,-8.535701434672148],[-172.50229079592114,-8.535701434672148],[-172.50229079592114,-8.535523761599109],[-172.5022009643928,-8.535523761599109],[-172.5022009643928,-8.535434925031666],[-172.5022009643928,-8.535346088443646],[-172.5022009643928,-8.535257251834821],[-172.5021111328643,-8.535257251834821],[-172.5021111328643,-8.535079578555155],[-172.50202130133593,-8.535079578555155],[-172.50202130133593,-8.533924700221917],[-172.50202130133593,-8.533835863282434],[-172.5021111328643,-8.533835863282434],[-172.5022009643928,-8.533835863282434],[-172.5022009643928,-8.533747026322146]]],[[[-172.49555343129026,-8.532947492750168],[-172.49573309434703,-8.532947492750168],[-172.49591275740391,-8.532947492750168],[-172.49600258893236,-8.532947492750168],[-172.49618225198913,-8.532947492750168],[-172.49627208351757,-8.532947492750168],[-172.49627208351757,-8.533036329896333],[-172.49645174657445,-8.533036329896333],[-172.49645174657445,-8.533125167021922],[-172.4965415781028,-8.533125167021922],[-172.4965415781028,-8.533214004126819],[-172.49663140963125,-8.533214004126819],[-172.49663140963125,-8.533302841210968],[-172.49672124115958,-8.533302841210968],[-172.49672124115958,-8.533391678274654],[-172.49681107268802,-8.533391678274654],[-172.49681107268802,-8.533480515317535],[-172.49690090421646,-8.533480515317535],[-172.49690090421646,-8.533747026322146],[-172.49699073574482,-8.533747026322146],[-172.49699073574482,-8.533924700221917],[-172.49708056727334,-8.533924700221917],[-172.49708056727334,-8.534013537140822],[-172.4971703988017,-8.534013537140822],[-172.4971703988017,-8.534102374039094],[-172.49726023033014,-8.534102374039094],[-172.49726023033014,-8.534191210916504],[-172.49735006185847,-8.534191210916504],[-172.49735006185847,-8.534280047773393],[-172.4974398933869,-8.534280047773393],[-172.4974398933869,-8.534368884609705],[-172.4976195564437,-8.534368884609705],[-172.4976195564437,-8.534457721425213],[-172.4977992195006,-8.534457721425213],[-172.4977992195006,-8.534546558220086],[-172.497889051029,-8.534546558220086],[-172.497889051029,-8.534635394994268],[-172.4980687140858,-8.534635394994268],[-172.4980687140858,-8.534724231747816],[-172.49815854561416,-8.534724231747816],[-172.49815854561416,-8.534813068480616],[-172.49833820867113,-8.534813068480616],[-172.49833820867113,-8.534901905192726],[-172.49842804019946,-8.534901905192726],[-172.49842804019946,-8.534990741884315],[-172.4985178717279,-8.534990741884315],[-172.4985178717279,-8.535079578555155],[-172.49860770325625,-8.535079578555155],[-172.49860770325625,-8.535168415205305],[-172.4986975347847,-8.535168415205305],[-172.4986975347847,-8.535257251834821],[-172.4988771978415,-8.535257251834821],[-172.4988771978415,-8.535346088443646],[-172.4989670293699,-8.535346088443646],[-172.4989670293699,-8.535434925031666],[-172.49905686089835,-8.535434925031666],[-172.49905686089835,-8.535523761599109],[-172.4991466924267,-8.535523761599109],[-172.4991466924267,-8.535612598146088],[-172.49923652395515,-8.535612598146088],[-172.49923652395515,-8.535701434672148],[-172.4993263554836,-8.535701434672148],[-172.4993263554836,-8.535790271177575],[-172.49941618701203,-8.535790271177575],[-172.49941618701203,-8.535879107662424],[-172.49950601854036,-8.535879107662424],[-172.49950601854036,-8.535967944126583],[-172.49968568159724,-8.535967944126583],[-172.49968568159724,-8.536056780569936],[-172.4997755131256,-8.536056780569936],[-172.4997755131256,-8.536145616992599],[-172.49995517618248,-8.536145616992599],[-172.49995517618248,-8.536234453394854],[-172.50004500771092,-8.536234453394854],[-172.50004500771092,-8.536323289776192],[-172.5002246707677,-8.536323289776192],[-172.5002246707677,-8.536412126136952],[-172.50031450229605,-8.536412126136952],[-172.50031450229605,-8.536500962477021],[-172.50049416535293,-8.536500962477021],[-172.50049416535293,-8.536589798796456],[-172.5006738284097,-8.536589798796456],[-172.5006738284097,-8.53667863509503],[-172.50076365993814,-8.53667863509503],[-172.50076365993814,-8.536767471373196],[-172.50094332299503,-8.536767471373196],[-172.50094332299503,-8.536856307630558],[-172.50121281758024,-8.536856307630558],[-172.50121281758024,-8.536945143867172],[-172.5014823121654,-8.536945143867172],[-172.5014823121654,-8.537033980083265],[-172.50166197522228,-8.537033980083265],[-172.50166197522228,-8.537122816278554],[-172.50184163827913,-8.537122816278554],[-172.50184163827913,-8.537211652453209],[-172.5019314698075,-8.537211652453209],[-172.5019314698075,-8.537300488607116],[-172.5021111328643,-8.537300488607116],[-172.5021111328643,-8.537389324740502],[-172.5022009643928,-8.537389324740502],[-172.5022009643928,-8.537478160853198],[-172.50229079592114,-8.537478160853198],[-172.50229079592114,-8.537566996945088],[-172.50247045897802,-8.537566996945088],[-172.50247045897802,-8.537655833016288],[-172.50265012203482,-8.537655833016288],[-172.50265012203482,-8.537744669066967],[-172.50273995356318,-8.537744669066967],[-172.50273995356318,-8.537833505096899],[-172.5028297850916,-8.537833505096899],[-172.5028297850916,-8.537922341106025],[-172.50291961662003,-8.537922341106025],[-172.50291961662003,-8.538011177094631],[-172.5030094481484,-8.538011177094631],[-172.5030094481484,-8.538100013062547],[-172.50309927967692,-8.538100013062547],[-172.50309927967692,-8.538277684936304],[-172.50318911120527,-8.538277684936304],[-172.50318911120527,-8.538455356727354],[-172.50327894273371,-8.538455356727354],[-172.50327894273371,-8.539077207344405],[-172.50318911120527,-8.539077207344405],[-172.50318911120527,-8.539166043064085],[-172.50309927967692,-8.539166043064085],[-172.50309927967692,-8.539254878763131],[-172.50247045897802,-8.539254878763131],[-172.50247045897802,-8.539166043064085],[-172.50238062744958,-8.539166043064085],[-172.50238062744958,-8.539077207344405],[-172.5022009643928,-8.539077207344405],[-172.5022009643928,-8.538988371604034],[-172.50202130133593,-8.538988371604034],[-172.50202130133593,-8.538899535842916],[-172.5019314698075,-8.538899535842916],[-172.5019314698075,-8.53881070006122],[-172.50184163827913,-8.53881070006122],[-172.50184163827913,-8.538721864258775],[-172.5017518067507,-8.538721864258775],[-172.5017518067507,-8.538633028435527],[-172.50157214369392,-8.538633028435527],[-172.50157214369392,-8.5385441925917],[-172.5014823121654,-8.5385441925917],[-172.5014823121654,-8.538455356727354],[-172.50139248063704,-8.538455356727354],[-172.50139248063704,-8.538366520842146],[-172.50121281758024,-8.538366520842146],[-172.50121281758024,-8.538277684936304],[-172.50112298605183,-8.538277684936304],[-172.50112298605183,-8.53818884900977],[-172.50103315452338,-8.53818884900977],[-172.50103315452338,-8.538100013062547],[-172.50094332299503,-8.538100013062547],[-172.50094332299503,-8.538011177094631],[-172.50076365993814,-8.538011177094631],[-172.50076365993814,-8.537922341106025],[-172.5006738284097,-8.537922341106025],[-172.5006738284097,-8.537833505096899],[-172.50049416535293,-8.537833505096899],[-172.50049416535293,-8.537744669066967],[-172.50031450229605,-8.537744669066967],[-172.50031450229605,-8.537655833016288],[-172.49986534465404,-8.537655833016288],[-172.49986534465404,-8.537744669066967],[-172.49923652395515,-8.537744669066967],[-172.49923652395515,-8.537655833016288],[-172.4991466924267,-8.537655833016288],[-172.4991466924267,-8.537566996945088],[-172.49905686089835,-8.537566996945088],[-172.49905686089835,-8.537478160853198],[-172.4988771978415,-8.537478160853198],[-172.4988771978415,-8.537389324740502],[-172.49878736631314,-8.537389324740502],[-172.49878736631314,-8.537300488607116],[-172.4985178717279,-8.537300488607116],[-172.4985178717279,-8.537211652453209],[-172.4980687140858,-8.537211652453209],[-172.4980687140858,-8.537122816278554],[-172.49797888255736,-8.537122816278554],[-172.49797888255736,-8.537033980083265],[-172.49797888255736,-8.536945143867172],[-172.497889051029,-8.536945143867172],[-172.497889051029,-8.536589798796456],[-172.497889051029,-8.536500962477021],[-172.4977992195006,-8.536500962477021],[-172.4977992195006,-8.536323289776192],[-172.4977992195006,-8.536234453394854],[-172.49770938797224,-8.536234453394854],[-172.49770938797224,-8.535879107662424],[-172.4976195564437,-8.535879107662424],[-172.4976195564437,-8.535790271177575],[-172.49752972491535,-8.535790271177575],[-172.49752972491535,-8.535701434672148],[-172.4974398933869,-8.535701434672148],[-172.4974398933869,-8.535612598146088],[-172.49735006185847,-8.535612598146088],[-172.49735006185847,-8.535523761599109],[-172.49726023033014,-8.535523761599109],[-172.49726023033014,-8.535434925031666],[-172.49699073574482,-8.535434925031666],[-172.49699073574482,-8.535346088443646],[-172.4965415781028,-8.535346088443646],[-172.4965415781028,-8.535257251834821],[-172.49636191504592,-8.535257251834821],[-172.49636191504592,-8.535168415205305],[-172.49618225198913,-8.535168415205305],[-172.49618225198913,-8.535079578555155],[-172.4960924204607,-8.535079578555155],[-172.4960924204607,-8.534990741884315],[-172.49582292587556,-8.534990741884315],[-172.49582292587556,-8.534901905192726],[-172.49555343129026,-8.534901905192726],[-172.49555343129026,-8.534813068480616],[-172.49447545294936,-8.534813068480616],[-172.49447545294936,-8.534901905192726],[-172.49438562142092,-8.534901905192726],[-172.49438562142092,-8.534990741884315],[-172.49429578989248,-8.534990741884315],[-172.49429578989248,-8.535346088443646],[-172.49420595836403,-8.535346088443646],[-172.49420595836403,-8.535612598146088],[-172.49411612683568,-8.535612598146088],[-172.49411612683568,-8.535790271177575],[-172.49402629530724,-8.535790271177575],[-172.49402629530724,-8.535879107662424],[-172.4939364637789,-8.535879107662424],[-172.4939364637789,-8.535967944126583],[-172.49384663225047,-8.535967944126583],[-172.49384663225047,-8.536145616992599],[-172.49375680072202,-8.536145616992599],[-172.49375680072202,-8.536323289776192],[-172.49366696919358,-8.536323289776192],[-172.49366696919358,-8.536500962477021],[-172.49357713766514,-8.536500962477021],[-172.49357713766514,-8.53667863509503],[-172.49348730613679,-8.53667863509503],[-172.49348730613679,-8.536856307630558],[-172.49339747460834,-8.536856307630558],[-172.49339747460834,-8.537033980083265],[-172.49330764308002,-8.537033980083265],[-172.49330764308002,-8.537122816278554],[-172.49321781155157,-8.537122816278554],[-172.49321781155157,-8.537300488607116],[-172.49312798002313,-8.537300488607116],[-172.49312798002313,-8.537478160853198],[-172.49312798002313,-8.537566996945088],[-172.49303814849478,-8.537566996945088],[-172.49303814849478,-8.537655833016288],[-172.49294831696633,-8.537655833016288],[-172.49294831696633,-8.537833505096899],[-172.49294831696633,-8.538011177094631],[-172.4928584854379,-8.538011177094631],[-172.49276865390948,-8.538011177094631],[-172.49276865390948,-8.53818884900977],[-172.4925889908526,-8.53818884900977],[-172.4925889908526,-8.538277684936304],[-172.49249915932424,-8.538277684936304],[-172.49249915932424,-8.538366520842146],[-172.4925179107786,-8.53852564761877],[-172.49260774230703,-8.538589320812605],[-172.49257023939842,-8.538880990887264],[-172.4925179107786,-8.538918080797771],[-172.49248040786998,-8.53896982665259],[-172.49242807925006,-8.53900691655457],[-172.49239057634153,-8.539147498121338],[-172.4923382477217,-8.539184588005924],[-172.4923007448132,-8.53923633382476],[-172.49224841619335,-8.539273423700706],[-172.49221091328477,-8.539325169507379],[-172.4920687531365,-8.539362259374741],[-172.49200508591795,-8.539450104139803],[-172.49194141869953,-8.539362259374741],[-172.49187033862535,-8.5393437144416],[-172.491780507097,-8.5393437144416],[-172.491780507097,-8.539432550099264],[-172.49160084404014,-8.539432550099264],[-172.49160084404014,-8.539521385736236],[-172.49124151792645,-8.539521385736236],[-172.49124151792645,-8.539610221352518],[-172.49106185486968,-8.539610221352518],[-172.49106185486968,-8.539699056948223],[-172.49097202334124,-8.539699056948223],[-172.49097202334124,-8.539787892523123],[-172.49095327188698,-8.539947018706982],[-172.49090094326715,-8.539984108514034],[-172.49083727604864,-8.540071953135907],[-172.4907736088301,-8.539984108514034],[-172.490702528756,-8.53996556361102],[-172.49061269722768,-8.53996556361102],[-172.49061269722768,-8.540054399123903],[-172.49052286569923,-8.540054399123903],[-172.49052286569923,-8.540143234616096],[-172.4904330341708,-8.540143234616096],[-172.4904330341708,-8.540232070087598],[-172.49034320264235,-8.540232070087598],[-172.49034320264235,-8.540320905538522],[-172.4902533711139,-8.540320905538522],[-172.4902533711139,-8.540409740968471],[-172.49016353958555,-8.540409740968471],[-172.49016353958555,-8.54049857637807],[-172.4900737080571,-8.54049857637807],[-172.4900737080571,-8.541031588400585],[-172.4900737080571,-8.541120423665348],[-172.48998387652878,-8.541120423665348],[-172.49000588481454,-8.541187494710243],[-172.49007553933953,-8.541253676523581],[-172.49000588481454,-8.541319858325437],[-172.48996186824291,-8.54136516514626],[-172.48989221371792,-8.541431346928846],[-172.48996186824291,-8.541497528699836],[-172.49000588481454,-8.541809340874465],[-172.49007553933953,-8.541875522579915],[-172.49000588481454,-8.541941704273938],[-172.48996186824291,-8.542253516085509],[-172.4899160532862,-8.54229704436068],[-172.48987203671447,-8.542431186025055],[-172.48982622175777,-8.542474714280104],[-172.48978220518603,-8.54252002096382],[-172.48973639022933,-8.54256354920875],[-172.48965237055518,-8.542650028235073],[-172.4896245504151,-8.542452950153177],[-172.48953471888666,-8.542452950153177],[-172.48953471888666,-8.542630619999727],[-172.48944488735825,-8.542630619999727],[-172.48944488735825,-8.542808289763855],[-172.4893550558299,-8.542808289763855],[-172.4893550558299,-8.54289712461474],[-172.48926522430145,-8.54289712461474],[-172.48926522430145,-8.543074794254437],[-172.4891753927731,-8.543074794254437],[-172.4891753927731,-8.543252463811541],[-172.48908556124456,-8.543252463811541],[-172.48908556124456,-8.543341298559028],[-172.4889957297162,-8.543341298559028],[-172.4889957297162,-8.543518967991872],[-172.48881606665935,-8.543518967991872],[-172.48881606665935,-8.54369663734201],[-172.48845674054567,-8.54369663734201],[-172.48845674054567,-8.54360780267723],[-172.4882770774889,-8.54360780267723],[-172.4882770774889,-8.543518967991872],[-172.48809741443202,-8.543518967991872],[-172.48809741443202,-8.543430133285767],[-172.48800758290366,-8.543430133285767],[-172.48800758290366,-8.543341298559028],[-172.48782791984678,-8.543341298559028],[-172.48782791984678,-8.543252463811541],[-172.48773808831845,-8.543252463811541],[-172.48773808831845,-8.543163629043363],[-172.48764825679,-8.543163629043363],[-172.48764825679,-8.543074794254437],[-172.48755842526157,-8.543074794254437],[-172.48755842526157,-8.54298595944499],[-172.4874685937332,-8.54298595944499],[-172.4874685937332,-8.54289712461474],[-172.48737876220477,-8.54289712461474],[-172.48737876220477,-8.542808289763855],[-172.48728893067644,-8.542808289763855],[-172.48728893067644,-8.542719454892165],[-172.48719909914792,-8.542719454892165],[-172.48719909914792,-8.542630619999727],[-172.48710926761956,-8.542630619999727],[-172.48710926761956,-8.542541785086883],[-172.48701943609112,-8.542541785086883],[-172.48701943609112,-8.542452950153177],[-172.48683977303432,-8.542452950153177],[-172.48683977303432,-8.542364115198836],[-172.48674994150588,-8.542364115198836],[-172.48674994150588,-8.542008775174338],[-172.48683977303432,-8.542008775174338],[-172.48683977303432,-8.541831105038113],[-172.48692960456268,-8.541831105038113],[-172.48692960456268,-8.541742269938936],[-172.48701943609112,-8.541742269938936],[-172.48701943609112,-8.541653434818954],[-172.48719909914792,-8.541653434818954],[-172.48719909914792,-8.541475764517202],[-172.48728893067644,-8.541475764517202],[-172.48728893067644,-8.541386929335204],[-172.48737876220477,-8.541386929335204],[-172.48737876220477,-8.541209258909191],[-172.4874685937332,-8.541209258909191],[-172.4874685937332,-8.541120423665348],[-172.48755842526157,-8.541120423665348],[-172.48755842526157,-8.540942753115246],[-172.48764825679,-8.540942753115246],[-172.48764825679,-8.540853917809216],[-172.48773808831845,-8.540853917809216],[-172.48773808831845,-8.540676247135025],[-172.48782791984678,-8.540676247135025],[-172.48782791984678,-8.540587411766978],[-172.4879177513753,-8.540587411766978],[-172.4879177513753,-8.540409740968471],[-172.48800758290366,-8.540409740968471],[-172.48800758290366,-8.540320905538522],[-172.48809741443202,-8.540320905538522],[-172.48809741443202,-8.540143234616096],[-172.48818724596046,-8.540143234616096],[-172.48818724596046,-8.53996556361102],[-172.4882770774889,-8.53996556361102],[-172.4882770774889,-8.539876728077388],[-172.48836690901734,-8.539876728077388],[-172.48836690901734,-8.539699056948223],[-172.4885465720742,-8.539699056948223],[-172.4885465720742,-8.539610221352518],[-172.48863640360256,-8.539610221352518],[-172.48863640360256,-8.539521385736236],[-172.488726235131,-8.539521385736236],[-172.488726235131,-8.539432550099264],[-172.48881606665935,-8.539432550099264],[-172.48881606665935,-8.5393437144416],[-172.4889058981878,-8.5393437144416],[-172.4889058981878,-8.539254878763131],[-172.4889058981878,-8.539166043064085],[-172.4889957297162,-8.539166043064085],[-172.4889957297162,-8.539077207344405],[-172.48908556124456,-8.539077207344405],[-172.48908556124456,-8.538988371604034],[-172.4891753927731,-8.538988371604034],[-172.4891753927731,-8.538899535842916],[-172.48926522430145,-8.538899535842916],[-172.48926522430145,-8.53881070006122],[-172.4893550558299,-8.53881070006122],[-172.4893550558299,-8.538721864258775],[-172.48944488735825,-8.538721864258775],[-172.48944488735825,-8.538633028435527],[-172.48953471888666,-8.538633028435527],[-172.48953471888666,-8.538455356727354],[-172.4896245504151,-8.538455356727354],[-172.4896245504151,-8.538366520842146],[-172.48971438194346,-8.538366520842146],[-172.48971438194346,-8.538277684936304],[-172.4898042134719,-8.538277684936304],[-172.4898042134719,-8.53818884900977],[-172.48989404500034,-8.53818884900977],[-172.48989404500034,-8.538100013062547],[-172.48998387652878,-8.538100013062547],[-172.48998387652878,-8.538011177094631],[-172.4900737080571,-8.538011177094631],[-172.4900737080571,-8.537833505096899],[-172.49016353958555,-8.537833505096899],[-172.49016353958555,-8.537744669066967],[-172.4902533711139,-8.537744669066967],[-172.4902533711139,-8.537655833016288],[-172.4904330341708,-8.537655833016288],[-172.4904330341708,-8.537566996945088],[-172.4904330341708,-8.537478160853198],[-172.49052286569923,-8.537478160853198],[-172.49052286569923,-8.537389324740502],[-172.49061269722768,-8.537389324740502],[-172.49061269722768,-8.537211652453209],[-172.490702528756,-8.537211652453209],[-172.490702528756,-8.537122816278554],[-172.49079236028444,-8.537122816278554],[-172.49079236028444,-8.536945143867172],[-172.4908821918129,-8.536945143867172],[-172.4908821918129,-8.536856307630558],[-172.49097202334124,-8.536856307630558],[-172.49097202334124,-8.536767471373196],[-172.49106185486968,-8.536767471373196],[-172.49106185486968,-8.536589798796456],[-172.49115168639813,-8.536589798796456],[-172.49115168639813,-8.536500962477021],[-172.49124151792645,-8.536500962477021],[-172.49124151792645,-8.536412126136952],[-172.4913313494549,-8.536412126136952],[-172.4913313494549,-8.536234453394854],[-172.49142118098334,-8.536234453394854],[-172.49142118098334,-8.536145616992599],[-172.4915110125117,-8.536145616992599],[-172.4915110125117,-8.536056780569936],[-172.49160084404014,-8.536056780569936],[-172.49160084404014,-8.535967944126583],[-172.49169067556858,-8.535967944126583],[-172.49169067556858,-8.535879107662424],[-172.491780507097,-8.535879107662424],[-172.491780507097,-8.535790271177575],[-172.491780507097,-8.535701434672148],[-172.49187033862535,-8.535701434672148],[-172.49187033862535,-8.535612598146088],[-172.4919601701537,-8.535612598146088],[-172.4919601701537,-8.535523761599109],[-172.49205000168223,-8.535523761599109],[-172.49205000168223,-8.535346088443646],[-172.49213983321067,-8.535346088443646],[-172.49213983321067,-8.535257251834821],[-172.49222966473903,-8.535257251834821],[-172.49222966473903,-8.535079578555155],[-172.49231949626744,-8.535079578555155],[-172.49231949626744,-8.534990741884315],[-172.4924093277958,-8.534990741884315],[-172.4924093277958,-8.534813068480616],[-172.49249915932424,-8.534813068480616],[-172.49249915932424,-8.534724231747816],[-172.4925889908526,-8.534724231747816],[-172.4925889908526,-8.534546558220086],[-172.49267882238112,-8.534546558220086],[-172.49267882238112,-8.534457721425213],[-172.49276865390948,-8.534457721425213],[-172.49276865390948,-8.534368884609705],[-172.4928584854379,-8.534368884609705],[-172.4928584854379,-8.534280047773393],[-172.49294831696633,-8.534280047773393],[-172.49294831696633,-8.534191210916504],[-172.49303814849478,-8.534191210916504],[-172.49303814849478,-8.534102374039094],[-172.49321781155157,-8.534102374039094],[-172.49321781155157,-8.534013537140822],[-172.49330764308002,-8.534013537140822],[-172.49339747460834,-8.534013537140822],[-172.49348730613679,-8.534013537140822],[-172.49348730613679,-8.533924700221917],[-172.49375680072202,-8.533924700221917],[-172.49375680072202,-8.533835863282434],[-172.4939364637789,-8.533835863282434],[-172.4939364637789,-8.533747026322146],[-172.49420595836403,-8.533747026322146],[-172.49420595836403,-8.533658189341281],[-172.49447545294936,-8.533658189341281],[-172.49447545294936,-8.533569352339612],[-172.49474494753457,-8.533569352339612],[-172.49474494753457,-8.533480515317535],[-172.49492461059137,-8.533480515317535],[-172.49492461059137,-8.533391678274654],[-172.4950144421198,-8.533391678274654],[-172.4950144421198,-8.533302841210968],[-172.49519410517667,-8.533302841210968],[-172.49519410517667,-8.533125167021922],[-172.49528393670502,-8.533125167021922],[-172.49528393670502,-8.533036329896333],[-172.49555343129026,-8.533036329896333],[-172.49555343129026,-8.532947492750168]]],[[[-172.51396889461472,-8.532503306708975],[-172.51441805225676,-8.532503306708975],[-172.51468754684205,-8.532503306708975],[-172.51468754684205,-8.532592143958539],[-172.5147773783704,-8.532592143958539],[-172.5147773783704,-8.532680981187411],[-172.51486720989885,-8.532680981187411],[-172.5152265360125,-8.532680981187411],[-172.5152265360125,-8.53276981839565],[-172.5155858621262,-8.53276981839565],[-172.5155858621262,-8.532680981187411],[-172.51594518823975,-8.532680981187411],[-172.51594518823975,-8.53276981839565],[-172.51612485129664,-8.53276981839565],[-172.51612485129664,-8.532858655583311],[-172.5163045143534,-8.532858655583311],[-172.5167536719955,-8.532858655583311],[-172.5167536719955,-8.532947492750168],[-172.51720282963754,-8.532947492750168],[-172.51720282963754,-8.533036329896333],[-172.51763120167635,-8.533015772346005],[-172.51767277288292,-8.532968050304248],[-172.51788817884335,-8.53292693519495],[-172.51795476843765,-8.533145656789145],[-172.51803209899649,-8.533056887445639],[-172.51824750495703,-8.533015772346005],[-172.51830159358173,-8.53319344658604],[-172.518439685432,-8.533234561666575],[-172.51848125663858,-8.533282283675021],[-172.51852951696046,-8.533323398746006],[-172.51857108816702,-8.533371120743311],[-172.51870918001725,-8.53341223580469],[-172.51875075122382,-8.53345995779108],[-172.5187990115457,-8.533501072842796],[-172.51884058275226,-8.533548794818046],[-172.51888884307414,-8.533589909860268],[-172.5189304142806,-8.533637631824433],[-172.5190685061309,-8.53367874685705],[-172.51911007733747,-8.533726468810016],[-172.5192481691877,-8.53376758383314],[-172.51928974039427,-8.533815305775079],[-172.5194278322446,-8.533856420788595],[-172.51946940345115,-8.53390414271945],[-172.51960749530136,-8.533945257723417],[-172.519649066508,-8.53399297964296],[-172.51969732682971,-8.53403409463749],[-172.51973889803637,-8.534081816546063],[-172.51978715835824,-8.534122931530874],[-172.5198287295648,-8.534170653428419],[-172.52005665294345,-8.53421176840368],[-172.52009822415002,-8.534348327131056],[-172.5201464844719,-8.53438944208716],[-172.52018805567837,-8.534579415195253],[-172.52009822415002,-8.534655952457229],[-172.52007743854674,-8.534724231747816],[-172.52025710160353,-8.534724231747816],[-172.52025710160353,-8.534813068480616],[-172.52034693313198,-8.534813068480616],[-172.52034693313198,-8.534901905192726],[-172.52034693313198,-8.534990741884315],[-172.52034693313198,-8.535257251834821],[-172.52016727007518,-8.535257251834821],[-172.52016727007518,-8.535346088443646],[-172.52025710160353,-8.535346088443646],[-172.52025710160353,-8.536056780569936],[-172.52016727007518,-8.536056780569936],[-172.52016727007518,-8.536412126136952],[-172.52007743854674,-8.536412126136952],[-172.52007743854674,-8.536767471373196],[-172.51998760701832,-8.536767471373196],[-172.51998760701832,-8.537033980083265],[-172.51996682141504,-8.537457604219696],[-172.51991856109316,-8.537498717485391],[-172.51987698988668,-8.53807945646264],[-172.5198287295648,-8.538120569661373],[-172.51978715835824,-8.538434800146547],[-172.51973889803637,-8.538475913306911],[-172.51969732682971,-8.53861247186444],[-172.519649066508,-8.538653585005704],[-172.51960749530136,-8.538790143499511],[-172.51955923497948,-8.538831256621677],[-172.51951766377292,-8.538967815051933],[-172.51946940345115,-8.539008928154885],[-172.5194278322446,-8.539056650797079],[-172.5193795719228,-8.539097763890538],[-172.51933800071615,-8.539234322225525],[-172.51928974039427,-8.539275435299771],[-172.5192481691877,-8.539323157908655],[-172.51919990886591,-8.539364270973351],[-172.51915833765935,-8.539411993571036],[-172.51911007733747,-8.53945310662624],[-172.5190685061309,-8.539500829212841],[-172.51902024580912,-8.539541942258495],[-172.51897867460247,-8.539589664834011],[-172.5189304142806,-8.539630777869888],[-172.51888884307414,-8.539678500434377],[-172.51884058275226,-8.539719613460818],[-172.5187990115457,-8.539767336013995],[-172.51875075122382,-8.539808449031057],[-172.51870918001725,-8.539856171573149],[-172.51866091969538,-8.539897284580547],[-172.5186193484889,-8.539945007111555],[-172.51857108816702,-8.53998612010929],[-172.51852951696046,-8.540122678126238],[-172.51839142511025,-8.540163791104874],[-172.51834985390357,-8.540211513602571],[-172.51830159358173,-8.540252626571487],[-172.51826002237524,-8.540300349058157],[-172.51821176205337,-8.540341462017636],[-172.5181701908468,-8.540389184493165],[-172.51812193052493,-8.540430297443038],[-172.51808035931836,-8.540478019907425],[-172.51803209899649,-8.540519132847749],[-172.51799052779,-8.540566855301051],[-172.51794226746813,-8.540607968231711],[-172.51790069626156,-8.540744526026117],[-172.5178524359397,-8.540785638937734],[-172.51781086473312,-8.541011031958647],[-172.51776260441136,-8.541052144841501],[-172.5177210332048,-8.54109986722807],[-172.51767277288292,-8.541140980101432],[-172.51763120167635,-8.541277537704957],[-172.51758294135448,-8.541318650559163],[-172.5175413701479,-8.541366372912421],[-172.5173617728857,-8.541419844008772],[-172.51749304403145,-8.541531685017446],[-172.51731344676924,-8.541585156090605],[-172.51727187556267,-8.541632878410553],[-172.51722361524082,-8.541673991226446],[-172.51718204403426,-8.541952796456997],[-172.51727187556267,-8.542029331562617],[-172.51731344676924,-8.542219301545401],[-172.51722361524082,-8.542295836597646],[-172.51718204403426,-8.542432393787749],[-172.51713378371247,-8.54247350651741],[-172.5170922125059,-8.542698898541119],[-172.51704395218394,-8.542740011242074],[-172.51700238097746,-8.54305423792266],[-172.5167744575987,-8.543095350585304],[-172.51673288639222,-8.543143072716248],[-172.51668462607037,-8.543184185369341],[-172.5166430548638,-8.5432319074892],[-172.5158221304502,-8.543273020132801],[-172.51574473957967,-8.543184185369341],[-172.51497782703058,-8.543143072716248],[-172.51493625582393,-8.543006515780519],[-172.51488799550214,-8.542965403108326],[-172.51484642429557,-8.542242423911091],[-172.51493625582393,-8.542165888848217],[-172.51497782703058,-8.541851661435828],[-172.51502608735245,-8.541810548639205],[-172.5150676585589,-8.541585156090605],[-172.51511591888078,-8.541544043265162],[-172.51515749008735,-8.541318650559163],[-172.51520575040922,-8.541277537704957],[-172.5152473216158,-8.541229815340614],[-172.51529558193758,-8.541188702476916],[-172.51533715314415,-8.541052144841501],[-172.51538541346602,-8.541011031958647],[-172.5154269846726,-8.540963309560937],[-172.51547524499446,-8.540922196668475],[-172.51551681620103,-8.540874474259624],[-172.5155650765228,-8.540833361357613],[-172.51560664772947,-8.540785638937734],[-172.51565490805132,-8.540744526026117],[-172.5156964792578,-8.54069680359504],[-172.51574473957967,-8.540655690673873],[-172.51578631078624,-8.540607968231711],[-172.51583457110812,-8.540566855301051],[-172.51587614231468,-8.540519132847749],[-172.51592440263647,-8.540478019907425],[-172.51596597384304,-8.540341462017636],[-172.516014234165,-8.540300349058157],[-172.51605580537148,-8.540252626571487],[-172.51610406569336,-8.540211513602571],[-172.5161456368998,-8.540163791104874],[-172.51619389722168,-8.540122678126238],[-172.51623546842833,-8.5400749556174],[-172.5162837287502,-8.540033842629157],[-172.5163252999567,-8.539897284580547],[-172.51637356027857,-8.539856171573149],[-172.51641513148513,-8.539808449031057],[-172.516463391807,-8.539767336013995],[-172.51650496301357,-8.539630777869888],[-172.51655322333536,-8.539589664834011],[-172.51659479454193,-8.539364270973351],[-172.5166430548638,-8.539323157908655],[-172.51668462607037,-8.5391865996055],[-172.51673288639222,-8.539145486521647],[-172.5167744575987,-8.539008928154885],[-172.51682271792058,-8.538967815051933],[-172.51686428912714,-8.538653585005704],[-172.51691254944902,-8.53861247186444],[-172.51695412065558,-8.538209405603823],[-172.51700238097746,-8.538168292414582],[-172.51704395218394,-8.53785406171005],[-172.5170922125059,-8.53781294848261],[-172.51713378371247,-8.537587553572621],[-172.51718204403426,-8.537546440316419],[-172.5172477454017,-8.537471022625027],[-172.51731344676924,-8.537546440316419],[-172.5173617070911,-8.537587553572621],[-172.5174032782976,-8.537635276392507],[-172.51745153861947,-8.537676389639103],[-172.51749310982603,-8.537724112447904],[-172.5177750450691,-8.537765225684893],[-172.5178524359397,-8.537676389639103],[-172.51790069626156,-8.537635276392507],[-172.51794226746813,-8.537587553572621],[-172.51799052779,-8.537546440316419],[-172.51803209899649,-8.537356468007147],[-172.51794226746813,-8.537279931964235],[-172.51790069626156,-8.537178795704506],[-172.51799052779,-8.537102259626067],[-172.51803209899649,-8.536876864296346],[-172.51808035931836,-8.536835750963519],[-172.51812193052493,-8.536379269319411],[-172.51803209899649,-8.53630273308056],[-172.51799052779,-8.535810828578633],[-172.51794226746813,-8.535769713775608],[-172.51790069626156,-8.535544319014605],[-172.5178524359397,-8.535503204182817],[-172.5178316503364,-8.535434925031666],[-172.517741818808,-8.535434925031666],[-172.517741818808,-8.535346088443646],[-172.51765198727963,-8.535346088443646],[-172.51765198727963,-8.535257251834821],[-172.51720282963754,-8.535257251834821],[-172.51720282963754,-8.535168415205305],[-172.51702316658074,-8.535168415205305],[-172.51702316658074,-8.535079578555155],[-172.5169333350523,-8.535079578555155],[-172.5169333350523,-8.534990741884315],[-172.51684350352394,-8.534990741884315],[-172.51684350352394,-8.534813068480616],[-172.5167536719955,-8.534813068480616],[-172.5167536719955,-8.534546558220086],[-172.5166638404671,-8.534546558220086],[-172.5166638404671,-8.534457721425213],[-172.51657400893865,-8.534457721425213],[-172.51657400893865,-8.534368884609705],[-172.5164841774102,-8.534368884609705],[-172.5164841774102,-8.534280047773393],[-172.51639434588185,-8.534280047773393],[-172.51639434588185,-8.534191210916504],[-172.5163045143534,-8.534191210916504],[-172.5163045143534,-8.534102374039094],[-172.51612485129664,-8.534102374039094],[-172.51612485129664,-8.534013537140822],[-172.51513670448406,-8.534013537140822],[-172.51513670448406,-8.534102374039094],[-172.51504687295562,-8.534102374039094],[-172.51504687295562,-8.534280047773393],[-172.5149570414273,-8.534280047773393],[-172.5149570414273,-8.534368884609705],[-172.51468754684205,-8.534368884609705],[-172.51468754684205,-8.534457721425213],[-172.5145977153136,-8.534457721425213],[-172.51441805225676,-8.534457721425213],[-172.51441805225676,-8.534546558220086],[-172.51423838919996,-8.534546558220086],[-172.51423838919996,-8.534635394994268],[-172.51414855767152,-8.534635394994268],[-172.51405872614308,-8.534635394994268],[-172.51405872614308,-8.534724231747816],[-172.5136994000295,-8.534724231747816],[-172.5136994000295,-8.534635394994268],[-172.51334007391586,-8.534635394994268],[-172.51334007391586,-8.534724231747816],[-172.5128010847454,-8.534724231747816],[-172.5128010847454,-8.534635394994268],[-172.51253159016008,-8.534635394994268],[-172.51253159016008,-8.534724231747816],[-172.51244175863172,-8.534724231747816],[-172.51244175863172,-8.534813068480616],[-172.5121722640465,-8.534813068480616],[-172.5121722640465,-8.534901905192726],[-172.51181293793283,-8.534901905192726],[-172.5117231064044,-8.534901905192726],[-172.51154344334762,-8.534901905192726],[-172.51154344334762,-8.534990741884315],[-172.51136378029082,-8.534990741884315],[-172.51136378029082,-8.535079578555155],[-172.5112739487623,-8.535079578555155],[-172.5112739487623,-8.535168415205305],[-172.51118411723394,-8.535168415205305],[-172.51118411723394,-8.535257251834821],[-172.51100445417717,-8.535257251834821],[-172.51100445417717,-8.535346088443646],[-172.51082479112029,-8.535346088443646],[-172.51082479112029,-8.535434925031666],[-172.51073495959193,-8.535434925031666],[-172.51073495959193,-8.535523761599109],[-172.51055529653507,-8.535523761599109],[-172.51055529653507,-8.535612598146088],[-172.51046546500663,-8.535612598146088],[-172.51046546500663,-8.535790271177575],[-172.51037563347828,-8.535790271177575],[-172.51037563347828,-8.535879107662424],[-172.51028580194983,-8.535879107662424],[-172.51028580194983,-8.535967944126583],[-172.50992647583618,-8.535967944126583],[-172.50992647583618,-8.536056780569936],[-172.5092976551373,-8.536056780569936],[-172.5092976551373,-8.535967944126583],[-172.50920782360885,-8.535967944126583],[-172.50920782360885,-8.535879107662424],[-172.5091179920805,-8.535879107662424],[-172.5091179920805,-8.535790271177575],[-172.50902816055205,-8.535790271177575],[-172.50902816055205,-8.535523761599109],[-172.5089383290236,-8.535523761599109],[-172.5089383290236,-8.535434925031666],[-172.5089383290236,-8.535168415205305],[-172.5089383290236,-8.534990741884315],[-172.5089383290236,-8.534901905192726],[-172.5089383290236,-8.534813068480616],[-172.50884849749528,-8.534813068480616],[-172.50884849749528,-8.534546558220086],[-172.50875866596684,-8.534546558220086],[-172.50875866596684,-8.534457721425213],[-172.5084891713816,-8.534457721425213],[-172.5084891713816,-8.534546558220086],[-172.5084891713816,-8.534635394994268],[-172.50839933985316,-8.534635394994268],[-172.50839933985316,-8.534724231747816],[-172.50839933985316,-8.535168415205305],[-172.50830950832474,-8.535168415205305],[-172.50830950832474,-8.535257251834821],[-172.5082196767964,-8.535257251834821],[-172.5082196767964,-8.535523761599109],[-172.50830950832474,-8.535523761599109],[-172.50830950832474,-8.535701434672148],[-172.5082196767964,-8.535701434672148],[-172.5082196767964,-8.535879107662424],[-172.50795018221115,-8.535879107662424],[-172.50795018221115,-8.535790271177575],[-172.5078603506827,-8.535790271177575],[-172.5078603506827,-8.535701434672148],[-172.5077705191543,-8.535701434672148],[-172.5077705191543,-8.535612598146088],[-172.50768068762594,-8.535612598146088],[-172.50768068762594,-8.535346088443646],[-172.5075908560975,-8.535346088443646],[-172.5075908560975,-8.535257251834821],[-172.50750102456905,-8.535257251834821],[-172.50750102456905,-8.535079578555155],[-172.5074111930406,-8.535079578555155],[-172.5074111930406,-8.534724231747816],[-172.50732136151225,-8.534724231747816],[-172.50732136151225,-8.533835863282434],[-172.5074111930406,-8.533835863282434],[-172.5074111930406,-8.533747026322146],[-172.5075908560975,-8.533747026322146],[-172.5075908560975,-8.533658189341281],[-172.5078603506827,-8.533658189341281],[-172.5078603506827,-8.533569352339612],[-172.5082196767964,-8.533569352339612],[-172.5082196767964,-8.533480515317535],[-172.50857900290995,-8.533480515317535],[-172.50857900290995,-8.533391678274654],[-172.50884849749528,-8.533391678274654],[-172.50884849749528,-8.533302841210968],[-172.50920782360885,-8.533302841210968],[-172.50920782360885,-8.533214004126819],[-172.5092976551373,-8.533214004126819],[-172.5095671497225,-8.533214004126819],[-172.5095671497225,-8.533125167021922],[-172.50983664430774,-8.533125167021922],[-172.50983664430774,-8.533036329896333],[-172.5101959704214,-8.533036329896333],[-172.5101959704214,-8.532947492750168],[-172.51028580194983,-8.532947492750168],[-172.51055529653507,-8.532947492750168],[-172.51055529653507,-8.532858655583311],[-172.51073495959193,-8.532858655583311],[-172.51091462264864,-8.532858655583311],[-172.51091462264864,-8.53276981839565],[-172.51118411723394,-8.53276981839565],[-172.5112739487623,-8.53276981839565],[-172.51197384953537,-8.53275127381994],[-172.51201135244398,-8.532699525766532],[-172.51278233329114,-8.532662436607382],[-172.51284600050957,-8.532574589602518],[-172.51290966772808,-8.532662436607382],[-172.51298074780217,-8.532680981187411],[-172.51316041085897,-8.532680981187411],[-172.5132502423875,-8.532680981187411],[-172.5132502423875,-8.53276981839565],[-172.51334007391586,-8.53276981839565],[-172.51334007391586,-8.532680981187411],[-172.5135197369727,-8.532680981187411],[-172.5135197369727,-8.532592143958539],[-172.51396889461472,-8.532592143958539],[-172.51396889461472,-8.532503306708975]]]]}}]}