{"type":"FeatureCollection","name":"pict_asm_adm0","properties":{"country_id":"asm","country_iso3":"ASM","country_name":"American Samoa","admin_level":"adm0","source":"geoBoundaries gbOpen"},"features":[{"type":"Feature","properties":{"shapeName":"American Samoa","shapeISO":"ASM","shapeID":"72969383B88065320147610","shapeGroup":"ASM","shapeType":"ADM0","country_id":"asm","country_iso3":"ASM","country_name":"American Samoa","admin_level":"adm0","admin_id":"asm_adm0_72969383b88065320147610","admin_name":"American Samoa"},"geometry":{"type":"MultiPolygon","coordinates":[[[[-170.82914746578288,-14.329997778174857],[-170.82898230259116,-14.329850201225781],[-170.82910144567515,-14.32964349655009],[-170.82932207365474,-14.329927070777671],[-170.82918985442822,-14.330045215614177],[-170.82914746578288,-14.329997778174857]]],[[[-170.84437138093446,-14.32357734631745],[-170.84407886384847,-14.323498042300741],[-170.84397373489992,-14.32298633525113],[-170.84433557262855,-14.32240168508963],[-170.84481133287667,-14.32212151029944],[-170.84521868889135,-14.322191646627118],[-170.84526969663915,-14.32249936855095],[-170.8454102256014,-14.322538493556578],[-170.84548849359908,-14.32276607779221],[-170.84476984085543,-14.323257146300193],[-170.84446121241498,-14.32348751483687],[-170.84446121241498,-14.32357734631745],[-170.84437138093446,-14.32357734631745]]],[[[-170.70258983755093,-14.321625440661535],[-170.70253177372234,-14.320651110660208],[-170.70471725040076,-14.320809083772133],[-170.7049165860316,-14.321032171397519],[-170.7054379967661,-14.321271488188586],[-170.70545362338598,-14.321533547934848],[-170.70523825554102,-14.322002772809697],[-170.70472575978596,-14.321917985626499],[-170.7041788973382,-14.321801156498111],[-170.70374265689807,-14.321917985626499],[-170.7027969037541,-14.321960378768438],[-170.70258983755093,-14.321625440661535]]],[[[-170.71298511637,-14.316936283782411],[-170.7133480179966,-14.316806558375902],[-170.71343045794924,-14.31716048926512],[-170.7129478655515,-14.317199308501245],[-170.71298511637,-14.316936283782411]]],[[[-170.55340140405153,-14.278448027854154],[-170.55349691654942,-14.278571754782604],[-170.55367657951052,-14.278571754782604],[-170.55376641099105,-14.278571754782604],[-170.55394607395212,-14.278571754782604],[-170.55465049222641,-14.278630629799693],[-170.55475455727696,-14.278751417743706],[-170.55544636525752,-14.278837947812974],[-170.55592236742328,-14.27902091218533],[-170.55610203038438,-14.27902091218533],[-170.55622855330506,-14.279074052225667],[-170.55687382226907,-14.279147435105983],[-170.55737351077886,-14.279270163786975],[-170.55744950349177,-14.279380238107478],[-170.55762916645284,-14.279380238107478],[-170.55762916645284,-14.279470069588001],[-170.55814354808624,-14.279854002759976],[-170.55845844120407,-14.279982883703099],[-170.55861731273876,-14.280188721432296],[-170.55879697569983,-14.280188721432296],[-170.55879697569983,-14.280278552912819],[-170.5589766386609,-14.280278552912819],[-170.5589766386609,-14.280368384393398],[-170.55906647014146,-14.280368384393398],[-170.55915630162198,-14.280368384393398],[-170.55915630162198,-14.28045821587392],[-170.55938645162342,-14.28052750863759],[-170.55986471198685,-14.280866614202864],[-170.5601763594514,-14.281228353006043],[-170.56058025037822,-14.282133466686105],[-170.560822747172,-14.282568116225548],[-170.56071901127333,-14.282947148092376],[-170.56073795998884,-14.28318280194469],[-170.56100118165918,-14.283554059172445],[-170.56108434646538,-14.283920074251967],[-170.5613171269838,-14.2845539829799],[-170.56144367238755,-14.285567669112595],[-170.56117279568795,-14.286053167219848],[-170.56036569372176,-14.286518499828844],[-170.56001303537326,-14.286794683427843],[-170.55964704187744,-14.287057488712094],[-170.55903142356132,-14.287566716330844],[-170.55884522522695,-14.287782829713763],[-170.5586588946922,-14.287865972036911],[-170.55832906653316,-14.288049988616024],[-170.55789866089447,-14.28809389531699],[-170.55789866089447,-14.288183726797513],[-170.5577189979334,-14.288183726797513],[-170.5577189979334,-14.288273558278036],[-170.5575393349723,-14.288273558278036],[-170.55744950349177,-14.288273558278036],[-170.55744950349177,-14.288363389758558],[-170.55735967201122,-14.288363389758558],[-170.5572698405307,-14.288363389758558],[-170.5571584720858,-14.288492654712172],[-170.55689660929107,-14.288513687156865],[-170.55628169334545,-14.288453221239138],[-170.5558209778558,-14.288374958637405],[-170.5557427044622,-14.288273558278036],[-170.55556304150113,-14.288273558278036],[-170.55556304150113,-14.288183726797513],[-170.55542006998022,-14.288147035357326],[-170.55515581678748,-14.287974950083822],[-170.5551138831991,-14.287914232355888],[-170.5550240517186,-14.287914232355888],[-170.5550240517186,-14.287824400875365],[-170.55493422023804,-14.287824400875365],[-170.55484438875752,-14.287824400875365],[-170.55484438875752,-14.287734569394843],[-170.5547250810976,-14.28767421409367],[-170.55466472579644,-14.28755490643374],[-170.5545748943159,-14.28755490643374],[-170.5545748943159,-14.287375243472638],[-170.55439523135482,-14.287375243472638],[-170.55435753087534,-14.28758178357242],[-170.55430539987427,-14.287465074953218],[-170.5541257369132,-14.287465074953218],[-170.5541257369132,-14.287644737914263],[-170.55403590543267,-14.287644737914263],[-170.55394607395212,-14.287824400875365],[-170.55416242835335,-14.287879920521846],[-170.55400838168146,-14.288063498231793],[-170.55376641099105,-14.28800406383641],[-170.55367657951052,-14.28800406383641],[-170.55367657951052,-14.28809389531699],[-170.55358674802997,-14.28809389531699],[-170.55318748411509,-14.288413273353854],[-170.5528092094774,-14.288572671891245],[-170.55186663633617,-14.28884216633287],[-170.55112640346073,-14.288970980726106],[-170.55107146477624,-14.288902379541128],[-170.55098163329572,-14.288902379541128],[-170.5508610324107,-14.289032542917482],[-170.54979007205415,-14.288719020366443],[-170.54899865066716,-14.288441630776617],[-170.54798006322932,-14.287902641893368],[-170.5474418414678,-14.287321763488535],[-170.5469328332836,-14.286850125732656],[-170.54637886439306,-14.286064363779303],[-170.54631039450908,-14.285848107404206],[-170.54634057215964,-14.285339296171514],[-170.54649005747015,-14.285039624079332],[-170.5463324359931,-14.28409935410184],[-170.54581300916303,-14.283886749873545],[-170.54577140562583,-14.28297349912765],[-170.54577140562583,-14.282614173205502],[-170.54586123710638,-14.282614173205502],[-170.546130731548,-14.28243450934508],[-170.546130731548,-14.282344677864558],[-170.54622056302853,-14.282344677864558],[-170.5462809183297,-14.282225371103948],[-170.5464002259896,-14.282165014903455],[-170.5464304036402,-14.282015529592968],[-170.54657988895067,-14.281715857500785],[-170.54657988895067,-14.281626026020263],[-170.54666972043123,-14.281626026020263],[-170.54679624335193,-14.281393223018767],[-170.54711887783392,-14.281176868617536],[-170.54741291387484,-14.280795917597459],[-170.54765786761646,-14.280727711214865],[-170.5479519036574,-14.280346760194789],[-170.5481968564997,-14.280278552912819],[-170.54832627433805,-14.2800911153127],[-170.54864601390238,-14.28000905847125],[-170.54864601390238,-14.279919226990671],[-170.54873584538294,-14.279919226990671],[-170.54882567686346,-14.279919226990671],[-170.54882567686346,-14.279829395510149],[-170.548915508344,-14.279829395510149],[-170.54930455236317,-14.27969623829074],[-170.5502629814514,-14.279919226990671],[-170.5507121388541,-14.279919226990671],[-170.5508889068975,-14.279873861589408],[-170.55105617899943,-14.279631584230174],[-170.5514839316381,-14.279343546667292],[-170.55152062307826,-14.279290406626899],[-170.55152062307826,-14.279200575146376],[-170.5516104545588,-14.279200575146376],[-170.55170028603933,-14.279200575146376],[-170.55170028603933,-14.279110743665854],[-170.5517901175199,-14.279110743665854],[-170.55185047282103,-14.278991436005924],[-170.55196978048096,-14.278931080704751],[-170.5520301357821,-14.278811773044822],[-170.55214944344203,-14.278751417743706],[-170.55223927492258,-14.278751417743706],[-170.55223927492258,-14.278661586263127],[-170.5523291064031,-14.278661586263127],[-170.55236823230805,-14.278610891479389],[-170.55251107252795,-14.278500630099927],[-170.5527782638058,-14.278540118431692],[-170.55340140405153,-14.278448027854154]]],[[[-170.6239722662071,-14.250856207847676],[-170.62370182927597,-14.250614555517302],[-170.6229331508442,-14.250494776612584],[-170.62210302083773,-14.249981578486995],[-170.62190614125538,-14.249475509287265],[-170.62211736412502,-14.24888683376031],[-170.6225681888708,-14.248525632751694],[-170.62319915861426,-14.248752042472745],[-170.62359443043857,-14.249028138837502],[-170.62433271088588,-14.249854442228695],[-170.62452963453498,-14.25028347730057],[-170.62449651789996,-14.25083919986912],[-170.62401466024835,-14.25090364618626],[-170.6239722662071,-14.250856207847676]]],[[[-170.67239226788882,-14.24465701101218],[-170.67229576883463,-14.244573867789711],[-170.6722541868812,-14.244525607470734],[-170.6720411878505,-14.244320964940528],[-170.67180211207778,-14.243956309635962],[-170.6710510675527,-14.242143537194465],[-170.6709525288361,-14.24132339685724],[-170.6711321917972,-14.24079849855184],[-170.67122022553295,-14.240527206365414],[-170.67131185475827,-14.24025950966859],[-170.67141874907597,-14.23927562886712],[-170.67192459974046,-14.239536219121192],[-170.67221017046296,-14.239628890660754],[-170.67274556295735,-14.239991813871086],[-170.67328814822943,-14.240167879543947],[-170.67404776868955,-14.240823029359262],[-170.67517461022007,-14.241695015612436],[-170.67687772472718,-14.243124720929075],[-170.67696944298538,-14.243313781805512],[-170.6775318547113,-14.243965882919099],[-170.6787783330536,-14.245027697170428],[-170.67945891209908,-14.245013814336005],[-170.680023714223,-14.245469738237773],[-170.68031082008824,-14.245647602554754],[-170.68101186140825,-14.24546793959371],[-170.68180981726923,-14.245338039718717],[-170.68217967065524,-14.244839119229937],[-170.68224511432055,-14.244751085494158],[-170.6827510090518,-14.245134964706835],[-170.6828983233989,-14.245739232679398],[-170.68317314722293,-14.246374424739884],[-170.68316288326042,-14.246878048682959],[-170.6832973885636,-14.24766669566145],[-170.68501149098748,-14.248031032606036],[-170.68552679442598,-14.247854648573139],[-170.68624570977167,-14.247367330238035],[-170.68676287660546,-14.247266368747887],[-170.68740283867004,-14.247102353990385],[-170.68855770847145,-14.248164683553284],[-170.689071520834,-14.248501563296486],[-170.6896374857813,-14.248612043211153],[-170.6898243855869,-14.248708321931474],[-170.68981508659695,-14.249164146907788],[-170.68943372009008,-14.250104340442931],[-170.68854426450616,-14.251341059342394],[-170.68837984415447,-14.251847776053978],[-170.68819838254927,-14.252295135711904],[-170.6881002395344,-14.252697754098051],[-170.68811142440268,-14.253246634624418],[-170.68837984415447,-14.253642607919971],[-170.688533496024,-14.254116099178589],[-170.68999591238142,-14.254086249780585],[-170.69070599998187,-14.254100736060082],[-170.69112500221706,-14.253782816723572],[-170.6921905009908,-14.252673826735645],[-170.6923306324527,-14.252384967192427],[-170.69243304185136,-14.252186179248724],[-170.69273757208126,-14.2518935911163],[-170.69291363865347,-14.251710330867013],[-170.69306791555184,-14.251562107305347],[-170.69362264077222,-14.251292985183056],[-170.69441687973517,-14.251309192765007],[-170.69439112135314,-14.252571571121052],[-170.69510440064755,-14.25325688779509],[-170.69536613124194,-14.253796370406121],[-170.69635536300956,-14.25393446220562],[-170.69749684460368,-14.253911170663969],[-170.6976838766096,-14.253914986487416],[-170.69820200841593,-14.254266197826723],[-170.6989799633546,-14.254361260663586],[-170.69968432766956,-14.254505525409627],[-170.70109070816963,-14.254345787827788],[-170.70142461565345,-14.254460072774066],[-170.70176294240585,-14.254812215811057],[-170.70185550422812,-14.254901148868896],[-170.70176294240585,-14.254990081027358],[-170.70163089225184,-14.255531767876732],[-170.701473545068,-14.255837197428662],[-170.70131558274792,-14.25635869539741],[-170.70169588715544,-14.257096921885363],[-170.7021240669721,-14.257235868940143],[-170.70232888576945,-14.25734138189921],[-170.70273621930104,-14.25837412556541],[-170.7028409210716,-14.2591241295749],[-170.70294769398086,-14.259645409008385],[-170.70320204473856,-14.260020645736176],[-170.7033725076351,-14.260372021651449],[-170.70365120304055,-14.260739298479791],[-170.70369521945878,-14.260964776503215],[-170.70378505093933,-14.260964776503215],[-170.70378505093933,-14.26114443946426],[-170.70370239065278,-14.261677309360266],[-170.70393731065835,-14.26194998380464],[-170.70469699676894,-14.262396915385295],[-170.70614682351706,-14.262713146694296],[-170.7073818975565,-14.262601569606716],[-170.7075421072824,-14.262314431365894],[-170.70746165123418,-14.261313070441815],[-170.70794466001803,-14.261043586792027],[-170.70860324164624,-14.260990666186274],[-170.70902930535811,-14.261118943684266],[-170.70925322665505,-14.262174156911783],[-170.7095825287107,-14.262091014588634],[-170.710024996956,-14.261904662470158],[-170.71048084351608,-14.26173168866643],[-170.7107965810973,-14.261555524068115],[-170.7113683907386,-14.261509576805452],[-170.71148677659343,-14.261902798175527],[-170.7123321168337,-14.262013399498755],[-170.7125033576438,-14.262479696181003],[-170.71218764254564,-14.263528319176544],[-170.71200797958457,-14.26401755666484],[-170.7121070992632,-14.26482650044261],[-170.71255865785574,-14.264962454553597],[-170.71317578973088,-14.265318260529227],[-170.71325893205403,-14.266223264491998],[-170.71335545269196,-14.266396238295727],[-170.713515782927,-14.266755565117194],[-170.71398427305573,-14.266672422794045],[-170.7147578303096,-14.266503691991772],[-170.71556178554795,-14.266808770808098],[-170.71571927572396,-14.267672192817372],[-170.7160524925285,-14.26805895525655],[-170.71666808836156,-14.268444533288516],[-170.71676904985173,-14.269001353029978],[-170.7168521921749,-14.269547031070601],[-170.71725514061222,-14.269894185568148],[-170.7177047584678,-14.270704445054037],[-170.7184357580038,-14.270870511165128],[-170.7190075235783,-14.271281068766257],[-170.71910085342162,-14.271994435294914],[-170.7202355793085,-14.271903266522486],[-170.7208856083841,-14.272278032005545],[-170.72121662095026,-14.27266223947072],[-170.72171422483157,-14.272775285151226],[-170.72135045805717,-14.27323978408873],[-170.72156855534453,-14.273921317314887],[-170.7221505857809,-14.274377142291257],[-170.72277639071783,-14.27451931341551],[-170.7228063930006,-14.274892664264996],[-170.722543642575,-14.275516583323622],[-170.7227289640704,-14.27653873477476],[-170.72251119413627,-14.277537145922508],[-170.72258005972196,-14.278394229510013],[-170.7223386043431,-14.279276479725695],[-170.72246800059773,-14.279652846901342],[-170.72321273997593,-14.280187614366866],[-170.7233788717375,-14.28109834251444],[-170.72376921977366,-14.281797979992746],[-170.72346430553324,-14.282054973857896],[-170.7222209748181,-14.282429312163003],[-170.72196591089804,-14.282649066001568],[-170.72157032161303,-14.283108223865383],[-170.7210327032966,-14.283153162088695],[-170.7209846947878,-14.283325544138506],[-170.7208139027394,-14.283742845755683],[-170.72076320795566,-14.283781982452467],[-170.72076320795566,-14.284141308374615],[-170.72076320795566,-14.284231139855194],[-170.7206733764751,-14.284231139855194],[-170.72062023643474,-14.284447494256426],[-170.72058354499458,-14.284859961118286],[-170.72058354499458,-14.284949792598809],[-170.72049371351403,-14.284949792598809],[-170.72054685355442,-14.28516614700004],[-170.72058354499458,-14.285758275923627],[-170.7206733764751,-14.285758275923627],[-170.7206733764751,-14.285937938884729],[-170.7206733764751,-14.286117601845831],[-170.72075163907687,-14.286171641208227],[-170.72088973087637,-14.286709731668736],[-170.72094287091673,-14.286836254589446],[-170.7210327032966,-14.286836254589446],[-170.7210327032966,-14.286926086069968],[-170.7213021977382,-14.28710574903107],[-170.72139202921875,-14.28710574903107],[-170.72139202921875,-14.287195580511593],[-170.72148186069927,-14.287195580511593],[-170.72169367532283,-14.287249937334707],[-170.72204502875505,-14.287478738353059],[-170.72211068106304,-14.287734569394843],[-170.7222005125436,-14.287734569394843],[-170.7222005125436,-14.287824400875365],[-170.7228290810972,-14.288216733715217],[-170.72367842332056,-14.288315129439638],[-170.72417680601475,-14.28809389531699],[-170.72417680601475,-14.28800406383641],[-170.7242666374953,-14.28800406383641],[-170.72435646897583,-14.28800406383641],[-170.72435646897583,-14.287914232355888],[-170.72444630045638,-14.287914232355888],[-170.7245361319369,-14.287914232355888],[-170.72522882844765,-14.287121397234671],[-170.72534461616107,-14.286746423108866],[-170.72528496233113,-14.286626413078466],[-170.72525478468054,-14.286387096287399],[-170.7251649532,-14.286387096287399],[-170.7251649532,-14.286297264806876],[-170.72511243818843,-14.286040863594906],[-170.7251214844689,-14.28559764981162],[-170.72562309123265,-14.285225811621842],[-170.72630619287648,-14.285059285057912],[-170.72719029569555,-14.284281538761945],[-170.72844470246102,-14.284187123436936],[-170.7292880246226,-14.284091337545135],[-170.7296691069437,-14.283510097612862],[-170.73059194086534,-14.282825998620922],[-170.73103684447477,-14.282076532405995],[-170.73132640638852,-14.281941335524152],[-170.73188681172695,-14.28232120016321],[-170.73225804647163,-14.28270760107489],[-170.7324871208839,-14.282927684065328],[-170.73258409118284,-14.283028613179908],[-170.7325691561416,-14.283760390629482],[-170.73345150528272,-14.284608132059589],[-170.73453744384793,-14.284759733474857],[-170.73490371163695,-14.284948410340803],[-170.7350384039991,-14.285638354026787],[-170.73618054299763,-14.285615052592561],[-170.73679324391304,-14.286252755560156],[-170.737517686492,-14.286341282124397],[-170.7380040506464,-14.286670967291286],[-170.7385604863773,-14.287817909568844],[-170.7394070434003,-14.288177279557772],[-170.73940018966698,-14.288513412863665],[-170.73895139379175,-14.288944597315265],[-170.7387542516074,-14.289350966773668],[-170.73877656648534,-14.290444592743711],[-170.73944188133774,-14.291237132887318],[-170.74015557701824,-14.291660805301888],[-170.74122233754082,-14.291639027319206],[-170.7418729143035,-14.290961902569677],[-170.74201803520413,-14.290834656594086],[-170.74244530490688,-14.291279372245185],[-170.74329565527026,-14.291836882665962],[-170.74441740933594,-14.291813986825957],[-170.74489937670484,-14.292009484150356],[-170.74542800270012,-14.291998694084441],[-170.7456905561742,-14.292271960282676],[-170.74597768362318,-14.292365136341914],[-170.74624032433147,-14.292359774583872],[-170.7465766339045,-14.292009747651662],[-170.74715139332213,-14.291583672248635],[-170.74741358436938,-14.291456469440448],[-170.74827297112068,-14.291474015213566],[-170.7486984646624,-14.291762436786996],[-170.74885246816683,-14.29223702341983],[-170.74928741358323,-14.292448026854913],[-170.7498758040251,-14.292846873484393],[-170.75040818019335,-14.293565043292062],[-170.7511337739045,-14.293741931844636],[-170.75157317186435,-14.294855965230568],[-170.7519512162756,-14.295413661810983],[-170.7521142777517,-14.295916157104898],[-170.75237846439458,-14.296169981759192],[-170.75321201632147,-14.296312580960773],[-170.75369187747813,-14.29594846255145],[-170.75395325733692,-14.295142972170368],[-170.7543163118483,-14.294438224744226],[-170.75462289253244,-14.292867774628064],[-170.75477149021208,-14.292433661983864],[-170.75513836054688,-14.291892424795549],[-170.75530432773252,-14.291732971399483],[-170.75547707130977,-14.29155317713736],[-170.7557851979285,-14.2914531905123],[-170.75647130330796,-14.291553450531296],[-170.75715735472812,-14.29143643524327],[-170.75774552483608,-14.291556904827246],[-170.75808730588443,-14.291732971399483],[-170.7582687674896,-14.291821004235885],[-170.75901566703936,-14.292448005271183],[-170.76051056421113,-14.292141818490109],[-170.76142156665196,-14.291450559096006],[-170.76159073542408,-14.290915594678893],[-170.7612220223784,-14.29037164873256],[-170.7610535442856,-14.290024373725828],[-170.7609469242611,-14.28992193195154],[-170.7605643067973,-14.289133284973104],[-170.7606969163296,-14.288485877421238],[-170.7610095278674,-14.288185525441577],[-170.7611855944396,-14.288002266091667],[-170.76132673494084,-14.287866662716283],[-170.76151191344402,-14.28787043537227],[-170.76203264429108,-14.28813870133996],[-170.76282580946352,-14.288249423172317],[-170.76376541034537,-14.289329024215021],[-170.76392815346148,-14.289485384842578],[-170.7643933430783,-14.290112922773119],[-170.76492976619573,-14.289929322580122],[-170.7657136647538,-14.28994531072749],[-170.76640034030345,-14.28939101358435],[-170.7667605439639,-14.289398361045471],[-170.76698202989672,-14.289854898284887],[-170.76728869871445,-14.290149536871581],[-170.76791529325615,-14.29030229031838],[-170.76841705380397,-14.290292059630815],[-170.7686874259839,-14.290475329772619],[-170.76914658384774,-14.290747895399022],[-170.76941129749335,-14.29102340990238],[-170.7701851838991,-14.291007618706601],[-170.7704934759931,-14.291477852620744],[-170.77074648855958,-14.29225754055301],[-170.7715947560931,-14.2920837987283],[-170.772026181563,-14.292092604889774],[-170.7725860715899,-14.292284242323888],[-170.77384974407042,-14.29317312683827],[-170.77420753484984,-14.293165823443928],[-170.77482159554017,-14.292699877497284],[-170.77497563231955,-14.291910835716465],[-170.77506974007642,-14.291635891383237],[-170.77544634827032,-14.291643578788069],[-170.77605181144193,-14.292273758926797],[-170.77650546545485,-14.292493841917235],[-170.77693809781493,-14.292716710108039],[-170.77722847091718,-14.292809151421181],[-170.77748338105317,-14.292543834330445],[-170.7778119924295,-14.292361791763255],[-170.7782549427114,-14.292662045716781],[-170.77838922947933,-14.293349938948495],[-170.77850508284328,-14.293461252534712],[-170.77865872392096,-14.294248253753835],[-170.77884720383537,-14.294712928059141],[-170.7791475998818,-14.29500153579221],[-170.779769347977,-14.295246774618931],[-170.780376532451,-14.295234382860428],[-170.78076750641526,-14.295032963500432],[-170.78109961525502,-14.294584946438079],[-170.7812638386552,-14.294246456009091],[-170.78135546877982,-14.294158422273313],[-170.78144350161628,-14.293258308823852],[-170.78154141440473,-14.292300262846823],[-170.78171974007392,-14.291254820753352],[-170.7817061755995,-14.290589998729388],[-170.78185748653374,-14.289999569524468],[-170.78244332649828,-14.289273822928521],[-170.78312256285597,-14.288770318595255],[-170.78324013212637,-14.288048080254669],[-170.78336357936567,-14.287808446002941],[-170.78439233723654,-14.288225736828224],[-170.78476906593963,-14.288317575595613],[-170.78489251857485,-14.289201887057402],[-170.78506719209722,-14.289540970139626],[-170.78558218257163,-14.290300711108898],[-170.78662016928536,-14.290710117577817],[-170.78738963102663,-14.290835368857131],[-170.78791848814768,-14.291107813075087],[-170.78809103387408,-14.291463476957858],[-170.78820131144136,-14.291569427886714],[-170.78950284807794,-14.29154286910807],[-170.79003656873263,-14.291181086238112],[-170.7901804395756,-14.290444121498979],[-170.79050976861092,-14.290127704030283],[-170.79117294487548,-14.290396705643388],[-170.79141480045266,-14.29102661148886],[-170.79122299304666,-14.291586995243563],[-170.79123744515195,-14.292295317474895],[-170.79186575649945,-14.292898982901704],[-170.79195378933588,-14.292990613026348],[-170.79286619561842,-14.293168477343329],[-170.79339109392382,-14.292988814382227],[-170.7938420499706,-14.292900781545768],[-170.79411064509017,-14.292808843853038],[-170.7944046154806,-14.292909466298795],[-170.79493619664814,-14.292898620474887],[-170.79544284770924,-14.292371288604045],[-170.79554773024353,-14.291726995404474],[-170.79580435089005,-14.291480440869577],[-170.79690020897743,-14.291373261466788],[-170.7971095234857,-14.291155404298422],[-170.7972538493856,-14.290563363508397],[-170.79757446578893,-14.290140830534881],[-170.79799294731663,-14.28973875983587],[-170.7990576672775,-14.289760493751714],[-170.79923714407892,-14.290130435271351],[-170.79922645833435,-14.29065409431098],[-170.7992343202077,-14.291039430425315],[-170.79941316658434,-14.29173727015882],[-170.7998333802063,-14.291941134775527],[-170.8000142275745,-14.291752907570583],[-170.8005912622769,-14.291643139918904],[-170.80084711040578,-14.291931977878448],[-170.80062350746886,-14.293023674802726],[-170.80123608787514,-14.293425295840677],[-170.80203605641884,-14.293617634746],[-170.80274068873177,-14.293254645885156],[-170.8029762112831,-14.29276918105279],[-170.80329892850273,-14.292631286204823],[-170.80363188720182,-14.29308044450687],[-170.80373655569747,-14.29318101119469],[-170.80440767117705,-14.293167314519906],[-170.80506919178976,-14.292898982901704],[-170.8058374529361,-14.292810950065245],[-170.80625514935562,-14.293374425689137],[-170.80651946819887,-14.29362837085256],[-170.8073799737068,-14.293610814287604],[-170.807820221526,-14.293723640533528],[-170.80831419664284,-14.293892711279568],[-170.80848278894953,-14.294257026640423],[-170.80820786709936,-14.294790696933092],[-170.80821554281303,-14.295166965183228],[-170.80910216823045,-14.295869904072788],[-170.80948678668582,-14.296043085619885],[-170.810009925018,-14.29577359117826],[-170.8102812181037,-14.295685558341802],[-170.81075010843074,-14.295525063530818],[-170.81108790368378,-14.295670513583275],[-170.81054891390121,-14.296312580960773],[-170.8102812181037,-14.296763537007564],[-170.8097612103116,-14.297104472693206],[-170.80969641415817,-14.297436373789594],[-170.80977618492298,-14.29790597188304],[-170.81013528061868,-14.298547391748684],[-170.8103759347016,-14.298733152113243],[-170.81041506600246,-14.298783846896981],[-170.810504897483,-14.298783846896981],[-170.810504897483,-14.298963509858027],[-170.81096809690013,-14.299060425298364],[-170.81161335507224,-14.298795382500828],[-170.81242295175778,-14.299669156606228],[-170.81324674424184,-14.30015345951449],[-170.8136554051728,-14.300594513126214],[-170.8149229816103,-14.300729414131126],[-170.81545797840295,-14.301458812873875],[-170.81557866832085,-14.301997549946918],[-170.815227818509,-14.302998548444236],[-170.81550595993207,-14.303524180596412],[-170.8157185524692,-14.303721159104157],[-170.81600437500188,-14.304029636458495],[-170.8162109097057,-14.304127111277126],[-170.81643120673476,-14.30424367780347],[-170.81714859772958,-14.304215243038982],[-170.81795762424494,-14.303787150456571],[-170.81809395067526,-14.303498290913353],[-170.81865842454664,-14.302847450649267],[-170.81899226548063,-14.302330480767012],[-170.8191321505283,-14.302200865977113],[-170.8196199401081,-14.30137113077302],[-170.82000200988483,-14.300872900963554],[-170.82063234920352,-14.300575410626664],[-170.82096855895182,-14.300806766618962],[-170.82133130679435,-14.300893177078422],[-170.8214177172538,-14.301002801737866],[-170.8210733920234,-14.30165350980161],[-170.82128804670597,-14.302059166097592],[-170.82204995863864,-14.302240649286489],[-170.82213942859173,-14.30270925992437],[-170.82240928456082,-14.302959302030104],[-170.82270593583024,-14.303279468772416],[-170.823157506114,-14.30340845943283],[-170.8238436177887,-14.3032286759626],[-170.82399161112392,-14.303234542240261],[-170.82420249404984,-14.303681374895461],[-170.82439269526665,-14.304040833018007],[-170.82437192632332,-14.304564832001347],[-170.82478591663673,-14.305166446074566],[-170.82492456781452,-14.305294921423467],[-170.82519064033576,-14.3057474998472],[-170.82568642488857,-14.306509357820573],[-170.8257346798116,-14.30655092898212],[-170.82626699032932,-14.307186438503265],[-170.82661782934932,-14.307488698844338],[-170.8266745711745,-14.307677167067538],[-170.82681102980516,-14.307720372297297],[-170.82725013188804,-14.30805708656527],[-170.82813696864616,-14.308337865699912],[-170.8289951215276,-14.308455144489301],[-170.82975922690676,-14.309279824604175],[-170.8302246296629,-14.309427171326831],[-170.8311776313426,-14.30981862732773],[-170.8321657731319,-14.310985142450306],[-170.83294758526281,-14.311232672749611],[-170.8332890038844,-14.311601155568837],[-170.83327540883303,-14.3119441641918],[-170.83328786893998,-14.312258574373686],[-170.83326551269323,-14.312822653442652],[-170.83332210433161,-14.31396537340322],[-170.83345169753778,-14.314081171908526],[-170.8335017672927,-14.314773857627358],[-170.83354090129154,-14.315094057644615],[-170.83359159877324,-14.31540267799113],[-170.83364148146916,-14.315442615084578],[-170.83372137813907,-14.315722066819887],[-170.83384246555732,-14.315819026326949],[-170.83405463091646,-14.316322529760896],[-170.83413058765646,-14.31692981405962],[-170.83417721660524,-14.316973019289378],[-170.8343534531493,-14.317245934752066],[-170.83462637490726,-14.31760183965315],[-170.83474753517058,-14.31798454435119],[-170.83575620128764,-14.319096297056433],[-170.83657091421628,-14.319575259790383],[-170.83833017609672,-14.319669060878425],[-170.83906390597446,-14.319861335032556],[-170.83952620606954,-14.32010595872299],[-170.8400162655382,-14.320296784968605],[-170.84096912512499,-14.320726138400516],[-170.84160458518343,-14.320847464139092],[-170.84203576154113,-14.320830357235138],[-170.84229749753146,-14.320840730914938],[-170.8429772788783,-14.321018858733282],[-170.8436232502128,-14.321121760960466],[-170.84360104775013,-14.321681936072423],[-170.84229614944772,-14.322297773823152],[-170.84165489056073,-14.323078119159845],[-170.8412927875321,-14.323413627436935],[-170.8405984569532,-14.32348751483687],[-170.84041879399211,-14.32348751483687],[-170.84041879399211,-14.323397683356347],[-170.8394433020667,-14.323446963506512],[-170.83886741040263,-14.323648820836354],[-170.8378157692823,-14.324560909658203],[-170.8373081226717,-14.324788361693493],[-170.8371848597934,-14.324655324983212],[-170.83700519683234,-14.324655324983212],[-170.83700519683234,-14.32456549350269],[-170.8363661997403,-14.324607908228359],[-170.8356889976491,-14.324874113849205],[-170.83452904757746,-14.324795862039366],[-170.83408316910294,-14.324526893701147],[-170.83346263329386,-14.324424955547215],[-170.83332210433161,-14.324385829642267],[-170.83319313885224,-14.324436536117219],[-170.83282224944722,-14.324514787027738],[-170.83243535480776,-14.324666882170845],[-170.83168252243044,-14.324876525830973],[-170.83130667686163,-14.325155187961514],[-170.8309431016428,-14.325372638636338],[-170.83065472593483,-14.325850702048228],[-170.8304798086962,-14.326278082367537],[-170.82998000867045,-14.326417259648792],[-170.8297089098383,-14.326626507607216],[-170.829420214871,-14.32704164995215],[-170.8291391569465,-14.327389396203614],[-170.82901019146715,-14.327619764740291],[-170.82901019146715,-14.327979090662438],[-170.82910002294767,-14.327979090662438],[-170.82910002294767,-14.328248585104063],[-170.82918985442822,-14.328248585104063],[-170.82918985442822,-14.328787574886633],[-170.82910002294767,-14.328787574886633],[-170.82910002294767,-14.328967237847678],[-170.82910002294767,-14.329057069328258],[-170.82910002294767,-14.329236732289303],[-170.8289447828754,-14.329437844081212],[-170.82865086464565,-14.329057069328258],[-170.82849405165913,-14.329034216655714],[-170.8283585202295,-14.328900259039699],[-170.82820170724295,-14.328877406367155],[-170.82799266702793,-14.328955943262145],[-170.82692702526197,-14.328847338433889],[-170.82582532787654,-14.32910613004384],[-170.825122285565,-14.32918767157372],[-170.8250576045248,-14.328967237847678],[-170.82452297375622,-14.32931340488966],[-170.82354257962632,-14.329580267914992],[-170.82284003104257,-14.329893757191087],[-170.82182321976575,-14.330614712199178],[-170.82080976925542,-14.330696143112448],[-170.8202965333583,-14.33058420539669],[-170.8202965333583,-14.33067403687727],[-170.8200270389167,-14.33067403687727],[-170.8200270389167,-14.330763868357792],[-170.81984737595562,-14.330763868357792],[-170.81984737595562,-14.330853699838315],[-170.819577881514,-14.330853699838315],[-170.81945787238288,-14.33091335366828],[-170.81930838707237,-14.330943531318894],[-170.81918837794126,-14.331003185148802],[-170.81894906115022,-14.331033362799417],[-170.81891619632538,-14.331196159874821],[-170.81876939728983,-14.33112319427994],[-170.81871706933725,-14.331160696908569],[-170.81864206318065,-14.331265354612356],[-170.81821822529085,-14.331553841836296],[-170.81806556537353,-14.331766840866976],[-170.81781408255384,-14.331947095581938],[-170.81646405986845,-14.33167733763895],[-170.81620900224362,-14.331237413575707],[-170.81612678082624,-14.330531876544796],[-170.81607445197434,-14.330404541536325],[-170.81607445197434,-14.330314710055802],[-170.81598462049382,-14.330314710055802],[-170.81598462049382,-14.330224878575223],[-170.81541208150233,-14.329783858238443],[-170.81481681034748,-14.328967237847678],[-170.81413963073933,-14.32842544128107],[-170.81396837913735,-14.328019028655206],[-170.81386861194684,-14.327939153569048],[-170.81382866406156,-14.327799427701393],[-170.81356157620576,-14.327453391960432],[-170.81279252005874,-14.326918570535554],[-170.81257102243472,-14.326631618454371],[-170.81248119095417,-14.326631618454371],[-170.81219783616118,-14.326579925423175],[-170.81172096255236,-14.326313874485663],[-170.81153462122577,-14.326230709679464],[-170.8111337187461,-14.32600279719128],[-170.81095405578503,-14.32600279719128],[-170.81095405578503,-14.325912965710756],[-170.81086422340516,-14.325912965710756],[-170.81086422340516,-14.325823134230234],[-170.8107743919246,-14.325823134230234],[-170.8106845604441,-14.325823134230234],[-170.8106845604441,-14.325733302749654],[-170.810504897483,-14.325733302749654],[-170.81041506600246,-14.325733302749654],[-170.81041506600246,-14.325643471269132],[-170.80948491159936,-14.32542222635459],[-170.80885924965463,-14.325560679681587],[-170.80799629889006,-14.326099317829232],[-170.8075404577259,-14.326362123113427],[-170.8075404577259,-14.326451955493326],[-170.80745062624538,-14.326451955493326],[-170.80745062624538,-14.326541786973849],[-170.80736079476483,-14.326541786973849],[-170.8072709632843,-14.326721449934894],[-170.8072709632843,-14.326811281415473],[-170.80722026310463,-14.327030070281467],[-170.80714022344253,-14.328879226595006],[-170.80691478948592,-14.329738043176121],[-170.8065145012432,-14.330277952965105],[-170.80646247906014,-14.33058420539669],[-170.80646247906014,-14.33067403687727],[-170.8063726475796,-14.33067403687727],[-170.8063162232151,-14.3308614412025],[-170.80579136897646,-14.331470655446367],[-170.8055188204372,-14.331622706522637],[-170.80471410347306,-14.331979927131897],[-170.80448618558896,-14.332021509085337],[-170.80430652262788,-14.332021509085337],[-170.80430652262788,-14.331931677604814],[-170.80425338258752,-14.331968369044944],[-170.80412963407534,-14.3321475940362],[-170.80363213901197,-14.332036071807238],[-170.80349803930304,-14.331841846124235],[-170.803258722512,-14.331811668473676],[-170.80290010885292,-14.33163340935431],[-170.80286921803994,-14.33157235168261],[-170.80227057532676,-14.331542174032052],[-170.80215056619565,-14.331482520202087],[-170.80215056619565,-14.33157235168261],[-170.80197090323458,-14.33157235168261],[-170.80147578238143,-14.331881388415297],[-170.80048973061653,-14.331981966794274],[-170.79955213612214,-14.33256718802528],[-170.7992759579191,-14.332650330348429],[-170.7992759579191,-14.332740161828951],[-170.79918612643857,-14.332740161828951],[-170.7989479059211,-14.333048782175524],[-170.79868127851816,-14.332927325135927],[-170.79835007439638,-14.332498235205321],[-170.79789074026542,-14.332143690079192],[-170.79764368211022,-14.331540046236114],[-170.79756915888953,-14.331482520202087],[-170.797479327409,-14.331482520202087],[-170.797479327409,-14.331392688721564],[-170.7969902212217,-14.33125296285391],[-170.79640134874322,-14.331213025760462],[-170.7963115172627,-14.331213025760462],[-170.7963115172627,-14.33112319427994],[-170.795358861822,-14.331182913760415],[-170.79487421267476,-14.331482520202087],[-170.79483100834435,-14.33161897793343],[-170.79477491852765,-14.333034131320062],[-170.79420462154602,-14.333965541176724],[-170.79392927161857,-14.3342206707473],[-170.79368520640713,-14.334484090268518],[-170.7936165719472,-14.33426729699812],[-170.79352674046666,-14.33426729699812],[-170.79352674046666,-14.334177465517598],[-170.79343690898614,-14.334177465517598],[-170.79343690898614,-14.334087634037019],[-170.7932026913511,-14.334022409806323],[-170.79263205982167,-14.3335993507294],[-170.79194890421851,-14.333677602539296],[-170.79150996131563,-14.333850159956853],[-170.79105058941315,-14.333947096980921],[-170.7908317942519,-14.334087634037019],[-170.7908317942519,-14.334177465517598],[-170.79074196277134,-14.334177465517598],[-170.7905256083701,-14.334320437038514],[-170.7903826368492,-14.334357128478644],[-170.7901734428501,-14.334832406690168],[-170.79011314240756,-14.33579443306661],[-170.7902029738881,-14.33579443306661],[-170.7902029738881,-14.336063927508178],[-170.790144553928,-14.33639963363612],[-170.78960458298508,-14.336717048452954],[-170.78912499612164,-14.336333421949803],[-170.78894533226125,-14.336333421949803],[-170.78772745325932,-14.336435206319663],[-170.7872233787559,-14.33666013665595],[-170.78710712519364,-14.336920661259455],[-170.78700486957905,-14.337008759746425],[-170.7874561107109,-14.337144625723852],[-170.78749229223547,-14.337594901883165],[-170.78704402336297,-14.338115205552242],[-170.7864564611967,-14.338621406952313],[-170.78601578530024,-14.339242923921745],[-170.7858494844661,-14.33961560657491],[-170.78566982150502,-14.33993762681996],[-170.78575297462007,-14.340424089899784],[-170.78664332323075,-14.341397981031946],[-170.7868750245627,-14.341813254677902],[-170.7869690396894,-14.342531797704282],[-170.7869690396894,-14.342621629184805],[-170.78705887116993,-14.342621629184805],[-170.78705887116993,-14.342711460665328],[-170.78711852410058,-14.342831469796465],[-170.78714870265048,-14.343070786587475],[-170.787238534131,-14.343070786587475],[-170.787238534131,-14.34387926991235],[-170.7872687117816,-14.344028755222837],[-170.78747785092204,-14.344448437345477],[-170.78750802857263,-14.344957248578112],[-170.7875447200128,-14.345100220099027],[-170.78769586097516,-14.345332321629314],[-170.7877976066742,-14.345786194177492],[-170.78754093116902,-14.346157955025546],[-170.78732836561156,-14.34630472078618],[-170.78729818796097,-14.346454206096666],[-170.787238534131,-14.346574216127124],[-170.787238534131,-14.346664047607646],[-170.78714870265048,-14.346664047607646],[-170.78714870265048,-14.346753879088226],[-170.78705887116993,-14.346753879088226],[-170.78701892238533,-14.346983436436403],[-170.78691915609414,-14.347332805064866],[-170.78683906247272,-14.347793038517864],[-170.78663933203953,-14.348491622890037],[-170.7862972380271,-14.349303462484784],[-170.78535190216851,-14.35005985887534],[-170.78503681209918,-14.350595887190423],[-170.78499274621822,-14.351245454913794],[-170.7851180514569,-14.351543789714071],[-170.78499274621822,-14.352053938238612],[-170.78495524269027,-14.352555424493175],[-170.7848505858858,-14.35307958805248],[-170.78481308235783,-14.353581074307101],[-170.78481308235783,-14.353940400229249],[-170.7848727361878,-14.353970577879807],[-170.7849330923883,-14.35435937998136],[-170.78505239914887,-14.354599399142899],[-170.78508257769877,-14.354838715933965],[-170.78508257769877,-14.354928547414488],[-170.78518956464666,-14.355027677885005],[-170.78532364277186,-14.355590572546816],[-170.7853041733489,-14.356081816422659],[-170.7849142470948,-14.356818715511281],[-170.7835984220295,-14.357439706377306],[-170.7826197114305,-14.357626563015401],[-170.78216476329317,-14.357939613422388],[-170.7814893166786,-14.358252313093715],[-170.7814893166786,-14.358342144574294],[-170.78139948519805,-14.358342144574294],[-170.7812697049329,-14.35839203896137],[-170.78011629383187,-14.358476738910326],[-170.77937330813162,-14.358741408489152],[-170.77903385183077,-14.358940963554574],[-170.77865465628733,-14.3591007344113],[-170.7781430598543,-14.359509910653799],[-170.7776265612168,-14.359599786201102],[-170.77758403587453,-14.359650974712679],[-170.77695698087993,-14.35991834135831],[-170.77681807699264,-14.359959112123306],[-170.77675772169147,-14.360078419783179],[-170.77663841403157,-14.360138775084351],[-170.77650701138944,-14.360366687572537],[-170.77641049075152,-14.360449852378736],[-170.77609382147264,-14.36095541795811],[-170.77568561020271,-14.36127511345569],[-170.77506970770082,-14.361534497718822],[-170.77458615033055,-14.361622705923082],[-170.77419252336622,-14.361842328460625],[-170.773529850722,-14.361789078702998],[-170.77295532153084,-14.361845574113886],[-170.77295532153084,-14.361935405594465],[-170.77277565856977,-14.361935405594465],[-170.77277565856977,-14.362025237074988],[-170.77268582708922,-14.362025237074988],[-170.77256264874723,-14.362135289811704],[-170.77213007124575,-14.362815474054855],[-170.7709315906204,-14.36314560888269],[-170.77075697195667,-14.363240484660594],[-170.7701217358294,-14.363532043069313],[-170.76934332043786,-14.364403250509554],[-170.76901722086802,-14.364129983411942],[-170.7685235533193,-14.363282045030303],[-170.76761213359308,-14.36216553311283],[-170.7671154946843,-14.361818620532858],[-170.7659531677045,-14.361637488079566],[-170.76523020630896,-14.36144385415048],[-170.76464338428474,-14.361528642232997],[-170.76408633431686,-14.361677819975341],[-170.76231050602502,-14.361803356339749],[-170.76209724349297,-14.36179063542943],[-170.7616789436283,-14.361887968155145],[-170.7615043249646,-14.361982843933049],[-170.76062118621874,-14.362086294746632],[-170.76002923266293,-14.362515911679907],[-170.7597165986421,-14.363091241267739],[-170.7596784053341,-14.363732036104523],[-170.7597239128283,-14.364495604588456],[-170.75968832935288,-14.36509253679111],[-170.75988735741558,-14.365571060655896],[-170.76004681081164,-14.366087416301184],[-170.76045284032628,-14.366541837435818],[-170.76096533608137,-14.36673886990286],[-170.76108524628705,-14.366873069436565],[-170.76206823945765,-14.367026239269478],[-170.7623077648914,-14.367693790735814],[-170.76216371868065,-14.368064082091678],[-170.76196252954708,-14.368243833186284],[-170.76177381940622,-14.3685405447103],[-170.76145529752392,-14.3689515636637],[-170.76093208814532,-14.370645949351058],[-170.7607714944089,-14.37078944697538],[-170.76060601015922,-14.371325321506333],[-170.7605585718206,-14.371367715547592],[-170.76050543178022,-14.371494238468301],[-170.76034221741938,-14.37213950743228],[-170.76028907737899,-14.37217619887241],[-170.76028907737899,-14.37226603035299],[-170.76028907737899,-14.372355861833512],[-170.76019924589846,-14.372355861833512],[-170.76019924589846,-14.372445694213354],[-170.76016906824788,-14.372505347144],[-170.75992975145684,-14.372625357174456],[-170.7597133970556,-14.372947991656417],[-170.7596602570152,-14.372984683096604],[-170.7596602570152,-14.373074514577127],[-170.7595704255347,-14.373074514577127],[-170.75948059405414,-14.373074514577127],[-170.75939076257362,-14.373074514577127],[-170.75939076257362,-14.372984683096604],[-170.7588218253669,-14.372888030258366],[-170.75876194131052,-14.372535525693934],[-170.75867210982997,-14.372535525693934],[-170.75867210982997,-14.372445694213354],[-170.75858227834945,-14.372445694213354],[-170.75858227834945,-14.372355861833512],[-170.75835190981277,-14.372196814931044],[-170.75831278390783,-14.37127788406707],[-170.75822295242727,-14.37127788406707],[-170.75822295242727,-14.37118805258649],[-170.75808910452852,-14.371142237524168],[-170.75763832384953,-14.370995954699481],[-170.7572533924301,-14.370476703237216],[-170.7566179377676,-14.369866151701501],[-170.75521576789333,-14.368351648409828],[-170.75485961118207,-14.368009450975364],[-170.75451772041643,-14.367487985382184],[-170.75406968087105,-14.36689752290232],[-170.753955055981,-14.366562627962878],[-170.75386702314458,-14.36566251451336],[-170.753330610819,-14.364621249770835],[-170.75331729815477,-14.363968677412458],[-170.7534160670978,-14.363865884003303],[-170.75391347402757,-14.363471533984068],[-170.75467096669172,-14.362473254137342],[-170.75468253557054,-14.361906258566933],[-170.75427074949548,-14.3612125862918],[-170.7533794521,-14.36044386469257],[-170.7525330488611,-14.360461146964326],[-170.7520703926345,-14.360157811933448],[-170.75216827304735,-14.359786072669067],[-170.75269741435417,-14.359439160089096],[-170.75256376430625,-14.358795162766512],[-170.7520865561496,-14.35829850137469],[-170.75180646859363,-14.358292777189888],[-170.75166345300593,-14.358430178310016],[-170.75119160750666,-14.358921290884837],[-170.75016494865343,-14.358624162075387],[-170.74892449127222,-14.358745487813962],[-170.7486567945754,-14.358926949419129],[-170.74783385824594,-14.359393520394576],[-170.7474878117131,-14.359725979969937],[-170.7473907532806,-14.360916401770453],[-170.74659066962369,-14.361262568812435],[-170.7460078064151,-14.361376349239094],[-170.74551727480235,-14.361614328738256],[-170.74523427074496,-14.362081009430995],[-170.745247309116,-14.362720072173545],[-170.74479224136883,-14.363057400678429],[-170.74443471319142,-14.363328693764174],[-170.74429906664858,-14.363372710182375],[-170.74429906664858,-14.363462541662898],[-170.74422080404685,-14.363923257152521],[-170.7441194036875,-14.364001530546147],[-170.7441194036875,-14.36409136202667],[-170.74402957220695,-14.36409136202667],[-170.74402957220695,-14.36418119350725],[-170.74402957220695,-14.364271024987772],[-170.74393974072643,-14.364271024987772],[-170.74366961046414,-14.36437022200812],[-170.74304142592104,-14.36409136202667],[-170.74259226761902,-14.364271024987772],[-170.74259226761902,-14.364360856468295],[-170.7425024361385,-14.364360856468295],[-170.74240832838163,-14.364727573918344],[-170.74208997017595,-14.364846706210471],[-170.74158483267385,-14.365180525560788],[-170.74127261503912,-14.365110520534074],[-170.74106513244988,-14.364810014770342],[-170.7407058056284,-14.36463035180924],[-170.74033937416277,-14.364568109730442],[-170.7402566482257,-14.364271024987772],[-170.74016681674516,-14.364271024987772],[-170.74016681674516,-14.36409136202667],[-170.7401185564262,-14.36404978007323],[-170.739855751142,-14.363593955096917],[-170.73949286120654,-14.363082161712327],[-170.73939430090624,-14.362435312639548],[-170.73904057865974,-14.361983655121549],[-170.73895743543727,-14.361348167184133],[-170.73875175149212,-14.360979520688261],[-170.7380524314745,-14.360097193130912],[-170.7378794576708,-14.359821031115644],[-170.73764778421784,-14.359494295725142],[-170.7374506636172,-14.359324457857383],[-170.73701502662215,-14.35834819791097],[-170.7368430501666,-14.35807265013267],[-170.73658391861292,-14.357849387139481],[-170.73594473536122,-14.35708450384675],[-170.7358549038807,-14.35708450384675],[-170.7358549038807,-14.356904840885647],[-170.73510034930166,-14.356555515424645],[-170.73448282352345,-14.356228757551094],[-170.73401506814085,-14.355870067449587],[-170.7337421526782,-14.355693825509604],[-170.73242979180142,-14.35479077307565],[-170.73221843763076,-14.354342931381154],[-170.73199083271072,-14.353912788344473],[-170.73150696867165,-14.353464464613296],[-170.7312323858659,-14.353039256156706],[-170.73118366509405,-14.352682759501704],[-170.73103156995097,-14.352565359303867],[-170.7308153243677,-14.35203700760178],[-170.7302346546056,-14.351385991969892],[-170.73013052390453,-14.350892554647658],[-170.72980284512516,-14.350694907943591],[-170.72941340720294,-14.3505355094062],[-170.7290784025462,-14.349937107711298],[-170.72885178418247,-14.349762182378754],[-170.7286292451435,-14.349218455867003],[-170.72852785557603,-14.349140204057107],[-170.72839782350073,-14.348971725964361],[-170.72791151420498,-14.34868089240922],[-170.7274498778096,-14.347972393910823],[-170.72723820527892,-14.347455227077035],[-170.7269166670705,-14.347407701504153],[-170.72640661657206,-14.347483079980123],[-170.72597343652484,-14.347382699451998],[-170.72588360504432,-14.347382699451998],[-170.72588360504432,-14.347292867971419],[-170.72579377356377,-14.347292867971419],[-170.72525478468054,-14.347292867971419],[-170.7251649532,-14.347292867971419],[-170.7251649532,-14.347203036490896],[-170.72507512171947,-14.347203036490896],[-170.72507512171947,-14.347113205010373],[-170.7246015432266,-14.3469270282597],[-170.72435646897583,-14.347023373529794],[-170.72417680601475,-14.347023373529794],[-170.72383412564434,-14.346935427927633],[-170.72363781713153,-14.346574216127124],[-170.72354798565098,-14.346574216127124],[-170.72354798565098,-14.346484384646601],[-170.72354798565098,-14.346394552266702],[-170.7234989132442,-14.346353782401081],[-170.72323616281864,-14.345747923527824],[-170.72318865972883,-14.345586068941884],[-170.7230988282483,-14.345586068941884],[-170.7230988282483,-14.345496237461361],[-170.72300899586844,-14.345496237461361],[-170.72300899586844,-14.34531657450026],[-170.72268636138645,-14.34527988306013],[-170.7221503663463,-14.345148227708478],[-170.72180151213004,-14.344630183136417],[-170.72171466370074,-14.344185455794104],[-170.72166152366037,-14.344058932873395],[-170.72157169217982,-14.344058932873395],[-170.72157169217982,-14.343969101392872],[-170.72148186069927,-14.343969101392872],[-170.72148186069927,-14.343430112509623],[-170.72135649970267,-14.343318108244034],[-170.72132621233482,-14.342809954415827],[-170.7214344223607,-14.342574190846165],[-170.72154483662487,-14.3424755208286],[-170.72146252797327,-14.341094493116316],[-170.72153394763356,-14.339896176167542],[-170.72074289946522,-14.33892710989818],[-170.71985344478063,-14.338407530183304],[-170.71936324231976,-14.338182556679612],[-170.7185391431669,-14.337606897939963],[-170.71802082520088,-14.337369006574363],[-170.71784620563784,-14.337274130796459],[-170.7176614983794,-14.337189343613261],[-170.71735654097156,-14.33702362913715],[-170.71703377428923,-14.337004395336521],[-170.7168106210133,-14.337052074693474],[-170.71634707625654,-14.33696752852859],[-170.71541552430696,-14.336307016955232],[-170.71528348584417,-14.336153758988758],[-170.71519365436362,-14.336153758988758],[-170.71519365436362,-14.336063927508178],[-170.7151038228831,-14.336063927508178],[-170.71501399050322,-14.336063927508178],[-170.71501399050322,-14.335974096027655],[-170.71456483310055,-14.33579443306661],[-170.71429533865893,-14.33579443306661],[-170.71380623247163,-14.335654707198955],[-170.71341532505718,-14.33557013945034],[-170.713307192373,-14.335435107144406],[-170.71321736089246,-14.335435107144406],[-170.71312752941193,-14.335435107144406],[-170.71294856792204,-14.335344574192675],[-170.712858034071,-14.335165612702838],[-170.71272664312005,-14.335099138414478],[-170.71264819345933,-14.33486699281741],[-170.71276820259044,-14.33480628678069],[-170.71276820259044,-14.334446960858486],[-170.71272076515118,-14.334404566817284],[-170.71246747829147,-14.334006311941721],[-170.71182244944646,-14.33359608349241],[-170.71164172348674,-14.333393830460864],[-170.71101572069892,-14.333106506060346],[-170.7104732883116,-14.332939014523845],[-170.7101206956136,-14.332692723490368],[-170.70932815546996,-14.332206370127835],[-170.70881753480137,-14.33206894742392],[-170.70842100212752,-14.332750030989075],[-170.70805456976257,-14.332650198148087],[-170.70841389658403,-14.33206894742392],[-170.7084986837672,-14.33176723566936],[-170.70555476024396,-14.330160882818461],[-170.70500029852494,-14.329818115213811],[-170.70444615426658,-14.329563775248005],[-170.70320098173988,-14.328887143326938],[-170.70223604965395,-14.328341619070443],[-170.70145844545087,-14.327984727613057],[-170.70078829494383,-14.327414639274139],[-170.70073077880238,-14.327350270298666],[-170.7005910646259,-14.327310333205276],[-170.70007543203553,-14.32700721760898],[-170.69997217907277,-14.326758689062217],[-170.7003648518564,-14.325888995180946],[-170.70055492087286,-14.325783197136786],[-170.7008605590675,-14.325962860097889],[-170.70109010562385,-14.32600279719128],[-170.7011728963121,-14.325903140617413],[-170.7021494413436,-14.325782363465237],[-170.70225791487084,-14.325912965710756],[-170.7023908859306,-14.32586526477013],[-170.70315623057556,-14.325912965710756],[-170.7041450459571,-14.325815721118602],[-170.70495286018632,-14.325912965710756],[-170.70567151292994,-14.325912965710756],[-170.70598014406838,-14.325862260135125],[-170.7087980491906,-14.325784008325286],[-170.70935460543066,-14.325912965710756],[-170.70935460543066,-14.325823134230234],[-170.7106122461582,-14.325823134230234],[-170.7110222668641,-14.325784008325286],[-170.71191138250427,-14.325430581955743],[-170.71252074963286,-14.325039192504676],[-170.71267837110992,-14.324834987944314],[-170.71267837110992,-14.324745156463734],[-170.71276820259044,-14.324745156463734],[-170.71276820259044,-14.324475662022166],[-170.712858034071,-14.324475662022166],[-170.7128882126209,-14.3242363452311],[-170.7129478655515,-14.324116335200642],[-170.71298781433615,-14.323886777852465],[-170.71313408636897,-14.323374545598767],[-170.7132672435884,-14.323267914782377],[-170.71337206586813,-14.323019145217359],[-170.7133039898872,-14.322471887967197],[-170.713473344819,-14.322031327183936],[-170.71398589633202,-14.32192044167499],[-170.7141863390283,-14.321802603507308],[-170.71438727545237,-14.321099851676763],[-170.71462628557458,-14.320546146287597],[-170.7151038228831,-14.320163748258324],[-170.7151266755556,-14.320006937969765],[-170.7154839069567,-14.319647918716441],[-170.71564281176632,-14.319624759375074],[-170.71595387736951,-14.319217183925844],[-170.7161939945572,-14.31901030388235],[-170.7165826977333,-14.318139206159401],[-170.71677572821724,-14.317793236068951],[-170.71690045249386,-14.31737897146229],[-170.71684731245347,-14.31734228002216],[-170.71659426661208,-14.316966505499806],[-170.71636146361064,-14.316839982579097],[-170.71578090356581,-14.316978063586703],[-170.71519365436362,-14.317109477020722],[-170.7147688407094,-14.317213827156365],[-170.7141504704678,-14.316805177017272],[-170.71393601273678,-14.316750151098574],[-170.7135317818662,-14.316699642474475],[-170.71339695820302,-14.316716420226555],[-170.71308758062733,-14.316119970060527],[-170.71339702385353,-14.316031498354903],[-170.71352174813015,-14.315617233748299],[-170.7137547921499,-14.315416451108263],[-170.71412023705926,-14.315620348100538],[-170.7144683232545,-14.315216325872711],[-170.71461884008738,-14.315086667016033],[-170.7143369098205,-14.315001770115543],[-170.7141639360168,-14.314725608100275],[-170.71393601273678,-14.314414530805891],[-170.7137563497757,-14.314414530805891],[-170.7137563497757,-14.314145036364266],[-170.71384618125623,-14.314145036364266],[-170.71381600360564,-14.314085382534358],[-170.71321842389113,-14.313785710442119],[-170.71306717321144,-14.313486739821144],[-170.7129478655515,-14.313426384519971],[-170.71276820259044,-14.313426384519971],[-170.71264819345933,-14.313486038349936],[-170.71249870814884,-14.313516216000494],[-170.71249870814884,-14.313785710442119],[-170.71280733928725,-14.314016078978796],[-170.7131645275209,-14.314229692246442],[-170.71348714041918,-14.31464766295926],[-170.71341774873008,-14.315117173818464],[-170.71289717166712,-14.315262140935033],[-170.71267837110992,-14.31540267799113],[-170.71191714985656,-14.315967480115091],[-170.71115123594075,-14.316031498354903],[-170.71073225528932,-14.316001320704345],[-170.7106122461582,-14.31594166687438],[-170.71039141762978,-14.315744349322244],[-170.71074233309218,-14.315241963745564],[-170.71084388723557,-14.314375054165396],[-170.7112885048606,-14.313833148780759],[-170.71133089890185,-14.313606047481073],[-170.71079190911928,-14.313516216000494],[-170.7090368506701,-14.313474634047054],[-170.70775216732864,-14.31336784944665],[-170.70764780640113,-14.313246721558926],[-170.70734769543978,-14.31337276154369],[-170.70719864899843,-14.313156890078346],[-170.70700886416773,-14.313108180098368],[-170.70692915365748,-14.312797564156199],[-170.70683932217696,-14.312797564156199],[-170.70683932217696,-14.312707732675676],[-170.70683932217696,-14.312617901195154],[-170.7067494906964,-14.312617901195154],[-170.7067494906964,-14.312528069714574],[-170.70665965921586,-14.312528069714574],[-170.70665965921586,-14.312258574373686],[-170.70669797393234,-14.312117226129033],[-170.7068776368934,-14.311670272964705],[-170.7063714462852,-14.311311089135415],[-170.70603083885212,-14.311270428087767],[-170.70580373755243,-14.311402653609548],[-170.70526560392446,-14.311844178466004],[-170.70450370278363,-14.311899248451482],[-170.70435494142737,-14.31211470353071],[-170.70379084077464,-14.31225947369569],[-170.70360538797826,-14.312528069714574],[-170.70360538797826,-14.312617901195154],[-170.7035155564977,-14.312617901195154],[-170.7035155564977,-14.312707732675676],[-170.70342572501715,-14.312707732675676],[-170.70342572501715,-14.312797564156199],[-170.70333589353663,-14.312797564156199],[-170.70333589353663,-14.312887395636778],[-170.70315623057556,-14.312887395636778],[-170.70291691378452,-14.312917573287336],[-170.7027969037541,-14.312977227117301],[-170.70261635316214,-14.313425507680961],[-170.70216808339032,-14.313606047481073],[-170.70216808339032,-14.313695878961596],[-170.70216808339032,-14.313785710442119],[-170.70207825190977,-14.313785710442119],[-170.70202963006335,-14.314370624104981],[-170.70207825190977,-14.314684026146836],[-170.70211738860658,-14.31581270948891],[-170.70216808339032,-14.316121329835482],[-170.70227215923273,-14.316754910310806],[-170.70216808339032,-14.317019645540142],[-170.70220856907017,-14.317276485621278],[-170.70236798919132,-14.317897717505616],[-170.70261535491468,-14.31806852034589],[-170.70272718381244,-14.318567352701109],[-170.7025729725646,-14.318979511994826],[-170.7023641949516,-14.31928188205319],[-170.70225791487084,-14.319355264933506],[-170.70220626590643,-14.319669675115392],[-170.70225791487084,-14.319984085297278],[-170.70221299913058,-14.320099138264595],[-170.70216808339032,-14.319984085297278],[-170.7020484906453,-14.319923576212034],[-170.70183950528892,-14.31950755702809],[-170.70180875746814,-14.319355264933506],[-170.70176294240585,-14.319311248515248],[-170.7016749095694,-14.319219618390605],[-170.70148664908956,-14.319038749438675],[-170.70113771843094,-14.318319504941144],[-170.7002529896837,-14.316602112797227],[-170.69947133943074,-14.31535956089499],[-170.69933928927676,-14.314817874045616],[-170.69897816560982,-14.314011188465543],[-170.6988894519866,-14.313466234379177],[-170.6987086702689,-14.313292536621248],[-170.69853080595192,-14.313021243535502],[-170.69828279361602,-14.312782957367517],[-170.69814157667238,-14.312059601169608],[-170.6979372623947,-14.311662991154094],[-170.69699210100464,-14.311043315996187],[-170.69652577104748,-14.311052834420707],[-170.69628501803913,-14.310685624142195],[-170.69601372495342,-14.310328095964792],[-170.69587987705467,-14.310102617941425],[-170.69564056026363,-14.309982608810287],[-170.69561038261304,-14.309922954980323],[-170.69522283056915,-14.309697324072204],[-170.69511883116908,-14.308258549992047],[-170.69507139372982,-14.307946661509163],[-170.6950182527901,-14.307909970069034],[-170.69444257246673,-14.307048346703766],[-170.69407030709897,-14.306941912838965],[-170.69360427301876,-14.306359948952434],[-170.69354425766133,-14.306150030999106],[-170.69327657265566,-14.306103448815065],[-170.69269415910813,-14.305761086804694],[-170.69264594195664,-14.305700873596379],[-170.6925259328255,-14.305760527426344],[-170.6916577956707,-14.305790705076959],[-170.69137106302412,-14.305754551431335],[-170.69129846974855,-14.305611042115856],[-170.69120863826802,-14.305611042115856],[-170.69120863826802,-14.305521210635334],[-170.69111880678747,-14.305521210635334],[-170.69111880678747,-14.305431379154754],[-170.69099949912754,-14.305371023853638],[-170.69093914292708,-14.305251716193709],[-170.6905440248868,-14.30515031583434],[-170.69048998552438,-14.305072053232607],[-170.6903103225633,-14.305072053232607],[-170.69022049108278,-14.305072053232607],[-170.69022049108278,-14.304982221752084],[-170.69008098464968,-14.304911645655864],[-170.69004082812168,-14.30471272731046],[-170.68995099664116,-14.30471272731046],[-170.68995099664116,-14.304533064349414],[-170.68995099664116,-14.304443231969515],[-170.6898611651606,-14.304443231969515],[-170.6898611651606,-14.304353400488992],[-170.6898611651606,-14.30426356900847],[-170.68977133368008,-14.30426356900847],[-170.68977133368008,-14.304173737527947],[-170.68955936527246,-14.303708197175524],[-170.6896852083057,-14.302856629130076],[-170.689591670719,-14.30228727553731],[-170.6893940455987,-14.302232238826718],[-170.68892907541647,-14.30195176726022],[-170.68810366055547,-14.301619318476696],[-170.68806453465052,-14.301568623692958],[-170.6875657679458,-14.301506239521302],[-170.68725605132568,-14.301119466290288],[-170.6871065660152,-14.30108928863973],[-170.68686654685362,-14.3009699809798],[-170.68653739858206,-14.300939803329186],[-170.686357735621,-14.300939803329186],[-170.6859775966887,-14.30100225315141],[-170.68581874673774,-14.300939803329186],[-170.68517260003543,-14.30122663490124],[-170.68475171192193,-14.301340700412936],[-170.68446662413538,-14.3010098083559],[-170.68456110511087,-14.300400813546673],[-170.68427160884764,-14.299867483197772],[-170.6840604309441,-14.299622365779499],[-170.6833554200166,-14.29903919500282],[-170.68260281786573,-14.298833214281387],[-170.68222548571757,-14.298783846896981],[-170.68186615979542,-14.298783846896981],[-170.68186615979542,-14.298873678377504],[-170.68177632831487,-14.298873678377504],[-170.68155997391364,-14.29901664989842],[-170.68141700239272,-14.299053341338606],[-170.68141700239272,-14.299143172819129],[-170.68132717091217,-14.299143172819129],[-170.68126589380591,-14.299264289915016],[-170.68066817199852,-14.29956215257124],[-170.68042885520748,-14.299592330221799],[-170.68033902372693,-14.299592330221799],[-170.68017866021697,-14.299792586758429],[-170.67995781010484,-14.299901773448028],[-170.679350877441,-14.299143172819129],[-170.6787181962877,-14.298797795381915],[-170.6786322246974,-14.29815502563389],[-170.67854239321684,-14.29815502563389],[-170.67854239321684,-14.297885531192264],[-170.67854239321684,-14.297795699711742],[-170.67845256173632,-14.297795699711742],[-170.6780144794846,-14.297543125115112],[-170.67769232793856,-14.29702878754847],[-170.67759582888436,-14.296945645225321],[-170.67718465704627,-14.296232508923083],[-170.67710508952823,-14.295280417357333],[-170.67717097116335,-14.294661333953343],[-170.67835312459698,-14.294201002474267],[-170.67953054040208,-14.293573618327798],[-170.67961205944897,-14.293475474413583],[-170.67997746119084,-14.293171964014903],[-170.6803880844425,-14.292993869471445],[-170.68055945745297,-14.29289572555723],[-170.6812875620713,-14.292579955600445],[-170.68167594778674,-14.292112398068696],[-170.68227454643315,-14.292005723185525],[-170.68262308228938,-14.291874758513245],[-170.6827154138852,-14.29145842186864],[-170.68283829635027,-14.291243865212152],[-170.6824459194436,-14.290748081558661],[-170.68227454643315,-14.2904702746834],[-170.68199259458254,-14.290078501221785],[-170.68173555754993,-14.289661791358526],[-170.6815476046382,-14.289400608451274],[-170.68150683387327,-14.289261705463275],[-170.68141700239272,-14.289261705463275],[-170.68141700239272,-14.289171873982752],[-170.68132717091217,-14.289171873982752],[-170.68132717091217,-14.28908204250223],[-170.68123733943165,-14.28908204250223],[-170.68123733943165,-14.28899221102165],[-170.6809678440907,-14.288812548060605],[-170.68069288896564,-14.28875257587066],[-170.67991986860702,-14.28896413868398],[-170.67948994500492,-14.288929596623518],[-170.6789729967064,-14.288739756934206],[-170.6784613121398,-14.288376955132321],[-170.67800340433362,-14.287644737914263],[-170.67791357285307,-14.287644737914263],[-170.67791357285307,-14.28755490643374],[-170.67737458396985,-14.286926086069968],[-170.6772847524893,-14.286926086069968],[-170.6772847524893,-14.286836254589446],[-170.67705194858854,-14.286799563149259],[-170.67672551986684,-14.286587002088424],[-170.67625831307066,-14.286412175681335],[-170.676116942343,-14.286207433326354],[-170.67588413934152,-14.286170741886167],[-170.67555707479914,-14.2859577545467],[-170.6752774917628,-14.285467946888218],[-170.67538901309246,-14.284970451824847],[-170.67575761642084,-14.284770129637707],[-170.67582242426545,-14.284295947699775],[-170.6766260611438,-14.284186114397642],[-170.67696863089756,-14.28400485064327],[-170.67715171577902,-14.283918440183811],[-170.67798099053027,-14.28334779336592],[-170.67921784073073,-14.283199788339516],[-170.68018912203033,-14.283030663634179],[-170.68085877880958,-14.282795952271329],[-170.68121569275,-14.282550351917166],[-170.68137745920237,-14.281534856348514],[-170.6819111411862,-14.280663254105832],[-170.6822686909473,-14.279692937778805],[-170.6823619434489,-14.279516695838822],[-170.68244835390837,-14.279220807194463],[-170.68226358099943,-14.27869363900021],[-170.68163504572075,-14.278287763269589],[-170.68165607726613,-14.277756603884143],[-170.68110088080098,-14.277540402367606],[-170.68063095445495,-14.277252671473548],[-170.68065617594175,-14.276616405622576],[-170.68159495484326,-14.276173344724043],[-170.6822337316014,-14.276198665136235],[-170.68289751131107,-14.27637259312064],[-170.68512327581848,-14.276506078592604],[-170.68685211633206,-14.276437553849973],[-170.68762739578767,-14.276756010981103],[-170.68807012753433,-14.277441611840857],[-170.6884704868235,-14.277536981346543],[-170.6887385126722,-14.277630913735607],[-170.68980060121675,-14.277142773420223],[-170.6905331907541,-14.276638665641883],[-170.69084746963497,-14.276435712038449],[-170.6916095128687,-14.27646592206463],[-170.69193527339414,-14.276241760648702],[-170.69235787201816,-14.275785661379132],[-170.69327000400745,-14.275116629628712],[-170.69412987279537,-14.275025120013254],[-170.69516122521034,-14.27479883080133],[-170.69516122521034,-14.274708999320808],[-170.6952510566909,-14.274708999320808],[-170.69550222744581,-14.274644542211831],[-170.69600639997535,-14.274206700978425],[-170.69649898204236,-14.273938994389027],[-170.69749684460368,-14.27390051509667],[-170.69749684460368,-14.273810683616091],[-170.6975866760842,-14.273810683616091],[-170.6984398008561,-14.27385738720858],[-170.69879940107148,-14.273843142846715],[-170.69916019648585,-14.273857442067253],[-170.69937153986464,-14.273745613169467],[-170.69951634330457,-14.272686078699508],[-170.6997270058966,-14.27258665235206],[-170.70028162139968,-14.272608638977488],[-170.70070202657723,-14.272591981734536],[-170.70131297291533,-14.272395223560693],[-170.70028162139968,-14.272436092351711],[-170.69945341054643,-14.272403272492966],[-170.69931811473919,-14.27113196746626],[-170.69912261741484,-14.270950824221131],[-170.69857482237012,-14.270846243859012],[-170.69857482237012,-14.270936075339534],[-170.6984849908896,-14.270936075339534],[-170.69776633904527,-14.270936075339534],[-170.69776633904527,-14.271025906820114],[-170.69767650756475,-14.271025906820114],[-170.6971375186815,-14.271025906820114],[-170.6971375186815,-14.271115738300637],[-170.6969578548211,-14.271115738300637],[-170.6964188659379,-14.271115738300637],[-170.69632903445734,-14.271115738300637],[-170.69632903445734,-14.271025906820114],[-170.69614937149626,-14.271025906820114],[-170.69605954001574,-14.271025906820114],[-170.69605954001574,-14.270936075339534],[-170.6959697085352,-14.270936075339534],[-170.69587987705467,-14.270936075339534],[-170.69587987705467,-14.270846243859012],[-170.6957002140936,-14.270846243859012],[-170.69488409822253,-14.270898440510564],[-170.6935852037941,-14.271238796133503],[-170.69272891970385,-14.271375199006172],[-170.6921535793242,-14.271611521954128],[-170.69134167407896,-14.271697932413588],[-170.69125526451882,-14.271881016395753],[-170.6911546969317,-14.272071075519648],[-170.69047249550923,-14.27204403380506],[-170.68981469179457,-14.271813478209424],[-170.6873179633533,-14.271693633654252],[-170.6868967245042,-14.271710323272771],[-170.68565379938332,-14.271661065605656],[-170.68541621558586,-14.271469219528797],[-170.68568571002746,-14.271342027512503],[-170.68572891525722,-14.271295401261739],[-170.68566926142725,-14.271265223611124],[-170.6855485499256,-14.271026608291265],[-170.68536958933504,-14.270936075339534],[-170.68494067387297,-14.270826001019088],[-170.6848305995525,-14.270666580897966],[-170.68474076807198,-14.270666580897966],[-170.68474076807198,-14.270576749417387],[-170.68471791539946,-14.270419938229509],[-170.68413480038072,-14.269835244001285],[-170.6841119477082,-14.269678433712727],[-170.68402211622765,-14.269678433712727],[-170.68402211622765,-14.269588602232147],[-170.68402211622765,-14.269408939271102],[-170.68393228474713,-14.269408939271102],[-170.68393228474713,-14.269319107790523],[-170.68332120620866,-14.268862997729116],[-170.68246449583978,-14.268512367351832],[-170.68174016297812,-14.268310662906742],[-170.68168649683435,-14.26824112912476],[-170.68132717091217,-14.26824112912476],[-170.68132717091217,-14.268151297644238],[-170.68123733943165,-14.268151297644238],[-170.68105767557125,-14.268151297644238],[-170.68105767557125,-14.268061466163658],[-170.68087801261018,-14.268061466163658],[-170.68033902372693,-14.268061466163658],[-170.68033902372693,-14.267971634683136],[-170.68006952928533,-14.267971634683136],[-170.67971020336316,-14.267971634683136],[-170.67971020336316,-14.267881803202613],[-170.67962037188263,-14.267881803202613],[-170.67878570209845,-14.26794079872883],[-170.67855263559562,-14.2678141445071],[-170.67845256173632,-14.26770214024151],[-170.677733909892,-14.26770214024151],[-170.677733909892,-14.26779197172209],[-170.67764407841148,-14.26779197172209],[-170.67710508952823,-14.26779197172209],[-170.67710508952823,-14.267881803202613],[-170.67701525714838,-14.267881803202613],[-170.67674576270676,-14.267881803202613],[-170.67674576270676,-14.267971634683136],[-170.6766559312262,-14.267971634683136],[-170.6763864367846,-14.267971634683136],[-170.6763864367846,-14.268061466163658],[-170.67620677382354,-14.268061466163658],[-170.67602711086244,-14.268061466163658],[-170.67602711086244,-14.268151297644238],[-170.67584744790136,-14.268151297644238],[-170.67575761642084,-14.268151297644238],[-170.67575761642084,-14.26824112912476],[-170.67557795345977,-14.26824112912476],[-170.6754881219792,-14.26824112912476],[-170.6754881219792,-14.268330960605283],[-170.6753982904987,-14.268330960605283],[-170.67530845901814,-14.268330960605283],[-170.67530845901814,-14.268420792085863],[-170.67521862753762,-14.268420792085863],[-170.67512879605707,-14.268420792085863],[-170.67512879605707,-14.268510624465705],[-170.6750389636772,-14.268510624465705],[-170.67494913219667,-14.268510624465705],[-170.67494913219667,-14.268600455946228],[-170.6747694692356,-14.268600455946228],[-170.6746877748209,-14.268706286365955],[-170.67411308105383,-14.26893221405038],[-170.67304769109805,-14.269157033770057],[-170.67284388134001,-14.269279971093738],[-170.6727033442839,-14.269319107790523],[-170.6727033442839,-14.269408939271102],[-170.67252368132282,-14.269408939271102],[-170.67234401836174,-14.269408939271102],[-170.67234401836174,-14.269498770751625],[-170.6718050294785,-14.269498770751625],[-170.6718050294785,-14.269588602232147],[-170.67162536651742,-14.269588602232147],[-170.6715355350369,-14.269588602232147],[-170.6715355350369,-14.269678433712727],[-170.67144570355634,-14.269678433712727],[-170.67126604059527,-14.269678433712727],[-170.67122691469032,-14.269729128496465],[-170.66991856748788,-14.269947928154295],[-170.66982873600733,-14.269947928154295],[-170.66982873600733,-14.270037759634874],[-170.66964907304626,-14.270037759634874],[-170.66937957860463,-14.270037759634874],[-170.66937957860463,-14.270127591115397],[-170.6692897471241,-14.270127591115397],[-170.66815211462836,-14.270097413464839],[-170.66785244253617,-14.269947928154295],[-170.66776261105562,-14.269947928154295],[-170.66776261105562,-14.269858096673772],[-170.66720965120442,-14.269902355009606],[-170.66662973777215,-14.270027835616077],[-170.6660558120261,-14.270486917037545],[-170.6660558120261,-14.270576749417387],[-170.66596598054554,-14.270576749417387],[-170.665876149065,-14.270576749417387],[-170.665876149065,-14.270666580897966],[-170.66578631758446,-14.270666580897966],[-170.66542699166232,-14.270846243859012],[-170.66542699166232,-14.270936075339534],[-170.66533716018176,-14.270936075339534],[-170.66533716018176,-14.271025906820114],[-170.66524732870124,-14.271025906820114],[-170.66524732870124,-14.271115738300637],[-170.6651574972207,-14.271115738300637],[-170.6651574972207,-14.27120556978116],[-170.66506766484082,-14.27120556978116],[-170.66506766484082,-14.271295401261739],[-170.6649778333603,-14.271295401261739],[-170.6649778333603,-14.271385232742261],[-170.66479817039922,-14.271385232742261],[-170.66475801387122,-14.271584151986985],[-170.66461850743815,-14.271654727183886],[-170.66461850743815,-14.271834390144932],[-170.6645286759576,-14.271834390144932],[-170.6645286759576,-14.271924221625454],[-170.66443884447708,-14.271924221625454],[-170.66443884447708,-14.272014053106034],[-170.66434901299652,-14.272014053106034],[-170.66434901299652,-14.272103884586556],[-170.66434901299652,-14.272283547547659],[-170.66425918151597,-14.272283547547659],[-170.66425918151597,-14.272463210508704],[-170.66416935003545,-14.272463210508704],[-170.66416935003545,-14.272642874369126],[-170.66416935003545,-14.272732705849648],[-170.6640795185549,-14.272732705849648],[-170.6640795185549,-14.27291236881075],[-170.6640795185549,-14.273002200291273],[-170.66398968707438,-14.273002200291273],[-170.66395299563422,-14.273324834773234],[-170.66389985559383,-14.273541189174523],[-170.66389985559383,-14.273990346577193],[-170.66403793660146,-14.27403191773874],[-170.66413461012414,-14.274144130647073],[-170.66466583605947,-14.27438117754923],[-170.66477202800667,-14.275537001531347],[-170.6651574972207,-14.275607314126205],[-170.66533716018176,-14.275607314126205],[-170.66533716018176,-14.275697145606728],[-170.66542699166232,-14.275697145606728],[-170.66542699166232,-14.27578697708725],[-170.66551682314284,-14.27578697708725],[-170.66551682314284,-14.27587680856783],[-170.66551682314284,-14.275966640048352],[-170.66563187521083,-14.276011555788614],[-170.66551682314284,-14.276056471528875],[-170.66551682314284,-14.276146303009455],[-170.66540343661927,-14.276813800516436],[-170.66533716018176,-14.27686495575307],[-170.66533716018176,-14.277044618714115],[-170.66533716018176,-14.277224281675217],[-170.66524732870124,-14.277224281675217],[-170.66524732870124,-14.277403944636262],[-170.66524732870124,-14.277493776116842],[-170.66506766484082,-14.277493776116842],[-170.66503748719026,-14.277643261427329],[-170.66479817039922,-14.278122596480614],[-170.66479817039922,-14.278212427961137],[-170.66470833891867,-14.278212427961137],[-170.66453779957976,-14.278687695380768],[-170.66461850743815,-14.279829395510149],[-170.66470833891867,-14.279829395510149],[-170.66470833891867,-14.280098889951773],[-170.66479817039922,-14.280098889951773],[-170.66479817039922,-14.280278552912819],[-170.66488800187975,-14.280817542695388],[-170.6649778333603,-14.280817542695388],[-170.6649778333603,-14.281087037137013],[-170.66488800187975,-14.281087037137013],[-170.66488800187975,-14.281176868617536],[-170.66488800187975,-14.281356531578638],[-170.66479817039922,-14.281356531578638],[-170.66479817039922,-14.28144636305916],[-170.66470833891867,-14.28144636305916],[-170.66449198451744,-14.281768997541178],[-170.66443884447708,-14.281805688981308],[-170.6644086668265,-14.282045005772375],[-170.66434901299652,-14.282165014903455],[-170.66434901299652,-14.282254846384035],[-170.66443884447708,-14.282254846384035],[-170.66443884447708,-14.282344677864558],[-170.66443884447708,-14.28243450934508],[-170.6645286759576,-14.28243450934508],[-170.6645286759576,-14.282524341724923],[-170.6645286759576,-14.282614173205502],[-170.66461850743815,-14.282614173205502],[-170.66461850743815,-14.282704004686025],[-170.66461850743815,-14.282793836166547],[-170.66470833891867,-14.282793836166547],[-170.66470833891867,-14.283242993569274],[-170.66461850743815,-14.283242993569274],[-170.66461850743815,-14.283332825049797],[-170.66461850743815,-14.283602319491422],[-170.6645286759576,-14.283602319491422],[-170.6645286759576,-14.283781982452467],[-170.6645286759576,-14.28396164541357],[-170.66443884447708,-14.28396164541357],[-170.66443884447708,-14.284141308374615],[-170.66443884447708,-14.284231139855194],[-170.66434901299652,-14.284231139855194],[-170.66430885646852,-14.284430059099918],[-170.66416935003545,-14.284500635196139],[-170.66416935003545,-14.284590466676661],[-170.6640795185549,-14.284590466676661],[-170.66402637851454,-14.284806821077893],[-170.66398968707438,-14.285129455559854],[-170.66384875521587,-14.285479383566667],[-170.66356809748967,-14.285696012261099],[-170.66345069819113,-14.285848107404206],[-170.66345069819113,-14.285937938884729],[-170.6633608667106,-14.285937938884729],[-170.6633608667106,-14.286027770365251],[-170.66327103523005,-14.286027770365251],[-170.66324085668018,-14.286177255675739],[-170.66312154991957,-14.286417274837333],[-170.66309137136966,-14.286836254589446],[-170.6632208332748,-14.286956208861909],[-170.66304474511887,-14.288137100546692],[-170.66300153988914,-14.288902379541128],[-170.66300153988914,-14.28899221102165],[-170.6632874838303,-14.289065593901967],[-170.6633608667106,-14.289171873982752],[-170.6636475993572,-14.28920802762832],[-170.66372019263275,-14.289351536943855],[-170.66391911097816,-14.289391693471828],[-170.66398968707438,-14.2895311999049],[-170.6641089947343,-14.289591555206073],[-170.66416935003545,-14.289710862866002],[-170.66416935003545,-14.289800694346525],[-170.6640795185549,-14.289800694346525],[-170.6640795185549,-14.289890525827047],[-170.66398968707438,-14.289890525827047],[-170.66384671555346,-14.289927217267234],[-170.66363036115223,-14.29007018878815],[-170.66363036115223,-14.290160020268672],[-170.66354052967168,-14.290160020268672],[-170.6634706118792,-14.290298244268513],[-170.66315207830573,-14.290369861779652],[-170.66309137136966,-14.290249851749195],[-170.66286100283298,-14.29021071505241],[-170.66255238248644,-14.28998035730757],[-170.6624625510059,-14.28998035730757],[-170.6624625510059,-14.289890525827047],[-170.66237271952537,-14.289890525827047],[-170.66237271952537,-14.289800694346525],[-170.66179703920196,-14.28965772282561],[-170.6617438991616,-14.289621031385423],[-170.66165406768104,-14.289621031385423],[-170.6612464922318,-14.289579460223877],[-170.66091004056588,-14.289042302360315],[-170.6597691624169,-14.288950639860104],[-170.65887828230686,-14.28917771867674],[-170.65837855062958,-14.289489628743354],[-170.65809903324376,-14.289614353019942],[-170.65771192006903,-14.28983033510184],[-170.6573352902914,-14.289860600885959],[-170.65631242567787,-14.289572771066503],[-170.65585660070153,-14.289489628743354],[-170.65577343679465,-14.2893931081054],[-170.65545569282594,-14.289171873982752],[-170.6553658613454,-14.289171873982752],[-170.65518689985552,-14.289081340131702],[-170.65509636600447,-14.288902379541128],[-170.65472910086729,-14.288856443969678],[-170.65415811410566,-14.288493170023742],[-170.6539684938509,-14.288413273353854],[-170.65348784308947,-14.288062160939944],[-170.65272080951772,-14.287954181140492],[-170.6519522632863,-14.287914232355888],[-170.65159293736414,-14.288183726797513],[-170.6515567720274,-14.288470459444113],[-170.65141327440307,-14.28854305361898],[-170.65136103278542,-14.288746643942432],[-170.65098615758507,-14.288662602297222],[-170.6506047901789,-14.28809389531699],[-170.650077754185,-14.288208849358853],[-170.64925828294338,-14.288022684299392],[-170.64858691475428,-14.287776140556389],[-170.648310752739,-14.28769299823324],[-170.6477207731951,-14.287444536236308],[-170.6466767664196,-14.287207358033129],[-170.6462928773144,-14.286926086069968],[-170.64620304583386,-14.286926086069968],[-170.64620304583386,-14.286836254589446],[-170.64611321435333,-14.286836254589446],[-170.64611321435333,-14.286746423108866],[-170.64602338287278,-14.286746423108866],[-170.64602338287278,-14.286656591628343],[-170.64494540420702,-14.286476927767978],[-170.64485557272647,-14.286476927767978],[-170.64476574124595,-14.286476927767978],[-170.64386742644055,-14.286476927767978],[-170.64368776347948,-14.286476927767978],[-170.64309942789626,-14.286382085264961],[-170.6423402903721,-14.286476927767978],[-170.6419809644499,-14.286476927767978],[-170.64144809455388,-14.286543500981736],[-170.6410427116518,-14.286247382110957],[-170.64076326081582,-14.28607765396049],[-170.64072332282305,-14.286027770365251],[-170.64014656780984,-14.285981604567326],[-170.63998363853406,-14.285704411929032],[-170.63984224622266,-14.28489202464715],[-170.63925349425332,-14.284420540675342],[-170.6392075919568,-14.284051476894092],[-170.63926573222773,-14.283583940946073],[-170.63906641818062,-14.282833784051832],[-170.6389150469918,-14.282440025786514],[-170.63905646178625,-14.281303095661315],[-170.63857072176137,-14.280541972434037],[-170.63793185686967,-14.280135526533286],[-170.63739955714382,-14.279919226990671],[-170.63655460091408,-14.279859507510196],[-170.63645860637956,-14.279966950414405],[-170.6362789434185,-14.279956247582732],[-170.63618935295625,-14.280056496809834],[-170.63596225255588,-14.280188721432296],[-170.6357825895948,-14.280188721432296],[-170.6357825895948,-14.280278552912819],[-170.63560292663374,-14.280278552912819],[-170.6355130951532,-14.280278552912819],[-170.6355130951532,-14.280368384393398],[-170.6353334321921,-14.280368384393398],[-170.6353334321921,-14.28045821587392],[-170.6352436007116,-14.28045821587392],[-170.63515376923104,-14.28045821587392],[-170.63515376923104,-14.280548048253763],[-170.63497410537065,-14.280548048253763],[-170.63494322624888,-14.280609105026144],[-170.6345846017979,-14.28078736504483],[-170.6344351164874,-14.280817542695388],[-170.6344351164874,-14.28090737417591],[-170.63434528500687,-14.28090737417591],[-170.6341656220458,-14.28099720565649],[-170.63405714851856,-14.281127797110116],[-170.6335203530818,-14.28091950243305],[-170.63324298507567,-14.280469818027655],[-170.63290798041893,-14.280278552912819],[-170.63272831745786,-14.280278552912819],[-170.63241057348915,-14.280409955554944],[-170.63152947440568,-14.280910883330534],[-170.63097993647486,-14.280679450895889],[-170.6298388397906,-14.28053015174504],[-170.62931658369337,-14.28015984869802],[-170.6290868078099,-14.28005731879017],[-170.62886040798142,-14.279931004512207],[-170.6287757305155,-14.279649732549046],[-170.628685899035,-14.279649732549046],[-170.628685899035,-14.279559901068524],[-170.62859606755444,-14.279559901068524],[-170.62859606755444,-14.279200575146376],[-170.6282048750549,-14.278512473271974],[-170.62803330509294,-14.277757283771564],[-170.62761816274798,-14.276771505400632],[-170.6274698402609,-14.276643721630421],[-170.62706893148598,-14.276056471528875],[-170.62647923702713,-14.275658008909943],[-170.62613149077566,-14.275376956381365],[-170.62585041666338,-14.275208851507273],[-170.62516426721714,-14.274696695695923],[-170.6250926380148,-14.274439503979863],[-170.62500280653427,-14.274439503979863],[-170.6248231435732,-14.274439503979863],[-170.6242475289003,-14.274294515279621],[-170.6240678002887,-14.274022081853559],[-170.62419432320942,-14.273720852135568],[-170.6242539770394,-14.27360084300443],[-170.62428415468995,-14.273451357693943],[-170.62419090218836,-14.273141597007054],[-170.6237800586028,-14.272787643634786],[-170.62349054075582,-14.272451587670616],[-170.62295163910684,-14.272029547525563],[-170.62162083403425,-14.271533270144232],[-170.62118163392523,-14.271433493061238],[-170.6203634783918,-14.271209583455459],[-170.6194098516833,-14.271064264704023],[-170.61884601453193,-14.270894504177988],[-170.61858318676462,-14.270797983540035],[-170.618445105757,-14.27075641237849],[-170.61835527427647,-14.27075641237849],[-170.61835527427647,-14.270666580897966],[-170.61823526514533,-14.270726233828555],[-170.61787699143,-14.270786590029047],[-170.61781628539322,-14.270666580897966],[-170.61763662243214,-14.270666580897966],[-170.61703797971896,-14.270366907906407],[-170.61700780116905,-14.270307254076442],[-170.6169546611287,-14.270270562636313],[-170.61655864376638,-14.269678433712727],[-170.61614372175532,-14.26959921693026],[-170.6156788172236,-14.268773330824501],[-170.61534420736925,-14.268557250716526],[-170.61469549490113,-14.268110866823008],[-170.61412406927036,-14.26808822279321],[-170.6118147892211,-14.268204887345632],[-170.6111687522361,-14.268600455946228],[-170.6111383119835,-14.268841878050182],[-170.6108690801439,-14.269378761620487],[-170.61080942631395,-14.269408939271102],[-170.61077924866336,-14.269648256062112],[-170.6107195948334,-14.26976826519325],[-170.6107195948334,-14.269858096673772],[-170.61062976335288,-14.269858096673772],[-170.61051161851634,-14.269990322195554],[-170.60973318064174,-14.269658344656818],[-170.60888057118137,-14.269271669451939],[-170.60874330136224,-14.26922927631],[-170.60865346988172,-14.26922927631],[-170.60819887337928,-14.269359253526659],[-170.60755829797705,-14.269872220526508],[-170.60708834914797,-14.270610907467358],[-170.60702930955497,-14.271085440140894],[-170.60725610328652,-14.27147125919123],[-170.60709288892565,-14.271764461560622],[-170.60645757635604,-14.27188427374017],[-170.6055991986441,-14.271924221625454],[-170.60532970420246,-14.272103884586556],[-170.60528226586385,-14.272146278627815],[-170.6050178157196,-14.272600480327867],[-170.6045029295665,-14.273337620434802],[-170.60432648977564,-14.274282869059107],[-170.60416772795824,-14.274424733514593],[-170.60367933493333,-14.275054946928208],[-170.60358961317007,-14.276560305014016],[-170.6038272410343,-14.277581677652279],[-170.60393983705382,-14.277895496080248],[-170.60398223109507,-14.278032765000034],[-170.60412057470472,-14.27818759048489],[-170.6048183919552,-14.278507867843757],[-170.60534444139282,-14.279449113585656],[-170.60635925707402,-14.280039938492337],[-170.60638083810517,-14.280401939897558],[-170.60622297471048,-14.280542992265225],[-170.60585461329973,-14.280955261276233],[-170.6048381527585,-14.281583632878323],[-170.60461105145882,-14.281626026020263],[-170.60461105145882,-14.281715857500785],[-170.6045212199783,-14.281715857500785],[-170.6045212199783,-14.281805688981308],[-170.60443138849774,-14.281805688981308],[-170.60443138849774,-14.28189552046183],[-170.60434155701722,-14.28189552046183],[-170.60428120171605,-14.28201482812176],[-170.60416189405615,-14.282075183422933],[-170.6038069981944,-14.282349108824292],[-170.603442167522,-14.28282176551204],[-170.6031230412953,-14.283012635824434],[-170.6025058006022,-14.283473351314058],[-170.6018414947891,-14.283586200043032],[-170.60153809410772,-14.283541360745176],[-170.6013771172601,-14.283332825049797],[-170.6012872857796,-14.283332825049797],[-170.6012872857796,-14.283242993569274],[-170.60029668254583,-14.282944746902501],[-170.60009359674206,-14.282489612605502],[-170.60002964415273,-14.28243450934508],[-170.59993981267218,-14.28243450934508],[-170.59993981267218,-14.282344677864558],[-170.5998891070966,-14.282305541167773],[-170.59943613297114,-14.282200588486319],[-170.599131328448,-14.281805688981308],[-170.59881277329083,-14.281764929008204],[-170.59816215336068,-14.281487517834648],[-170.59805335068157,-14.281356531578638],[-170.59796351920102,-14.281356531578638],[-170.5978736877205,-14.281356531578638],[-170.5978736877205,-14.281266700098058],[-170.59764088471903,-14.281140177177406],[-170.5971869240373,-14.280840186725186],[-170.5967209888825,-14.280735737664088],[-170.5963996916924,-14.280870682735781],[-170.59616688869093,-14.28090737417591],[-170.5960770572104,-14.28090737417591],[-170.5960770572104,-14.28045821587392],[-170.5960770572104,-14.280368384393398],[-170.59598722572986,-14.280368384393398],[-170.59598722572986,-14.280278552912819],[-170.59580756276878,-14.280278552912819],[-170.59580756276878,-14.280188721432296],[-170.59580756276878,-14.280098889951773],[-170.59571773128823,-14.280098889951773],[-170.5956278998077,-14.280098889951773],[-170.5956278998077,-14.28000905847125],[-170.59535680367352,-14.279895201602244],[-170.5948725556239,-14.279776255469756],[-170.59481941558354,-14.279739564029626],[-170.59454992114192,-14.279739564029626],[-170.59410076373922,-14.279739564029626],[-170.59410076373922,-14.279829395510149],[-170.59374143781707,-14.279829395510149],[-170.59374143781707,-14.279739564029626],[-170.59365160633652,-14.279739564029626],[-170.59338211189493,-14.279739564029626],[-170.59338211189493,-14.279649732549046],[-170.5929213964053,-14.279571469947314],[-170.5924837961902,-14.279470069588001],[-170.5920346387875,-14.279470069588001],[-170.59122615546266,-14.279470069588001],[-170.5906895344944,-14.279110217562447],[-170.59022434487758,-14.278419406930027],[-170.5901481767969,-14.278122596480614],[-170.59005834531635,-14.278122596480614],[-170.59005834531635,-14.277942933519512],[-170.5900167633629,-14.277804841720013],[-170.58992026430872,-14.277721699396864],[-170.58979545189857,-14.277441995851404],[-170.58916002961166,-14.277044618714115],[-170.58883658394117,-14.277008738462484],[-170.58832796966004,-14.276847914499626],[-170.5877929288006,-14.276982716579084],[-170.5876328944425,-14.276685292791967],[-170.5873595616944,-14.276607139008206],[-170.5872336305276,-14.276465933755787],[-170.58745323148142,-14.275697145606728],[-170.58740009144103,-14.275480791205496],[-170.58736340000087,-14.275247988204057],[-170.58715083894003,-14.275101222443425],[-170.5870040731794,-14.27488866228191],[-170.5863352500717,-14.27484131207683],[-170.58587784588585,-14.274577596678682],[-170.58497992588283,-14.273919683246731],[-170.58437972554387,-14.27358481079034],[-170.58336773912984,-14.273491832581954],[-170.58256074688094,-14.273133602933399],[-170.58161418254846,-14.273092031771796],[-170.58159132987595,-14.273159010579832],[-170.58136754077935,-14.273204715924862],[-170.5812320039538,-14.273338673540877],[-170.58098536128537,-14.27336152621342],[-170.58098536128537,-14.273451357693943],[-170.5808056983243,-14.273451357693943],[-170.58071586684375,-14.273631020655046],[-170.58071586684375,-14.273720852135568],[-170.58062603536322,-14.273720852135568],[-170.58062603536322,-14.273810683616091],[-170.58062603536322,-14.273990346577193],[-170.58053620388267,-14.273990346577193],[-170.58048630949557,-14.27447944197263],[-170.57999721499945,-14.274529336359763],[-170.5788383746912,-14.274476941857358],[-170.57851499467125,-14.274489760793756],[-170.57817117396047,-14.274476129769539],[-170.576919344652,-14.273912073183567],[-170.57678942229398,-14.27309646183221],[-170.5764005329582,-14.272736126870711],[-170.57631412249873,-14.272642874369126],[-170.57598438247325,-14.27255104639363],[-170.5751003219223,-14.271891182332126],[-170.57505648087187,-14.271834390144932],[-170.57490699556138,-14.271804212494374],[-170.57478698643024,-14.271744558664409],[-170.57447755489522,-14.271604843588591],[-170.57410827167936,-14.271524947818023],[-170.5734495587501,-14.27127174819259],[-170.57254119851748,-14.271385232742261],[-170.5719123781537,-14.271385232742261],[-170.5716127060615,-14.271235747431774],[-170.571463220751,-14.27120556978116],[-170.57137753424578,-14.271305040195386],[-170.57038368535876,-14.271426803903807],[-170.5688630846636,-14.271304623809272],[-170.56800391734689,-14.271117229376614],[-170.56719324057556,-14.270819519605084],[-170.56706147550665,-14.270666580897966],[-170.56691850398573,-14.27062988945778],[-170.56666545814434,-14.270523608477731],[-170.56612736858315,-14.270385516678232],[-170.56603139563236,-14.270246537247829],[-170.56576714333897,-14.270074451075004],[-170.56562417181806,-14.270037759634874],[-170.5655343403375,-14.270037759634874],[-170.5655343403375,-14.269947928154295],[-170.5653913688166,-14.269911236714165],[-170.5649041592995,-14.269690418977632],[-170.56504849059533,-14.26910275338929],[-170.5650851820355,-14.268420792085863],[-170.56499535055497,-14.268420792085863],[-170.56499535055497,-14.268151297644238],[-170.5649115067606,-14.268086588725055],[-170.5648156875939,-14.267522477280465],[-170.56469934140145,-14.267429312013121],[-170.56454619315227,-14.266893656916693],[-170.5644716699316,-14.266836129983346],[-170.56428018628154,-14.266368264883454],[-170.56403227197174,-14.264893907327917],[-170.56364787834687,-14.263929216260294],[-170.5635947383065,-14.263712861859062],[-170.56355804686635,-14.263300395896522],[-170.5635213554262,-14.26270826697288],[-170.5633410557451,-14.262126576480284],[-170.5630797856036,-14.26172535024466],[-170.56290027642657,-14.26160141557284],[-170.56261279824201,-14.26107243794263],[-170.5625698996811,-14.26069528206159],[-170.5624513384585,-14.260600351425012],[-170.56216201756303,-14.260124009315518],[-170.5621207422784,-14.259886797837396],[-170.56203091079786,-14.259886797837396],[-170.56203091079786,-14.25970713487635],[-170.56198020522226,-14.259398503737884],[-170.56194107931734,-14.258808820070954],[-170.56203091079786,-14.258449493249486],[-170.5620700367028,-14.258398799365068],[-170.56218951973054,-14.257883221633335],[-170.56295383285308,-14.257306291252291],[-170.56305818298873,-14.257051326257681],[-170.56310888856433,-14.25701218956084],[-170.56333598986402,-14.256700301078013],[-170.56411170818876,-14.255279324581124],[-170.56418686723012,-14.25503589608968],[-170.56412541475606,-14.253794900913874],[-170.56466161933824,-14.251507179412727],[-170.56472585611334,-14.25090364618626],[-170.56407931460865,-14.250149025956716],[-170.56396562231558,-14.249459301705372],[-170.56447770078523,-14.2488054460145],[-170.5645877751057,-14.248399306782517],[-170.56438137799816,-14.2480293994372],[-170.56408367901855,-14.247772910091669],[-170.56381857146988,-14.247465210650887],[-170.56324425002208,-14.247052810338857],[-170.5628393941227,-14.246142575019803],[-170.5623640502607,-14.245868508424905],[-170.56225882328604,-14.245692047050284],[-170.5627386187922,-14.24556201497495],[-170.56311404257897,-14.24577147157612],[-170.56319872004488,-14.246052743539224],[-170.56341507534543,-14.246105883579617],[-170.56373770982742,-14.246142575019803],[-170.56423757280572,-14.246181711716588],[-170.5645601416372,-14.246308519722334],[-170.56488558380263,-14.24677650623073],[-170.56528995676607,-14.247088635731927],[-170.56581795863187,-14.247200047344279],[-170.5664326551429,-14.24749004812719],[-170.56657481547532,-14.24752755075582],[-170.5666895608745,-14.247962486279675],[-170.56707031404372,-14.248183237466378],[-170.56790575184894,-14.24835072900288],[-170.56891043486866,-14.248425866460536],[-170.56903776897784,-14.24847819441311],[-170.5695266008719,-14.248561238710124],[-170.56993608468252,-14.248747689754055],[-170.57142163789825,-14.248706118592452],[-170.57231966851785,-14.248497406629951],[-170.5738537788288,-14.248263638655942],[-170.57486054467836,-14.247893928262158],[-170.57570150971688,-14.24742472497104],[-170.5762604779387,-14.246775913577494],[-170.57683157531693,-14.246821794290327],[-170.5769429428625,-14.24695105924394],[-170.57712260582358,-14.24695105924394],[-170.57738291189185,-14.247023542802197],[-170.57756733406518,-14.247474114838496],[-170.57766159560612,-14.248029037010383],[-170.57775142708667,-14.248029037010383],[-170.57775142708667,-14.248118868490963],[-170.57781108091663,-14.24814904614152],[-170.57793109004774,-14.24838836293253],[-170.5780209215283,-14.24838836293253],[-170.5780209215283,-14.24847819441311],[-170.57811075300881,-14.24847819441311],[-170.57811075300881,-14.248568026792952],[-170.57847007893096,-14.248837521234577],[-170.57882835264633,-14.249017184195623],[-170.57891923633366,-14.249196847156725],[-170.57915203933513,-14.249323370077434],[-170.5795847490369,-14.249609313119265],[-170.57981836322685,-14.249696720926863],[-170.5799073835189,-14.249825667520497],[-170.57999721499945,-14.249825667520497],[-170.57999721499945,-14.24991549900102],[-170.58008899800882,-14.249972060961795],[-170.58023181664498,-14.250391127948149],[-170.58026670944105,-14.250813814705737],[-170.5804064353087,-14.25085376259102],[-170.58064610283535,-14.251153073155763],[-170.58127430986147,-14.251656127827971],[-170.5823913038156,-14.251818694676956],[-170.58296165475653,-14.251981623952759],[-170.58315467444865,-14.251815328514567],[-170.58336256353147,-14.251574037711634],[-170.58380593109882,-14.251192056068476],[-170.5842465791163,-14.25122746507543],[-170.58446670617352,-14.25203616783483],[-170.58478982269213,-14.252916049236262],[-170.58541649457553,-14.25367366330886],[-170.58612174652137,-14.2542812650683],[-170.58595144820075,-14.255061983623591],[-170.58601941356505,-14.255907673700108],[-170.58585646270555,-14.256503038384494],[-170.58597434494004,-14.256604603319715],[-170.58605750884692,-14.257258305226571],[-170.58581141566427,-14.257470306009793],[-170.5854137966094,-14.25802405456642],[-170.58516586071588,-14.258677417428828],[-170.58511761118876,-14.25871898859043],[-170.58511761118876,-14.258808820070954],[-170.58505043542922,-14.25975911299264],[-170.5852720094956,-14.260476635288455],[-170.58608900220565,-14.261391004790994],[-170.5866871412985,-14.261551202825729],[-170.587051511518,-14.26163599090819],[-170.58731596166228,-14.261730866686094],[-170.58768033188178,-14.261815653869292],[-170.58813523595234,-14.26197886823013],[-170.59038591437843,-14.262119175059809],[-170.59087814570984,-14.261893258167277],[-170.5912685486046,-14.261456327047824],[-170.59131598694321,-14.261413933905885],[-170.59151764732155,-14.260489355299455],[-170.5913340363367,-14.259647569179947],[-170.5916060308936,-14.258739527307284],[-170.5917168948188,-14.258131738488885],[-170.59194333781477,-14.258030700556333],[-170.5923447286263,-14.258062950244891],[-170.5927948734846,-14.258228259126838],[-170.59320209729893,-14.258350867298645],[-170.59410183842908,-14.258278569900028],[-170.59450167161484,-14.258131738488885],[-170.594729584103,-14.258090167327339],[-170.594729584103,-14.25800033584676],[-170.59500708430946,-14.257678239159361],[-170.59558631695495,-14.257419775801964],[-170.59595943847728,-14.257155226732266],[-170.59717512493205,-14.256612761070016],[-170.5979023086446,-14.256336807697494],[-170.59823301364264,-14.256293536817225],[-170.5984593028545,-14.256336742046983],[-170.5989100835335,-14.256454854507865],[-170.59985601204528,-14.25641736267113],[-170.6003618842935,-14.256240056833121],[-170.60060841724464,-14.255973995103773],[-170.6009483996489,-14.25565897068492],[-170.60142374351094,-14.255352016782126],[-170.60170957683547,-14.255155335050631],[-170.60243445738428,-14.255184065692049],[-170.6032006788682,-14.25505064497122],[-170.60348644654223,-14.254899438358336],[-170.60373201452083,-14.254813027898876],[-170.60389713634373,-14.255334614001185],[-170.6041782545228,-14.256514749356143],[-170.60466109963002,-14.256962141389693],[-170.60486036961035,-14.25717720166648],[-170.60479071441992,-14.258449493249486],[-170.60479071441992,-14.258539325629329],[-170.60514337366774,-14.258677965115965],[-170.6061381875273,-14.25871898859043],[-170.60622801900783,-14.25871898859043],[-170.60637726330003,-14.258674050367063],[-170.60670689360822,-14.257935320258753],[-170.60716537248393,-14.257200778293225],[-170.60729930851625,-14.25646652231211],[-170.60745065722202,-14.256054407085173],[-170.60846343324081,-14.25582432273427],[-170.60891627516594,-14.255298712165768],[-170.60907580500438,-14.25516126697886],[-170.60935727481836,-14.255183889424927],[-170.60963135310445,-14.255798137174224],[-170.6098976675433,-14.255975782056623],[-170.61031201938417,-14.255257130212328],[-170.6104550574549,-14.255133897011717],[-170.6109500299199,-14.254913035208347],[-170.61156966101103,-14.25517398788918],[-170.61215696507185,-14.255257130212328],[-170.61298237993287,-14.254671876605755],[-170.6130967970795,-14.253550331182794],[-170.6133834856593,-14.252624776811956],[-170.61356738172927,-14.252466321663348],[-170.61379987716256,-14.25248500777684],[-170.61444426928756,-14.253018031456918],[-170.61490809912945,-14.25335109447741],[-170.61524251113295,-14.253739249067053],[-170.61560872406335,-14.254323921711546],[-170.61618580822844,-14.254738296035498],[-170.61669005720034,-14.254628309848556],[-170.61736712799055,-14.25458673868701],[-170.61745695947107,-14.25458673868701],[-170.61763662243214,-14.25458673868701],[-170.61763662243214,-14.254676570167533],[-170.6178694254336,-14.25471326160772],[-170.61808577983484,-14.254766401648055],[-170.61826544279592,-14.254766401648055],[-170.61826544279592,-14.254856233128635],[-170.61835527427647,-14.254856233128635],[-170.618445105757,-14.254856233128635],[-170.618445105757,-14.254946064609157],[-170.61853493723754,-14.254946064609157],[-170.61862476871806,-14.254946064609157],[-170.61862476871806,-14.25503589608968],[-170.61880443167914,-14.25503589608968],[-170.61880443167914,-14.255125727570203],[-170.6188942631597,-14.255125727570203],[-170.61898409464024,-14.255125727570203],[-170.61898409464024,-14.255215559050782],[-170.61907392612076,-14.255215559050782],[-170.61916375850063,-14.255215559050782],[-170.61916375850063,-14.255305390531305],[-170.61925358998116,-14.255305390531305],[-170.6193434214617,-14.255305390531305],[-170.6193434214617,-14.255395222011828],[-170.6196380276728,-14.255658443682194],[-170.619881796108,-14.256189592275803],[-170.6204592966592,-14.257016345328054],[-170.62085820983847,-14.257199429310162],[-170.6230696967091,-14.257347917272511],[-170.62351806450704,-14.25750878440283],[-170.62406716446804,-14.257678347977333],[-170.62441638021176,-14.257868111224298],[-170.62460108747018,-14.257952898407495],[-170.6247757061339,-14.2580477741854],[-170.62522990783395,-14.25822239284912],[-170.62580984284995,-14.258580907582768],[-170.62617061668058,-14.258629157109851],[-170.62699383809513,-14.258586368266265],[-170.62764785836194,-14.25839961055351],[-170.62796724719067,-14.258359661768907],[-170.62899451938154,-14.257949641063021],[-170.62931472029808,-14.257910504366237],[-170.62931472029808,-14.257820672885714],[-170.62958421473968,-14.257820672885714],[-170.62967404622023,-14.257820672885714],[-170.62967404622023,-14.257730841405134],[-170.62976387770078,-14.257730841405134],[-170.63003433711495,-14.257416935742924],[-170.63059600330288,-14.257013614986306],[-170.6310835194888,-14.256447770548107],[-170.63160752926404,-14.255717987794867],[-170.63169192164483,-14.255374409001718],[-170.63142242720323,-14.254994324928134],[-170.63086931446725,-14.254087653622264],[-170.63036758629505,-14.253447000878339],[-170.62983006690405,-14.253061028043987],[-170.62967404622023,-14.252879939657419],[-170.62930930278208,-14.253010815296818],[-170.62864350589305,-14.252832501318835],[-170.62827913567355,-14.252747714135637],[-170.6278350216689,-14.25256300687721],[-170.6269772141271,-14.252249550876002],[-170.62644743610028,-14.251519581963066],[-170.62630788649975,-14.251215533769823],[-170.62613061393665,-14.25105713347989],[-170.62595042397285,-14.250664526346782],[-170.6270064052214,-14.250049730910291],[-170.62784350947035,-14.249112827095246],[-170.62855338932744,-14.249264505852238],[-170.6291318107844,-14.249472044199422],[-170.62935711344,-14.24996293733966],[-170.62972148365952,-14.250407050444949],[-170.62983315877324,-14.251005375697503],[-170.63060076251514,-14.251183974760579],[-170.63125647080946,-14.251008347057507],[-170.63160290135278,-14.250766376367153],[-170.63207703922396,-14.250490324069176],[-170.63225192138904,-14.250294596518359],[-170.632431913502,-14.24971174410166],[-170.63272803237277,-14.249166822390919],[-170.63322491319917,-14.248525632751694],[-170.6333520944236,-14.248113813401744],[-170.63344697020148,-14.248029037010383],[-170.63344697020148,-14.24793920552986],[-170.63362663316255,-14.24793920552986],[-170.63412011455162,-14.247891581031581],[-170.63425516844126,-14.24789962996391],[-170.63459056700103,-14.248475683505944],[-170.63497425915472,-14.248818528452261],[-170.63545188369744,-14.249859178957877],[-170.6360189233346,-14.249463085153195],[-170.6370473583489,-14.249738522314885],[-170.6376694463878,-14.249868061561756],[-170.63858870640365,-14.249621857762463],[-170.63917239159258,-14.249214140220374],[-170.63950807523744,-14.248340925493267],[-170.63972201765696,-14.247947188811679],[-170.64008974324702,-14.247806980907399],[-170.6402267279811,-14.248029431812768],[-170.64004682310238,-14.248701161529311],[-170.64009669590575,-14.249537893458978],[-170.63990902717984,-14.25094928498146],[-170.64007816357636,-14.251901113945223],[-170.64071630541315,-14.252724565586163],[-170.64157678843802,-14.253271822836325],[-170.64216102221337,-14.253371490202085],[-170.642891626947,-14.253175806718048],[-170.64374213109446,-14.252581714574433],[-170.64401943345007,-14.252271350442413],[-170.6439972390813,-14.251898810781427],[-170.64333563033503,-14.251307668414142],[-170.64318189033196,-14.2508097902396],[-170.6433064617238,-14.25022671838832],[-170.64452550354912,-14.249781277883642],[-170.64496606433238,-14.249678781250736],[-170.64533694834145,-14.249811862027741],[-170.64543695565095,-14.250771420664478],[-170.6455364593401,-14.251142973769163],[-170.64551884791646,-14.251438500886081],[-170.64528648378416,-14.251866099740653],[-170.64463491956585,-14.252448261478037],[-170.64454368514293,-14.252800075363155],[-170.64490301106508,-14.253461321682607],[-170.64500799702142,-14.253690067842285],[-170.64517888799526,-14.25460556689336],[-170.64576994222904,-14.254876837495999],[-170.64589550017718,-14.255682612962175],[-170.64643266883257,-14.255929155805859],[-170.64669459727781,-14.25607148071424],[-170.64777761934164,-14.256156267897381],[-170.64839196511707,-14.25632080875829],[-170.64920672121318,-14.25602846164412],[-170.6499397604116,-14.256072149809825],[-170.65006580129565,-14.257281684002464],[-170.65012545512562,-14.257311861653022],[-170.65024546425676,-14.25755117844409],[-170.65024546425676,-14.257641009924612],[-170.6503152507482,-14.257872803886755],[-170.6508416293377,-14.258483783499742],[-170.65275357541714,-14.258656022557375],[-170.65374889379638,-14.258090167327339],[-170.65374889379638,-14.25800033584676],[-170.65383872527693,-14.25800033584676],[-170.65397555622692,-14.257627762910886],[-170.65405997019144,-14.255740621932091],[-170.65372674259507,-14.254523081974583],[-170.65384433974447,-14.25305960261852],[-170.65378420297856,-14.2523112443684],[-170.65338364583855,-14.251278620312007],[-170.65312498552964,-14.250815031488457],[-170.65256983313125,-14.25003205383615],[-170.65235983873555,-14.249644513483474],[-170.65258744365556,-14.249024728608276],[-170.65298006247988,-14.248849528083213],[-170.6536516276205,-14.248903491003261],[-170.65380045462726,-14.249558531101286],[-170.6544128263908,-14.250599445108264],[-170.65468936162472,-14.250837698001305],[-170.65588274309408,-14.250741802392213],[-170.65630575810422,-14.251041737985759],[-170.6567704000339,-14.251181627530059],[-170.65718253684457,-14.251659998510092],[-170.65739634706375,-14.252370130177326],[-170.6577047920425,-14.252805152935423],[-170.65855913449644,-14.252935338794828],[-170.65887972931603,-14.252909579513414],[-170.65921376900022,-14.252723216603101],[-170.65953969320225,-14.252202858075407],[-170.65972602373697,-14.251940052791156],[-170.65998227116486,-14.25153093140733],[-170.66007868208547,-14.250585891425715],[-170.66017518113966,-14.250323085242144],[-170.66026264380594,-14.249371279660807],[-170.6604446755813,-14.248706118592452],[-170.66054779724303,-14.24802935537042],[-170.66035526048685,-14.24732584721005],[-170.6607141700229,-14.246819656601815],[-170.6607973348291,-14.246633304483396],[-170.660893832984,-14.24655016126087],[-170.66103147512246,-14.246390412887195],[-170.66145435883158,-14.24688127275249],[-170.66181800599614,-14.247194565077052],[-170.662510800533,-14.247351956327691],[-170.66304235472086,-14.247575811074796],[-170.66340244866404,-14.24807729732936],[-170.6636032537871,-14.248250304407975],[-170.66453016793287,-14.24834010261361],[-170.66509056158012,-14.247689668843122],[-170.66631436261773,-14.247268814004542],[-170.66663638286275,-14.247448476965587],[-170.66682271339747,-14.247531619288736],[-170.66727397611308,-14.24778339348876],[-170.66787005306048,-14.24796285859901],[-170.6685595587766,-14.24876317338169],[-170.6695003773405,-14.2495701323557],[-170.6696906549997,-14.249873927839474],[-170.6698600764813,-14.250019893203444],[-170.6701735432744,-14.250520348834982],[-170.67103711906776,-14.251188448887774],[-170.67144570355634,-14.251262972108407],[-170.6715355350369,-14.251262972108407],[-170.67203212987886,-14.251220578067205],[-170.67349998533604,-14.25107891146257],[-170.6745896749735,-14.250846097669239],[-170.67490169475738,-14.250676544886574],[-170.6750864020158,-14.250591757703432],[-170.67527542961736,-14.250294552451578],[-170.6752421160308,-14.249735836039974],[-170.67529435674913,-14.24885945210201],[-170.67510594338455,-14.247799183785276],[-170.67459156085184,-14.246967145417386],[-170.6738711544302,-14.246142575019803],[-170.67378132294968,-14.246142575019803],[-170.67378132294968,-14.246052743539224],[-170.67366201528975,-14.245992388238108],[-170.67360165998858,-14.245873080578178],[-170.67312504358586,-14.245675970769412],[-170.67268584347687,-14.245166217047256],[-170.67239226788882,-14.24465701101218]]],[[[-170.67081688229325,-14.2357221187807],[-170.67108637673488,-14.2357221187807],[-170.67108637673488,-14.235901781741802],[-170.67114603056484,-14.23593195939236],[-170.67132549657438,-14.236289234860237],[-170.67135587207582,-14.236620434485417],[-170.67130672322668,-14.23740455157872],[-170.6710431283377,-14.237650974812595],[-170.67099654525433,-14.23671026596594],[-170.67093689232368,-14.236680087416062],[-170.67072705081273,-14.23626110766395],[-170.67072705081273,-14.236171276183427],[-170.67072705081273,-14.236081444702847],[-170.67081688229325,-14.236081444702847],[-170.67081688229325,-14.2357221187807]]],[[[-169.4244769906206,-14.213980686359548],[-169.42494150034995,-14.213639980001005],[-169.42546048831085,-14.213079838163935],[-169.42626941050486,-14.212486514041359],[-169.42678681925628,-14.21232271871844],[-169.42748713662203,-14.211952125190408],[-169.42795269855816,-14.211970574782129],[-169.42875960357281,-14.21232271871844],[-169.42944965697606,-14.212613086424767],[-169.43115970165888,-14.212917029397317],[-169.43163421184937,-14.213041370562735],[-169.4320868784067,-14.213127781022251],[-169.43244269517422,-14.213221033523837],[-169.43454899913698,-14.213665431714276],[-169.43624614844097,-14.213828054321198],[-169.43752466782914,-14.214202337767631],[-169.43942507830468,-14.214303683268326],[-169.4400352134543,-14.214279497800533],[-169.4406640347174,-14.21430442341034],[-169.44115740548983,-14.214284865853813],[-169.4419648366079,-14.214115927308171],[-169.44308843248515,-14.213981475964317],[-169.4455273938741,-14.214078150386285],[-169.44694039788104,-14.2137567983375],[-169.44830269631237,-14.21319723746251],[-169.45023284556933,-14.21286170760169],[-169.45121748359995,-14.212678622720205],[-169.45184981311834,-14.212592213160065],[-169.45265312084481,-14.21245232811242],[-169.45374039850057,-14.21232221959474],[-169.4550370778988,-14.212276091568299],[-169.45512690937935,-14.212276091568299],[-169.45512690937935,-14.212455754529401],[-169.45521674085987,-14.212455754529401],[-169.45575572974312,-14.212455754529401],[-169.45575572974312,-14.212545586009924],[-169.4560710176633,-14.212589603327501],[-169.45637700569424,-14.212694320386504],[-169.45780150213758,-14.213096106000421],[-169.45978472578443,-14.213311578166781],[-169.4610857920756,-14.213645018902469],[-169.46280838140166,-14.213757412574466],[-169.4637083635501,-14.213888924933883],[-169.4642096303701,-14.214147168856698],[-169.46529752136348,-14.214884599444645],[-169.4661642555759,-14.215206636776827],[-169.46648971932507,-14.215645673209224],[-169.4669542290544,-14.216199049446516],[-169.46776236164365,-14.216182556779529],[-169.46828634983515,-14.21600320048725],[-169.4685575988541,-14.215915167650849],[-169.46934143176165,-14.21557605129368],[-169.4702272019238,-14.215403126952708],[-169.47183083522484,-14.215286347287076],[-169.47341639664936,-14.215722455526873],[-169.4740373218649,-14.215823537526205],[-169.47448472469026,-14.215915167650849],[-169.47496098945808,-14.216008146758497],[-169.47521837812562,-14.216002893818427],[-169.47574236631712,-14.215823537526205],[-169.47877593426193,-14.21571743820914],[-169.48008243875353,-14.215550446695715],[-169.48182476729914,-14.215649286685164],[-169.482569561536,-14.216274493572996],[-169.48326601901155,-14.216570142098305],[-169.48465068807877,-14.216541882701677],[-169.48592736565539,-14.216104885931713],[-169.48724255489995,-14.215825336170269],[-169.48751029566358,-14.215733706045626],[-169.48805103912412,-14.215645673209224],[-169.48831877898843,-14.21555404308458],[-169.4887296882245,-14.215466010248122],[-169.48919647863454,-14.215782432213416],[-169.4902622624934,-14.216299490229233],[-169.4911268913929,-14.216640525739649],[-169.4920962643311,-14.216829761983888],[-169.49298738635878,-14.217191231889785],[-169.49479673687986,-14.217154303927941],[-169.4953256371684,-14.217262640758236],[-169.49664556404153,-14.217499797377684],[-169.4971222676785,-14.217621966680383],[-169.4982526183636,-14.217722483905447],[-169.4990087296691,-14.21798129260253],[-169.49956105369964,-14.21806932543899],[-169.50051375860306,-14.217423519579711],[-169.50178148882463,-14.217449393074958],[-169.5019821185799,-14.217346045683428],[-169.50235741016633,-14.21677361101331],[-169.50321256470806,-14.215951995787918],[-169.50409842210448,-14.215779071446946],[-169.50427475217805,-14.215055566860883],[-169.50484251487015,-14.214379253299853],[-169.50547572212685,-14.213262440109474],[-169.5058685594864,-14.213071817110631],[-169.50642070724982,-14.21299474431197],[-169.50642070724982,-14.212904912831391],[-169.50695969703236,-14.212904912831391],[-169.50695969703236,-14.21299474431197],[-169.5071892759643,-14.213124523677777],[-169.50734490184573,-14.21331886447399],[-169.50686258374122,-14.214139378029813],[-169.5067401185616,-14.214579367743568],[-169.5071986630878,-14.215359417203274],[-169.50768913894257,-14.215972726959762],[-169.50871360434934,-14.216151008562122],[-169.50927566533966,-14.215990485872169],[-169.50950252562103,-14.216018701202074],[-169.509604726377,-14.216340206135555],[-169.50932180955385,-14.217076283243841],[-169.50943506387708,-14.217166942100675],[-169.5096256931712,-14.21761947196103],[-169.51015178577626,-14.217939008278563],[-169.51019363123106,-14.218743961764403],[-169.51033092263395,-14.218786349510367],[-169.5106306828597,-14.218949229323414],[-169.51126371474862,-14.22008194342692],[-169.51182323155686,-14.220338750233111],[-169.5124868790662,-14.220493148539902],[-169.51340195003993,-14.220738238978527],[-169.5144221166873,-14.220928647938706],[-169.51472757951416,-14.220762648377502],[-169.5149530350545,-14.220659175980131],[-169.51526911257946,-14.220678014978375],[-169.51540228059076,-14.220670075763337],[-169.51576318572242,-14.22054059137514],[-169.51603268016402,-14.220181265452993],[-169.5160775959043,-14.220066213384996],[-169.51612251164457,-14.220181265452993],[-169.5162590134427,-14.220224470682751],[-169.5167615087366,-14.220490368735454],[-169.51771219646068,-14.220291460282624],[-169.51815696786974,-14.220597493279627],[-169.51835110541916,-14.221008917827248],[-169.51831250651693,-14.22198393850789],[-169.51806196079082,-14.222698565886049],[-169.51795598737888,-14.223143688030746],[-169.5177775519924,-14.223652642255615],[-169.51717794430667,-14.22403982108085],[-169.51679800322523,-14.224449973987078],[-169.5165716699466,-14.224583010697359],[-169.5165716699466,-14.224672842177881],[-169.51662798998973,-14.224721365098901],[-169.51650096254934,-14.226131002943362],[-169.51664921938593,-14.227500461776856],[-169.51657342362458,-14.228443792147232],[-169.51641692090416,-14.229598706015452],[-169.51625392597788,-14.230194135450972],[-169.51609698348898,-14.230884912808449],[-169.51559624277235,-14.23196314328436],[-169.51535561027316,-14.232170428922132],[-169.51505637705014,-14.232689383608147],[-169.51479337391504,-14.233563003929419],[-169.51436746398724,-14.234326385354336],[-169.51428429918104,-14.234512737472812],[-169.5141343750014,-14.234781519651392],[-169.51387672373178,-14.235003466936405],[-169.51387672373178,-14.235093298416928],[-169.51378689225126,-14.235093298416928],[-169.5136463551951,-14.235401929555337],[-169.51338844042417,-14.236042308006063],[-169.51323632369736,-14.23615970730458],[-169.51306718730083,-14.23676720024605],[-169.51288857744586,-14.237159423368666],[-169.51288857744586,-14.237339086329712],[-169.5127987459653,-14.237339086329712],[-169.5127386532662,-14.23757330396478],[-169.51222308722566,-14.238021046733877],[-169.51190043026062,-14.238237401135109],[-169.5117149774642,-14.238505997153993],[-169.5113614413774,-14.238596727956576],[-169.51118826972285,-14.23881300501614],[-169.51079218671003,-14.238926237755607],[-169.51017696319627,-14.239418940331802],[-169.51010379975054,-14.239674705723019],[-169.51023705589537,-14.240013690779165],[-169.5102834627116,-14.24039335756737],[-169.5102834627116,-14.240483189047893],[-169.51019363123106,-14.240483189047893],[-169.51019363123106,-14.240573021427736],[-169.51010379975054,-14.240573021427736],[-169.51010379975054,-14.240662852908315],[-169.51001396827,-14.240662852908315],[-169.51001396827,-14.240752684388838],[-169.50992413678946,-14.240752684388838],[-169.5098343053089,-14.240752684388838],[-169.5098343053089,-14.24084251586936],[-169.5097444738284,-14.24084251586936],[-169.50963850041643,-14.240956877258043],[-169.50875246765224,-14.241499397778966],[-169.50850788712927,-14.241614812273724],[-169.50772151003963,-14.242233193307186],[-169.50705733552758,-14.243175327579252],[-169.50627999482586,-14.243832264347475],[-169.5057487257231,-14.243943413357783],[-169.50493831245313,-14.244098140816504],[-169.50423869655856,-14.244549908051795],[-169.50394858605839,-14.24492813952196],[-169.50359276929083,-14.245560380906795],[-169.5034885504562,-14.245656912336585],[-169.50302158467835,-14.246727006645983],[-169.50287411744654,-14.24780616881958],[-169.50264050235728,-14.248374897383542],[-169.50231907386615,-14.249572632470972],[-169.5017152555546,-14.250852139314759],[-169.50161296666505,-14.250946851416018],[-169.50112161307194,-14.25184186570948],[-169.50040971603553,-14.25287652942825],[-169.49998292836943,-14.25378086429538],[-169.49963158482976,-14.25437836666822],[-169.49945701023282,-14.254540111536869],[-169.4993706879069,-14.2549028593794],[-169.49872326956321,-14.256292495402306],[-169.49844412449673,-14.257464438832756],[-169.49815962936339,-14.25836308368929],[-169.49801970564488,-14.258762192920813],[-169.4979765444819,-14.259078314512578],[-169.4979765444819,-14.259347808954146],[-169.49788671300138,-14.259347808954146],[-169.49788671300138,-14.259527471915248],[-169.49779688152083,-14.259527471915248],[-169.49775450996265,-14.259664741734412],[-169.49760362081042,-14.2597995653976],[-169.49740851828847,-14.260712541850296],[-169.49748782230512,-14.262042886469999],[-169.4972559626925,-14.263285339446838],[-169.49708638832612,-14.263834439407788],[-169.4966618813407,-14.264759368749822],[-169.49557644639586,-14.265519844465189],[-169.4954188905693,-14.265863116589514],[-169.49532397072466,-14.266037735253235],[-169.4951543963583,-14.266407160561982],[-169.49496464480248,-14.26675638709753],[-169.4949222732443,-14.266893656916693],[-169.4948619170438,-14.267012964576622],[-169.4947426102832,-14.267073319877738],[-169.4947426102832,-14.267163151358318],[-169.49465277880267,-14.267163151358318],[-169.4941989710057,-14.268013096127447],[-169.4934025934549,-14.268955449834095],[-169.4925046293851,-14.270482925846295],[-169.49154657261622,-14.271313867940592],[-169.49029603743216,-14.271679948670624],[-169.48886434731176,-14.27179434333425],[-169.48847089571524,-14.271980048840135],[-169.48784549637253,-14.272410388828348],[-169.48744976409532,-14.272426070306835],[-169.48715360115773,-14.271967426855213],[-169.48710693084016,-14.271924221625454],[-169.486896387858,-14.271870182263058],[-169.486747604918,-14.271654727183886],[-169.48644635271697,-14.271528204263177],[-169.48543680166705,-14.271601587143493],[-169.48522046884952,-14.271654727183886],[-169.48494755248754,-14.271774407163093],[-169.48460585957272,-14.271678380252979],[-169.4841938099963,-14.271327563716056],[-169.48414249018376,-14.271115738300637],[-169.48400300623373,-14.271045162204416],[-169.48396282722268,-14.270846243859012],[-169.48387299574213,-14.270846243859012],[-169.48387299574213,-14.27075641237849],[-169.48355358532967,-14.270357137671738],[-169.4834737543103,-14.269448887156386],[-169.4833340068589,-14.268959781868375],[-169.48324417537836,-14.268959781868375],[-169.48324417537836,-14.268869950387852],[-169.48324417537836,-14.26878011890733],[-169.48315434389784,-14.26878011890733],[-169.48315434389784,-14.268600455946228],[-169.48315434389784,-14.268510624465705],[-169.4830645124173,-14.268510624465705],[-169.4830645124173,-14.268420792085863],[-169.48301134989384,-14.26820443768463],[-169.48297468093674,-14.26779197172209],[-169.48297468093674,-14.26770214024151],[-169.4828848494562,-14.26770214024151],[-169.4828848494562,-14.267612308760988],[-169.4826685166387,-14.267469337240072],[-169.4824356911542,-14.267432645799943],[-169.48216619671257,-14.267432645799943],[-169.481470353474,-14.267409793127399],[-169.4812010344002,-14.267142283489534],[-169.48117805042665,-14.266713993955591],[-169.48112980089957,-14.266672422794045],[-169.48095680461282,-14.266284761032864],[-169.48063906154343,-14.265725846770351],[-169.48054922916356,-14.265725846770351],[-169.48054922916356,-14.265636015289829],[-169.48045939768303,-14.265636015289829],[-169.48045939768303,-14.265546183809306],[-169.48023148609417,-14.26541478116718],[-169.4798088209203,-14.265115119866834],[-169.4795195009242,-14.264779271646034],[-169.47872645716023,-14.264099032544266],[-169.47848310421188,-14.263749553299192],[-169.47839327273132,-14.263749553299192],[-169.47839327273132,-14.26365972181867],[-169.47830344125077,-14.26365972181867],[-169.47830344125077,-14.263480058857567],[-169.47821360977025,-14.263480058857567],[-169.47821360977025,-14.263390227377045],[-169.47821360977025,-14.263300395896522],[-169.4781237782897,-14.263300395896522],[-169.4781237782897,-14.263210564415942],[-169.47803394680918,-14.263210564415942],[-169.47803394680918,-14.26312073293542],[-169.4778542838481,-14.26312073293542],[-169.4778542838481,-14.263030901454897],[-169.47758478940648,-14.26267157553275],[-169.47749495792593,-14.26267157553275],[-169.47749495792593,-14.262581744052227],[-169.4774051264454,-14.262581744052227],[-169.4774051264454,-14.262491911672328],[-169.47704580052326,-14.261952922789135],[-169.4769559690427,-14.261952922789135],[-169.4769559690427,-14.261863091308555],[-169.47686613756218,-14.26168342834751],[-169.47677630608163,-14.26168342834751],[-169.47677630608163,-14.26159359686693],[-169.47655672761087,-14.261274218830067],[-169.475838864472,-14.260376770071844],[-169.4751992540423,-14.259667186991067],[-169.47461403281133,-14.258935726102834],[-169.47444068578898,-14.258629157109851],[-169.47435085430845,-14.258629157109851],[-169.47435085430845,-14.258539325629329],[-169.47435085430845,-14.258449493249486],[-169.4742610228279,-14.258449493249486],[-169.4742610228279,-14.258359661768907],[-169.4742610228279,-14.258269830288384],[-169.47417119134738,-14.258269830288384],[-169.47417119134738,-14.258179998807861],[-169.47408135986683,-14.257820672885714],[-169.4739915283863,-14.257820672885714],[-169.4739915283863,-14.257730841405134],[-169.47391161013266,-14.257451412152875],[-169.47376089634827,-14.2573306682757],[-169.4737831788506,-14.257151005314597],[-169.47361106030218,-14.257013176117141],[-169.47332279251285,-14.256602980043453],[-169.4730033821004,-14.256203705336702],[-169.47291355061984,-14.256203705336702],[-169.47291355061984,-14.256113873856123],[-169.4728237191393,-14.256113873856123],[-169.4728237191393,-14.2560240423756],[-169.47273388765876,-14.2560240423756],[-169.47273388765876,-14.255934210895077],[-169.4726440561782,-14.255934210895077],[-169.4726440561782,-14.255844379414555],[-169.47255422379837,-14.255844379414555],[-169.47255422379837,-14.255754547933975],[-169.47246439231782,-14.255754547933975],[-169.47246439231782,-14.255664716453452],[-169.4723745608373,-14.255664716453452],[-169.4723745608373,-14.25557488497293],[-169.47228472935674,-14.25557488497293],[-169.47228472935674,-14.255485053492407],[-169.47219489787622,-14.255485053492407],[-169.47219489787622,-14.255395222011828],[-169.47210506639567,-14.255395222011828],[-169.47210506639567,-14.255305390531305],[-169.47201523491512,-14.255305390531305],[-169.47201523491512,-14.255215559050782],[-169.4719254034346,-14.255215559050782],[-169.4719254034346,-14.255125727570203],[-169.47183557195405,-14.255125727570203],[-169.47183557195405,-14.25503589608968],[-169.47156607751245,-14.254676570167533],[-169.4714762460319,-14.254676570167533],[-169.4714762460319,-14.25458673868701],[-169.47138641455138,-14.25458673868701],[-169.47138641455138,-14.25449690630711],[-169.47120675159027,-14.254227411865543],[-169.47111692010975,-14.254227411865543],[-169.47111692010975,-14.254137580384963],[-169.4710270886292,-14.254137580384963],[-169.4710270886292,-14.253957917423918],[-169.47093725714868,-14.253957917423918],[-169.47093725714868,-14.253868085943338],[-169.4705304713042,-14.253763691740915],[-169.47048809884666,-14.25359859150177],[-169.47030843588558,-14.253508760021191],[-169.47021860440503,-14.253508760021191],[-169.47021860440503,-14.253418928540668],[-169.47009859527392,-14.253359274710704],[-169.46961996169185,-14.25329891940953],[-169.46949995256074,-14.253239265579623],[-169.4694101210802,-14.253239265579623],[-169.4694101210802,-14.253149434099043],[-169.46932028959966,-14.253149434099043],[-169.4692304581191,-14.253149434099043],[-169.4692304581191,-14.25305960261852],[-169.4691406266386,-14.25305960261852],[-169.46905079515804,-14.25305960261852],[-169.46905079515804,-14.252969771137998],[-169.46896096367752,-14.252969771137998],[-169.46887113219697,-14.252969771137998],[-169.46887113219697,-14.252879939657419],[-169.46878130071642,-14.252879939657419],[-169.46878130071642,-14.252790108176896],[-169.4686914692359,-14.252790108176896],[-169.4686914692359,-14.252700276696373],[-169.46860163775534,-14.252700276696373],[-169.46860163775534,-14.25261044521585],[-169.4685118053755,-14.25261044521585],[-169.4685118053755,-14.252520612835951],[-169.4685118053755,-14.252430781355429],[-169.46842197389495,-14.252430781355429],[-169.46842197389495,-14.252340949874906],[-169.46833214241443,-14.252340949874906],[-169.46833214241443,-14.252251118394327],[-169.46815247945332,-14.252251118394327],[-169.46815247945332,-14.252161286913804],[-169.46779517160985,-14.252100580877084],[-169.46770332205065,-14.251981623952759],[-169.46666525889455,-14.251941676067474],[-169.4660374916369,-14.251762407908757],[-169.46575255673508,-14.251652870483554],[-169.4653268221751,-14.251705813572414],[-169.46518803969624,-14.251532466550032],[-169.46509820821572,-14.251532466550032],[-169.46509820821572,-14.251442635069509],[-169.4648992449042,-14.251402478541479],[-169.4648287137741,-14.251262972108407],[-169.46473888229355,-14.251262972108407],[-169.46473888229355,-14.251173140627884],[-169.46464905081302,-14.251173140627884],[-169.46464905081302,-14.251083309147361],[-169.46455921843315,-14.251083309147361],[-169.46455921843315,-14.250993477666839],[-169.46446938695263,-14.250993477666839],[-169.46446938695263,-14.25090364618626],[-169.46437955547208,-14.25090364618626],[-169.46437955547208,-14.250813814705737],[-169.464199892511,-14.250813814705737],[-169.464199892511,-14.250723983225214],[-169.46406040856098,-14.250653407128993],[-169.46402022954993,-14.25045448788427],[-169.46367143109165,-14.250211607979281],[-169.46345983500336,-14.24996609485936],[-169.46310042184697,-14.249805677390043],[-169.46289400225638,-14.249514601917326],[-169.46281083745015,-14.24932824979885],[-169.46217710409005,-14.249231685094173],[-169.46155319672263,-14.248968923876703],[-169.46087902174943,-14.248880726464336],[-169.4603841590017,-14.248698990565913],[-169.46002807873282,-14.24872761149004],[-169.45948224690815,-14.24860855564026],[-169.45916932780221,-14.248783163512144],[-169.45885737366882,-14.24860913660234],[-169.4586441111368,-14.248626265090024],[-169.45831259495026,-14.24852645473203],[-169.4580385382479,-14.248425822393756],[-169.4569684556297,-14.248339840011568],[-169.45678879266862,-14.248354270533127],[-169.45648332984177,-14.24832972983313],[-169.45580064548338,-14.248453510720879],[-169.4549549661987,-14.248300188003213],[-169.4544565061628,-14.248436623251507],[-169.45422859367463,-14.24847819441311],[-169.45404893071355,-14.24847819441311],[-169.45382145709453,-14.248406193790743],[-169.4533411570687,-14.248075663261204],[-169.45265478818789,-14.248162073720664],[-169.45210342912992,-14.248355345222933],[-169.45126082013073,-14.248321954294681],[-169.45050356848486,-14.248587358619659],[-169.4491081974853,-14.248657858273475],[-169.4489285345242,-14.248657858273475],[-169.44861587802032,-14.248884147485398],[-169.44843270590462,-14.248970557944858],[-169.44809478564582,-14.24914936565068],[-169.44788082164257,-14.249157852552798],[-169.44695224105305,-14.249107015676202],[-169.44687960371073,-14.24925052409236],[-169.4465929142316,-14.249286678637247],[-169.44652238310147,-14.24942618507032],[-169.44632341978996,-14.24946634159835],[-169.4462421858282,-14.249583993606393],[-169.4459274249107,-14.24978897608031],[-169.4456945994262,-14.249825667520497],[-169.44560476794567,-14.249955776038178],[-169.44500937088574,-14.250164498792515],[-169.44470645314027,-14.250364656403747],[-169.44470645314027,-14.25045448788427],[-169.4446166207604,-14.25045448788427],[-169.44440686828233,-14.250829199407974],[-169.44407763187718,-14.251083309147361],[-169.44407763187718,-14.251173140627884],[-169.44398780039666,-14.251173140627884],[-169.44380813743555,-14.251262972108407],[-169.44380813743555,-14.251352803588986],[-169.44371830595503,-14.251352803588986],[-169.44371830595503,-14.251442635069509],[-169.44362847447448,-14.251442635069509],[-169.44353864299396,-14.251442635069509],[-169.44353864299396,-14.251532466550032],[-169.4434488115134,-14.251532466550032],[-169.44308948559126,-14.251712129511134],[-169.44308948559126,-14.251801960991656],[-169.4429996541107,-14.251801960991656],[-169.44281999114963,-14.251891792472179],[-169.44281999114963,-14.251981623952759],[-169.4427301596691,-14.251981623952759],[-169.44264032818856,-14.251981623952759],[-169.44264032818856,-14.252071455433281],[-169.44255049580872,-14.252071455433281],[-169.44246066432817,-14.252071455433281],[-169.44246066432817,-14.252161286913804],[-169.44237083284764,-14.252161286913804],[-169.442298722508,-14.252251316245179],[-169.4416389339896,-14.252639164166055],[-169.44098344512986,-14.252839990872815],[-169.44043445488614,-14.252919887542703],[-169.4401749609057,-14.253019653833917],[-169.4400352134543,-14.25305960261852],[-169.4400352134543,-14.253149434099043],[-169.43994538197379,-14.253149434099043],[-169.43994538197379,-14.253239265579623],[-169.43985555049323,-14.253239265579623],[-169.43985555049323,-14.253329097060146],[-169.43976571901268,-14.253329097060146],[-169.43956666846694,-14.253695430499647],[-169.43931656161,-14.253868085943338],[-169.43928366440954,-14.25403088391812],[-169.43913689864894,-14.253957917423918],[-169.4390470671684,-14.253957917423918],[-169.4390470671684,-14.25404774890444],[-169.43895723568784,-14.25404774890444],[-169.4386486153413,-14.25427810664928],[-169.43850807738585,-14.254317243346065],[-169.43846789927412,-14.25451616259079],[-169.43832841442475,-14.25458673868701],[-169.43832841442475,-14.254676570167533],[-169.43823858294422,-14.254676570167533],[-169.43809409876363,-14.254863788333125],[-169.43760976258045,-14.254946064609157],[-169.43695769474178,-14.254790964831102],[-169.4361724579925,-14.254856233128635],[-169.43612754225225,-14.254971285196632],[-169.436082626512,-14.254856233128635],[-169.43582769479227,-14.254896411240338],[-169.43513114918315,-14.255072587529867],[-169.4349679788891,-14.255178867610596],[-169.43482498578445,-14.255215559050782],[-169.43426862649588,-14.255419884120329],[-169.43388017512996,-14.255451092393969],[-169.43320801823543,-14.255395222011828],[-169.43320801823543,-14.255485053492407],[-169.4329385237938,-14.255485053492407],[-169.43257919697234,-14.255485053492407],[-169.43257919697234,-14.25557488497293],[-169.4324893654918,-14.25557488497293],[-169.43230970253072,-14.25557488497293],[-169.4322198710502,-14.255700223486485],[-169.43213003956964,-14.25557488497293],[-169.43198055425916,-14.255605062623488],[-169.43186054512802,-14.255664716453452],[-169.4317707136475,-14.255664716453452],[-169.43159105068642,-14.255664716453452],[-169.43159105068642,-14.255754547933975],[-169.43150121920587,-14.255754547933975],[-169.43141138772535,-14.255754547933975],[-169.43126067394093,-14.255923256253254],[-169.43046341955113,-14.256480130853333],[-169.42934526277364,-14.256652863638692],[-169.42904559068143,-14.25680234894918],[-169.42889610537094,-14.256832526599794],[-169.42889610537094,-14.256922358080317],[-169.4283571155884,-14.256922358080317],[-169.4283571155884,-14.25701218956084],[-169.4279079581857,-14.25701218956084],[-169.42772829522463,-14.25701218956084],[-169.42772829522463,-14.257102021041419],[-169.42736896930248,-14.257102021041419],[-169.42718930634138,-14.257102021041419],[-169.42718930634138,-14.257191852521942],[-169.42709947486085,-14.257191852521942],[-169.42665031745815,-14.257191852521942],[-169.4265434663079,-14.257320480755538],[-169.42620115915614,-14.257191852521942],[-169.42557233879236,-14.257191852521942],[-169.4253926758313,-14.257191852521942],[-169.4253926758313,-14.257102021041419],[-169.42521301287022,-14.257102021041419],[-169.42503334990914,-14.257102021041419],[-169.42503334990914,-14.25701218956084],[-169.42466507573263,-14.256895579867091],[-169.42388905073906,-14.256556956338443],[-169.42347594805653,-14.256338332048358],[-169.4227864207567,-14.254877386082455],[-169.4224163929022,-14.253623209543434],[-169.42219655093007,-14.251490237084738],[-169.42196793697067,-14.249956905586657],[-169.4218460851287,-14.248431568162289],[-169.42164992950063,-14.247683243187055],[-169.42130709624547,-14.245826454327357],[-169.42110427304374,-14.245332830845427],[-169.42082688345388,-14.244456589000322],[-169.42085793884277,-14.243672208405656],[-169.42084372685648,-14.243312882483508],[-169.42090171334337,-14.241848711548755],[-169.42103760180385,-14.241068805081227],[-169.4212137556103,-14.23935858503063],[-169.42131051726653,-14.238523596886466],[-169.4212137556103,-14.23675689221676],[-169.42117059444735,-14.235542455819655],[-169.42108076296682,-14.235542455819655],[-169.42108076296682,-14.235452624339075],[-169.42108076296682,-14.235183129897507],[-169.42099093148627,-14.235183129897507],[-169.42099093148627,-14.235093298416928],[-169.42099093148627,-14.234823803975303],[-169.42090110000572,-14.234823803975303],[-169.42090110000572,-14.23473397249478],[-169.42090110000572,-14.234644141014257],[-169.42090110000572,-14.234554309533735],[-169.42090110000572,-14.234464477153836],[-169.4208112685252,-14.234464477153836],[-169.4208112685252,-14.234105151231688],[-169.42072143704465,-14.234105151231688],[-169.42072143704465,-14.233835656790063],[-169.4206316046648,-14.233835656790063],[-169.4206316046648,-14.23374582530954],[-169.42042088721414,-14.23300822474971],[-169.42017578058778,-14.231566610610571],[-169.42004269981072,-14.231100762690005],[-169.42000278430103,-14.230691554071939],[-169.41991295282048,-14.230691554071939],[-169.41991295282048,-14.23060172259136],[-169.41991295282048,-14.230511890211517],[-169.41982312133996,-14.230511890211517],[-169.41982312133996,-14.230332227250415],[-169.4197332898594,-14.230332227250415],[-169.4197332898594,-14.230242395769892],[-169.41969012869646,-14.230105938038548],[-169.41942414340946,-14.229603344718555],[-169.41966591624902,-14.226352094973151],[-169.4194171251002,-14.225258457311895],[-169.4193308027743,-14.22462621502774],[-169.41923746213914,-14.22400081568503],[-169.41910446949564,-14.222427053365777],[-169.4190146380151,-14.222427053365777],[-169.4190146380151,-14.221888064482528],[-169.41905779917806,-14.221661775270661],[-169.41919333600362,-14.221536261389303],[-169.41901060275708,-14.220135198580522],[-169.41915113981324,-14.219599071340042],[-169.4192485157064,-14.218785247840856],[-169.42051650853003,-14.217371492000723],[-169.42143254447632,-14.217246301875264],[-169.42195697063767,-14.21668032523678],[-169.42224857221382,-14.216588005332142],[-169.4223184900063,-14.21634360017697],[-169.4230867952194,-14.215876907793017],[-169.42339646867205,-14.215490150749815],[-169.42364596129204,-14.215290414920673],[-169.42368587680176,-14.215240532224755],[-169.42380588593286,-14.215001215433688],[-169.42395537124335,-14.21497103778313],[-169.42395537124335,-14.214881206302607],[-169.4240452027239,-14.214881206302607],[-169.4240452027239,-14.214791374822028],[-169.4240452027239,-14.214701543341505],[-169.42413503420443,-14.214701543341505],[-169.42413503420443,-14.214611711860982],[-169.42422486568498,-14.214611711860982],[-169.42427100989917,-14.214369938122104],[-169.4244769906206,-14.213980686359548]]],[[[-169.6859040863045,-14.164845049159624],[-169.68597461833394,-14.164705542726551],[-169.68617358074613,-14.164665386198578],[-169.68617358074613,-14.164575553818736],[-169.68626341222665,-14.164575553818736],[-169.68644307608707,-14.164575553818736],[-169.6869820649703,-14.164575553818736],[-169.6869820649703,-14.164934880640203],[-169.68689223348974,-14.164934880640203],[-169.6868318781886,-14.165054187400756],[-169.68671257052867,-14.165114543601248],[-169.68671257052867,-14.165204375081771],[-169.68662273904815,-14.165204375081771],[-169.68662273904815,-14.16529420656235],[-169.6865329075676,-14.16529420656235],[-169.68638614180696,-14.165506769421825],[-169.68617358074613,-14.165653532484498],[-169.68617358074613,-14.16574336396502],[-169.68599391778505,-14.16574336396502],[-169.68599391778505,-14.165833195445543],[-169.6859040863045,-14.165833195445543],[-169.68547949208485,-14.166645360594885],[-169.68522701641365,-14.166862916490345],[-169.68506288114702,-14.167053451355628],[-169.68495296061062,-14.168249851849112],[-169.68496769780097,-14.168433643597723],[-169.68514385250677,-14.168749378480982],[-169.68524938704954,-14.169099844282357],[-169.68519473345017,-14.16978012385357],[-169.68483707397175,-14.169917187728004],[-169.684646445577,-14.16969595090734],[-169.68452713791706,-14.169635595606223],[-169.68446678261589,-14.169516287946294],[-169.6842871187555,-14.169516287946294],[-169.6842871187555,-14.169426456465771],[-169.683651982453,-14.169261295971978],[-169.68343907065656,-14.16899538982534],[-169.68325905695988,-14.168568089545658],[-169.68308553456973,-14.168272926654197],[-169.68298956251826,-14.167949560124043],[-169.68322896744286,-14.167111104194078],[-169.68373804127756,-14.166474572143727],[-169.68391788050576,-14.166047836638313],[-169.68420667439847,-14.165556567581461],[-169.684907781369,-14.1649950956471],[-169.68522508646853,-14.164861379948661],[-169.68561739772468,-14.164910171766962],[-169.6859040863045,-14.164845049159624]]],[[[-169.67917935534294,-14.16012483419371],[-169.6798472134781,-14.159581272257867],[-169.6801816254816,-14.159594523768192],[-169.68028786239492,-14.160040775461368],[-169.68056086599114,-14.160217012005432],[-169.68106722027596,-14.160629108346654],[-169.68119047595968,-14.161787860521315],[-169.68138715769115,-14.162727702421478],[-169.68087352159571,-14.162958587169044],[-169.68087352159571,-14.163048418649566],[-169.6807836901152,-14.163048418649566],[-169.6807189479211,-14.163429339092659],[-169.68040067784898,-14.163675048264793],[-169.68028382623757,-14.164075698934312],[-169.68020557532702,-14.164446588339331],[-169.6801548688521,-14.164485722338156],[-169.68029786285607,-14.165061403560856],[-169.6803345327125,-14.165384038042873],[-169.68045208489576,-14.165489042884985],[-169.68073623019285,-14.165880639180102],[-169.6810108129986,-14.166234910013031],[-169.68127521907607,-14.166723656471504],[-169.68082606167337,-14.167492550740576],[-169.68059279821904,-14.168000913211529],[-169.67990414775818,-14.168790414545924],[-169.67951341571154,-14.169139528666278],[-169.6791897065397,-14.16969558398398],[-169.67876563842344,-14.171235014684157],[-169.6785978186344,-14.172134015672214],[-169.67849044228007,-14.172433284868134],[-169.67839876808864,-14.173021789523943],[-169.6779514524975,-14.173421431154054],[-169.6778243378229,-14.173563758760395],[-169.67758712634478,-14.173775704685],[-169.67733272072846,-14.174060359897624],[-169.677190429095,-14.174187526732908],[-169.6770593663966,-14.174814132965821],[-169.67703357473965,-14.17546320696141],[-169.6774081648549,-14.176171079531628],[-169.67742650023277,-14.176632777080954],[-169.67722455476937,-14.177597966373014],[-169.67726201333122,-14.178542902932577],[-169.67703436434442,-14.179261790399266],[-169.6763263271982,-14.180162151162278],[-169.6761158723496,-14.180389328904369],[-169.6759759486311,-14.180518938298292],[-169.67513755025772,-14.182071301249493],[-169.67450662458103,-14.182752247218389],[-169.6737053340339,-14.183339990148397],[-169.67345724525563,-14.183569783118969],[-169.6733276736332,-14.183709668166614],[-169.6733276736332,-14.183799499647137],[-169.67314801067212,-14.183799499647137],[-169.67308765537098,-14.183918807307066],[-169.67296834771105,-14.183979162608239],[-169.6729079924099,-14.184098470268168],[-169.67278868474997,-14.184158825569284],[-169.67278868474997,-14.184248657049864],[-169.67269885326942,-14.184248657049864],[-169.67269885326942,-14.184338488530386],[-169.6726090217889,-14.184338488530386],[-169.67244971048572,-14.18454489732909],[-169.67207003200633,-14.184697815351853],[-169.6717617623954,-14.184895807395549],[-169.67115171537932,-14.185135617914398],[-169.66981827889043,-14.185455598497015],[-169.6687345985229,-14.185373486796948],[-169.66838694040496,-14.185236804235103],[-169.66788462047882,-14.185110281314394],[-169.6676316187042,-14.185004001233608],[-169.6673456315956,-14.184930618353292],[-169.66730896173917,-14.184877478312956],[-169.66721913025862,-14.184877478312956],[-169.6670785932025,-14.184838347012033],[-169.66665838497647,-14.184584851509669],[-169.66618027749777,-14.184389188710043],[-169.66614115159285,-14.184338488530386],[-169.6660513201123,-14.184338488530386],[-169.66596148863178,-14.184338488530386],[-169.66596148863178,-14.184248657049864],[-169.66493097078765,-14.183931719773],[-169.66470384790424,-14.18388933112766],[-169.66437399726215,-14.184016128341625],[-169.6635362131257,-14.183911926594078],[-169.66344620627737,-14.183799499647137],[-169.6632665433163,-14.183799499647137],[-169.6632665433163,-14.183709668166614],[-169.66317671183575,-14.183709668166614],[-169.66308688035522,-14.183709668166614],[-169.66308688035522,-14.183619836686091],[-169.66299704887467,-14.183619836686091],[-169.66299704887467,-14.183530005205512],[-169.6623871772264,-14.183248251205782],[-169.6615209691174,-14.183046705940683],[-169.6597810975196,-14.182268706935247],[-169.65935632793216,-14.181960481391059],[-169.6584631005916,-14.181146942077646],[-169.65818851868517,-14.18097233420582],[-169.65783173604575,-14.180723126670898],[-169.65677700575418,-14.180239020714168],[-169.65600273533795,-14.179677097320166],[-169.65514433514292,-14.178716441510517],[-169.65495458358714,-14.178546883331933],[-169.65473772466623,-14.178205853217491],[-169.6542258431481,-14.177748504789633],[-169.65397152476604,-14.177463849576952],[-169.65382914589833,-14.177336685439627],[-169.6536787828495,-14.177168399801758],[-169.65285968482655,-14.176496291470642],[-169.65244438869755,-14.176206208849408],[-169.65159739370472,-14.175713116866802],[-169.65124096270023,-14.175394594085219],[-169.65068258623234,-14.174625181806675],[-169.6502884322653,-14.174319746858771],[-169.6496545235374,-14.17387564454532],[-169.6487709468217,-14.173123957904295],[-169.64831713992405,-14.172877389879602],[-169.6474970760292,-14.17250100381824],[-169.6464205893387,-14.17189935107416],[-169.64632637096523,-14.171793879483914],[-169.6450204807106,-14.17124103474589],[-169.64409584724552,-14.170955525177305],[-169.6430135707197,-14.170479183067812],[-169.64238325838065,-14.170367159916452],[-169.64179680957508,-14.170324771271112],[-169.63968533001395,-14.170236957869292],[-169.63878920865503,-14.170551064080314],[-169.6382575879173,-14.170652557069786],[-169.63820354855488,-14.170594265712737],[-169.63784422263274,-14.170594265712737],[-169.6377543911522,-14.170594265712737],[-169.63766455967166,-14.170594265712737],[-169.63766455967166,-14.170504434232214],[-169.6375747281911,-14.170504434232214],[-169.6374848967106,-14.170504434232214],[-169.63739506523004,-14.170504434232214],[-169.63739506523004,-14.170414602751691],[-169.63716223974555,-14.170288079830982],[-169.63694590782737,-14.170145108310066],[-169.63685607634682,-14.170145108310066],[-169.63685607634682,-14.170055276829544],[-169.6367662448663,-14.170055276829544],[-169.6367662448663,-14.169965445348964],[-169.63631620972527,-14.169676421229838],[-169.63578695780183,-14.169468354081232],[-169.63505944583673,-14.169426456465771],[-169.63505944583673,-14.169516287946294],[-169.63461028843403,-14.169516287946294],[-169.63402138268063,-14.16947634006101],[-169.6336209127749,-14.169322410300936],[-169.63349239425855,-14.169017246948329],[-169.6331729838461,-14.168617972241577],[-169.63303490283846,-14.168576398382015],[-169.63268399816795,-14.168327588347495],[-169.6332701843715,-14.167618915380615],[-169.63353230976824,-14.167539994475135],[-169.63353230976824,-14.167450162994555],[-169.6336221412488,-14.167450162994555],[-169.63380180420987,-14.167450162994555],[-169.63380180420987,-14.167360331514033],[-169.63389163569042,-14.167360331514033],[-169.6340712986515,-14.167360331514033],[-169.63418139545502,-14.167200908694952],[-169.63461028843403,-14.167090837072408],[-169.63474679023216,-14.167047634540666],[-169.6351458562962,-14.16690774949302],[-169.63585503378275,-14.166772355659646],[-169.63676326181505,-14.16680835642046],[-169.63811836656933,-14.166680024063794],[-169.63900483910203,-14.166782704158436],[-169.6395043513447,-14.166957803060143],[-169.64005027130295,-14.167130614985865],[-169.6407333936312,-14.167370069373135],[-169.64268819420477,-14.16783569156388],[-169.64529980024557,-14.167942522929025],[-169.64648945402504,-14.16773537398825],[-169.6481198430563,-14.167579147359731],[-169.64920878715577,-14.167260348486252],[-169.65010797969947,-14.167137466021188],[-169.6510296301133,-14.16694462169687],[-169.65149861396984,-14.166963211582924],[-169.65172319267117,-14.166954310093274],[-169.65226218155442,-14.16697567168984],[-169.6538889750961,-14.166911190299174],[-169.65414688896772,-14.16677471278274],[-169.65537233486535,-14.166259034326913],[-169.65594702863243,-14.166149318835949],[-169.65661243161838,-14.165954504097044],[-169.65747416470091,-14.165789992913801],[-169.657919812949,-14.16569673501624],[-169.65873180632778,-14.165610329952699],[-169.6594435279964,-14.165423815956274],[-169.66061151261118,-14.165200838048179],[-169.661153748047,-14.164978082272626],[-169.66173388091386,-14.164752193259062],[-169.66280668308193,-14.164547380756972],[-169.6635757778998,-14.164345838189831],[-169.6644989193896,-14.164125958446164],[-169.66546917006613,-14.163993362403687],[-169.66592745109097,-14.163873263340406],[-169.66758810590633,-14.163674541047158],[-169.66852967000824,-14.163176317532987],[-169.6687124041541,-14.162409355907016],[-169.6691374363436,-14.16220873154765],[-169.6696784433055,-14.161768481030549],[-169.67004022617547,-14.16137797381441],[-169.67040946532452,-14.161035883399279],[-169.67126461896697,-14.16093355583888],[-169.6721131931693,-14.160756000888682],[-169.67309142712764,-14.160638949627753],[-169.67381999219884,-14.160486506447057],[-169.67464242490794,-14.160329499206966],[-169.6754800336766,-14.160215021805755],[-169.67632202843885,-14.160248395646875],[-169.67810962346033,-14.160115480345098],[-169.67876248090374,-14.160141356538304],[-169.67917935534294,-14.16012483419371]]],[[[-169.61020655518834,-14.169149637046075],[-169.61022655700998,-14.168168814838907],[-169.61021330999623,-14.167521171664703],[-169.61003777042674,-14.166492029783285],[-169.60986082701552,-14.16614850494949],[-169.6097523094215,-14.165924797691218],[-169.6099524130734,-14.165340021624672],[-169.61026076991857,-14.164199669579034],[-169.61011751331256,-14.161112495745044],[-169.6101321632687,-14.16039752482584],[-169.61003505087686,-14.160304239049367],[-169.61004408636546,-14.159860262640962],[-169.60994697397365,-14.159766976864432],[-169.60995250030763,-14.159499210020499],[-169.6098553879158,-14.15940592424397],[-169.6098644234044,-14.158961947835564],[-169.60976731101258,-14.158868662059035],[-169.60978617159452,-14.157945144652672],[-169.61013207603446,-14.157434847739978],[-169.61030998441822,-14.15716355465429],[-169.61059026892573,-14.156794186902175],[-169.6115211310953,-14.156183889874569],[-169.6119289691466,-14.155633690942011],[-169.6129127303382,-14.15539385614153],[-169.61336425655517,-14.155548385749341],[-169.61425178129466,-14.155798714738864],[-169.61516088616594,-14.156267037593636],[-169.61534230370432,-14.156355070430095],[-169.61553416147234,-14.15645388613791],[-169.61586716963416,-14.156800521726666],[-169.61633650422627,-14.15762833867683],[-169.61650835927333,-14.158333162545375],[-169.61670372529665,-14.159008417604355],[-169.61723946852663,-14.160048251525552],[-169.61803724991913,-14.161475467518756],[-169.61844061474255,-14.162239934425372],[-169.61853044622308,-14.162239934425372],[-169.61853044622308,-14.162329765905952],[-169.61866107005233,-14.162560817927385],[-169.6190595218794,-14.16305835615816],[-169.61915926658685,-14.163138250130089],[-169.6192490980674,-14.163138250130089],[-169.6192490980674,-14.163228081610612],[-169.61936419420218,-14.163272997350873],[-169.6192490980674,-14.163317913091191],[-169.6192490980674,-14.163407744571714],[-169.61942876102847,-14.163407744571714],[-169.61942876102847,-14.163497576052237],[-169.619518592509,-14.163497576052237],[-169.619518592509,-14.16358740753276],[-169.6196982554701,-14.16358740753276],[-169.6196982554701,-14.163677239013339],[-169.61978808695062,-14.163677239013339],[-169.61978808695062,-14.163856901974384],[-169.61987791843117,-14.163856901974384],[-169.61987791843117,-14.163946733454964],[-169.62037988762168,-14.164348343701079],[-169.62032707583384,-14.164485722338156],[-169.6204169082137,-14.164485722338156],[-169.62050673969426,-14.164485722338156],[-169.62050673969426,-14.164575553818736],[-169.6205965711748,-14.164575553818736],[-169.62068640265534,-14.164575553818736],[-169.62068640265534,-14.164665386198578],[-169.6208660656164,-14.164755217679101],[-169.62095589709693,-14.164755217679101],[-169.62095589709693,-14.164845049159624],[-169.62113556005804,-14.164845049159624],[-169.62122539153856,-14.164845049159624],[-169.62122539153856,-14.164934880640203],[-169.62140505449963,-14.164934880640203],[-169.62149488598018,-14.164934880640203],[-169.62149488598018,-14.165024712120726],[-169.62194404338288,-14.165024712120726],[-169.6220338748634,-14.165024712120726],[-169.6220338748634,-14.165204375081771],[-169.62239320078555,-14.165204375081771],[-169.62248303316542,-14.165204375081771],[-169.62248303316542,-14.16529420656235],[-169.62275252760705,-14.16529420656235],[-169.62284235908757,-14.16529420656235],[-169.62284235908757,-14.165384038042873],[-169.62302202204864,-14.165384038042873],[-169.62320168500972,-14.165384038042873],[-169.62320168500972,-14.165473869523396],[-169.62329151649027,-14.165473869523396],[-169.6235610109319,-14.165473869523396],[-169.6235610109319,-14.165563701003975],[-169.62392033685404,-14.165563701003975],[-169.62392033685404,-14.165653532484498],[-169.62409999981512,-14.165653532484498],[-169.62409999981512,-14.16574336396502],[-169.62418983129564,-14.16574336396502],[-169.62418983129564,-14.165833195445543],[-169.624346685651,-14.165856045420128],[-169.62470566083755,-14.166213276821225],[-169.6247288210782,-14.166372184328793],[-169.62481865255873,-14.166372184328793],[-169.62481865255873,-14.166462015809316],[-169.6252177186228,-14.166781591697031],[-169.62553730440305,-14.167180668552987],[-169.62562713588358,-14.167180668552987],[-169.62562713588358,-14.16727050003351],[-169.62580679884465,-14.16727050003351],[-169.6258966303252,-14.16727050003351],[-169.6258966303252,-14.167360331514033],[-169.62607629328627,-14.167360331514033],[-169.6265254515883,-14.167360331514033],[-169.6265254515883,-14.167450162994555],[-169.62738139483548,-14.167492550740576],[-169.628883616086,-14.167592073315461],[-169.62926276846196,-14.167856932651262],[-169.6294475197872,-14.167941709042566],[-169.62976850940916,-14.168116160432419],[-169.62993904874807,-14.168168814838907],[-169.63002888022862,-14.168168814838907],[-169.63002888022862,-14.16825864631943],[-169.63011871170914,-14.16825864631943],[-169.6302085431897,-14.16825864631943],[-169.6302085431897,-14.168348477799952],[-169.63029837467022,-14.168348477799952],[-169.63038820615077,-14.168348477799952],[-169.63038820615077,-14.168438309280475],[-169.63047803853064,-14.168438309280475],[-169.63047803853064,-14.168528140761055],[-169.63076402473993,-14.168601520943412],[-169.63119669037494,-14.168887467582522],[-169.63128652185546,-14.168887467582522],[-169.63128652185546,-14.168977299063044],[-169.63141188195277,-14.169067130543567],[-169.63128652185546,-14.169156962024147],[-169.63119669037494,-14.169336624985192],[-169.63119669037494,-14.169426456465771],[-169.63110685889438,-14.169426456465771],[-169.6309271959333,-14.16969595090734],[-169.6309271959333,-14.169785782387919],[-169.6308373644528,-14.169785782387919],[-169.6308373644528,-14.169875613868442],[-169.63074753297224,-14.169875613868442],[-169.63074753297224,-14.169965445348964],[-169.6306577014917,-14.169965445348964],[-169.6306577014917,-14.170055276829544],[-169.63056787001116,-14.170055276829544],[-169.63056787001116,-14.17023493979059],[-169.63038820615077,-14.17023493979059],[-169.63038820615077,-14.170324771271112],[-169.63029837467022,-14.170324771271112],[-169.63029837467022,-14.170414602751691],[-169.6302085431897,-14.170414602751691],[-169.6302085431897,-14.170504434232214],[-169.63011871170914,-14.170504434232214],[-169.63011871170914,-14.170594265712737],[-169.63002888022862,-14.170594265712737],[-169.63002888022862,-14.170684098092579],[-169.62993904874807,-14.170684098092579],[-169.62993904874807,-14.170773929573159],[-169.629759385787,-14.170773929573159],[-169.629759385787,-14.170863761053681],[-169.62966955430645,-14.170863761053681],[-169.62966955430645,-14.170953592534204],[-169.62957972282592,-14.170953592534204],[-169.62957972282592,-14.171043424014783],[-169.62948989134537,-14.171043424014783],[-169.62941935931596,-14.171182930447856],[-169.62922039690378,-14.171223086975829],[-169.62914986487434,-14.171362593408901],[-169.62895090246215,-14.17140274993693],[-169.62865991512297,-14.171740544290628],[-169.62822558304418,-14.17211472071773],[-169.6277239654886,-14.172696950803584],[-169.62711523418068,-14.173078200398606],[-169.6269027612534,-14.173261289776633],[-169.62657370021606,-14.173786626951255],[-169.62586540046783,-14.174396830449325],[-169.6255256365988,-14.175005846842339],[-169.62536281704035,-14.175546623577759],[-169.625226228008,-14.175852749204978],[-169.6251779784809,-14.1758943257625],[-169.6251779784809,-14.176073988723545],[-169.62508814700035,-14.176073988723545],[-169.62508814700035,-14.17634348316517],[-169.62490848403928,-14.17634348316517],[-169.62490848403928,-14.176702809986637],[-169.62481865255873,-14.176702809986637],[-169.62473548775253,-14.17751797707291],[-169.62463898959766,-14.177601124792034],[-169.62456328196987,-14.177840293194947],[-169.6235610109319,-14.178768934938375],[-169.62325537363657,-14.179123693203849],[-169.6228007762348,-14.17944601022515],[-169.62259426940997,-14.179538177245036],[-169.62244145031266,-14.179715504666774],[-169.62226933176422,-14.17986377229522],[-169.62186087947597,-14.180572248310568],[-169.62161015838208,-14.180788269063328],[-169.62140505449963,-14.181284217292728],[-169.62140505449963,-14.181553711734352],[-169.62140505449963,-14.181733374695455],[-169.6213152230191,-14.181733374695455],[-169.6213152230191,-14.1819130376565],[-169.62122539153856,-14.1819130376565],[-169.62122539153856,-14.18200286913708],[-169.62122539153856,-14.182092700617602],[-169.62113556005804,-14.182092700617602],[-169.62113556005804,-14.182182532098125],[-169.62104572857749,-14.182182532098125],[-169.62104572857749,-14.182272363578647],[-169.62095589709693,-14.182272363578647],[-169.62095589709693,-14.182362195059227],[-169.6208660656164,-14.182362195059227],[-169.62080570941592,-14.182481502719156],[-169.62068640265534,-14.182541858020272],[-169.62068640265534,-14.182631690400171],[-169.6205965711748,-14.182631690400171],[-169.62038023835728,-14.182774661921087],[-169.62023724435332,-14.182811353361217],[-169.62023724435332,-14.18290118484174],[-169.62014741287277,-14.18290118484174],[-169.62009837464026,-14.182956029996717],[-169.61929655798974,-14.18357744894007],[-169.61906943510633,-14.183709668166614],[-169.61822305345112,-14.184748296096927],[-169.61777494825523,-14.185178839331911],[-169.61729921049013,-14.186102402603751],[-169.6168194356684,-14.187393435158867],[-169.6165137102395,-14.187711661164201],[-169.61606253565748,-14.18814519284632],[-169.6158867325866,-14.188686939950287],[-169.61574742310506,-14.188831863000019],[-169.6153351109266,-14.189228017958612],[-169.6147189224403,-14.189869416240526],[-169.61439819542036,-14.190177537463342],[-169.61439819542036,-14.190267368943864],[-169.6142185324593,-14.190267368943864],[-169.61372779310315,-14.190495286827968],[-169.61323038617334,-14.190716527245911],[-169.61319047066365,-14.19076640994183],[-169.61300080724143,-14.190846306611718],[-169.6126015658096,-14.191165684648581],[-169.61242479776618,-14.191120319247261],[-169.61219284912067,-14.190784437751574],[-169.61215240750758,-14.190626695765332],[-169.61206257602703,-14.190626695765332],[-169.61206257602703,-14.19053686338549],[-169.61200292219706,-14.190506685734931],[-169.61188291306595,-14.190267368943864],[-169.61179308158543,-14.190267368943864],[-169.61179308158543,-14.190177537463342],[-169.61172702368316,-14.189974067649075],[-169.611387963084,-14.189414869200789],[-169.6112558472795,-14.18914267679304],[-169.6110726751638,-14.188786947259757],[-169.61088450281753,-14.188399192868417],[-169.61022374932654,-14.1861773377139],[-169.6100404899766,-14.185641945219572],[-169.60979494448108,-14.184885230468979],[-169.6089454925404,-14.18336571615481],[-169.60860309815442,-14.183036798109697],[-169.60860502809953,-14.182945233635564],[-169.60846756132887,-14.182813151106018],[-169.60832948032123,-14.182669472717919],[-169.60812604288253,-14.181835148273422],[-169.60775206700427,-14.181475827747192],[-169.60721693801125,-14.181124961747514],[-169.60655714949283,-14.180292730924748],[-169.60644898353374,-14.179590160757243],[-169.60689814093644,-14.17791643429598],[-169.60698621783965,-14.177555309729712],[-169.60726825782382,-14.176731222268074],[-169.60749301189296,-14.176515273461064],[-169.60860318538866,-14.17441120701153],[-169.60919033656475,-14.173340312305527],[-169.60949649996348,-14.172709210361745],[-169.6095930871512,-14.172616374246218],[-169.60969818282484,-14.172507010390177],[-169.60995065849607,-14.17135693487461],[-169.61020216919474,-14.170622094334135],[-169.61039981589875,-14.169903814809174],[-169.61020655518834,-14.169149637046075]]]]}}]}